amount,time_since_last_tx,velocity_1h,velocity_24h,vol_1h,amount_zscore,risk_rating_encoded,is_senior,age,annual_income,is_fraud
1201.1,0.0,1.0,1.0,1201.1,0.49117823253982035,2,0,28,112144.13,0
1524.9,14400.0,1.0,2.0,1524.9,1.0956277465809476,2,0,28,112144.13,0
408.92,115200.0,1.0,1.0,408.92,-0.987613663794645,2,0,28,112144.13,0
1584.93,414000.0,1.0,1.0,1584.93,1.207687982306361,2,0,28,112144.13,0
1575.12,345600.0,1.0,1.0,1575.12,1.189375290111353,2,0,28,112144.13,0
1173.58,309600.0,1.0,1.0,1173.58,0.43980562405800505,2,0,28,112144.13,0
434.43,162000.0,1.0,1.0,434.43,-0.9399931971387181,2,0,28,112144.13,0
180.24,406800.0,1.0,1.0,180.24,-1.4144991328215906,2,0,28,112144.13,0
1632.13,104400.0,1.0,1.0,1632.13,1.2957979794118002,2,0,28,112144.13,0
262.12,345600.0,1.0,1.0,262.12,-1.2616506886903753,2,0,28,112144.13,0
1081.13,396000.0,1.0,1.0,1081.13,0.2672257674394069,2,0,28,112144.13,0
753.77,14400.0,1.0,2.0,753.77,-0.34386933112916446,2,0,28,112144.13,0
697.08,208800.0,1.0,1.0,697.08,-0.44969466451703183,2,0,28,112144.13,0
1820.73,133200.0,1.0,1.0,1820.73,1.6478646203881946,2,0,28,112144.13,0
1565.76,115200.0,1.0,1.0,1565.76,1.1719026296684103,2,0,28,112144.13,0
1558.19,234000.0,1.0,1.0,1558.19,1.1577714288614576,2,0,28,112144.13,0
177.33,205200.0,1.0,1.0,177.33,-1.4199313381516079,2,0,28,112144.13,0
390.83,169200.0,1.0,1.0,390.83,-1.0213829402276409,2,0,28,112144.13,0
1074.85,309600.0,1.0,1.0,1074.85,0.25550265765503877,2,0,28,112144.13,0
815.36,18000.0,1.0,2.0,815.36,-0.2288969853299272,2,0,28,112144.13,0
987.11,194400.0,1.0,1.0,987.11,0.09171513337471629,2,0,28,112144.13,0
706.97,421200.0,1.0,1.0,706.97,-0.43123263334387946,2,0,28,112144.13,0
654.29,370800.0,1.0,1.0,654.29,-0.5295723504522384,2,0,28,112144.13,0
39.13,424800.0,1.0,1.0,39.13,-1.677914422896771,2,0,28,112144.13,0
698.71,385200.0,1.0,1.0,698.71,-0.4466518828373313,2,0,28,112144.13,0
895.5,266400.0,1.0,1.0,895.5,-0.0792966639733617,2,0,28,112144.13,0
764.89,360000.0,1.0,1.0,764.89,-0.32311121316703556,2,0,28,112144.13,0
851.9,90000.0,1.0,1.0,851.9,-0.16068640706228435,2,0,28,112144.13,0
1166.05,266400.0,1.0,1.0,1166.05,0.4257490927401246,2,0,28,112144.13,0
1936.37,208800.0,1.0,1.0,1936.37,1.8637341132965202,2,0,28,112144.13,0
79.64,122400.0,1.0,1.0,79.64,-1.6022928978386917,2,0,28,112144.13,0
1322.26,266400.0,1.0,1.0,1322.26,0.7173521149401384,2,0,28,112144.13,0
1883.45,0.0,1.0,1.0,1883.45,1.4443587127851987,0,0,49,91955.12,0
50.63,324000.0,1.0,1.0,50.63,-1.5680344212806785,0,0,49,91955.12,0
480.31,79200.0,1.0,2.0,480.31,-0.8618193636943218,0,0,49,91955.12,0
1999.66,108000.0,1.0,1.0,1999.66,1.6353595781783066,0,0,49,91955.12,0
732.13,241200.0,1.0,1.0,732.13,-0.44793210852443655,0,0,49,91955.12,0
1240.93,194400.0,1.0,1.0,1240.93,0.38832329386789793,0,0,49,91955.12,0
293.7,36000.0,1.0,2.0,293.7,-1.1685285237580672,0,0,49,91955.12,0
1556.67,165600.0,1.0,1.0,1556.67,0.9072684211307824,0,0,49,91955.12,0
292.41,21600.0,1.0,2.0,292.41,-1.170648746771208,0,0,49,91955.12,0
1611.02,399600.0,1.0,1.0,1611.02,0.9965971969169918,0,0,49,91955.12,0
75.15,136800.0,1.0,1.0,75.15,-1.5277337481936895,0,0,49,91955.12,0
607.43,428400.0,1.0,1.0,607.43,-0.6528869997947278,0,0,49,91955.12,0
1930.06,352800.0,1.0,1.0,1930.06,1.5209661504925625,0,0,49,91955.12,0
1533.24,280800.0,1.0,1.0,1533.24,0.8687592543107109,0,0,49,91955.12,0
561.21,126000.0,1.0,1.0,561.21,-0.7288534398469557,0,0,49,91955.12,0
1674.34,360000.0,1.0,1.0,1674.34,1.1006689187713208,0,0,49,91955.12,0
1106.16,399600.0,1.0,1.0,1106.16,0.16681751442525858,0,0,49,91955.12,0
443.46,180000.0,1.0,1.0,443.46,-0.9223854241859838,0,0,49,91955.12,0
1106.91,230400.0,1.0,1.0,1106.91,0.16805020222359635,0,0,49,91955.12,0
789.13,385200.0,1.0,1.0,789.13,-0.354247835850767,0,0,49,91955.12,0
1698.84,378000.0,1.0,1.0,1698.84,1.1409367201836875,0,0,49,91955.12,0
884.7,396000.0,1.0,1.0,884.7,-0.19717053866791437,0,0,49,91955.12,0
112.26,417600.0,1.0,1.0,112.26,-1.4667403559319372,0,0,49,91955.12,0
956.14,46800.0,1.0,2.0,956.14,-0.07975291691691531,0,0,49,91955.12,0
1537.88,378000.0,1.0,1.0,1537.88,0.8763854828230939,0,0,49,91955.12,0
1079.2,378000.0,1.0,1.0,1079.2,0.12250649703434395,0,0,49,91955.12,0
314.04,370800.0,1.0,1.0,314.04,-1.135098030667147,0,0,49,91955.12,0
983.42,208800.0,1.0,1.0,983.42,-0.03491595273204334,0,0,49,91955.12,0
1600.77,406800.0,1.0,1.0,1600.77,0.9797504636730424,0,0,49,91955.12,0
1125.47,0.0,1.0,1.0,1125.47,0.34914954550166566,0,0,38,186602.32,0
1388.0,129600.0,1.0,1.0,1388.0,0.8100223812497935,0,0,38,186602.32,0
610.17,216000.0,1.0,1.0,610.17,-0.5554623931758581,0,0,38,186602.32,0
505.71,216000.0,1.0,1.0,505.71,-0.7388424884878203,0,0,38,186602.32,0
261.4,61200.0,1.0,2.0,261.4,-1.167730015633766,0,0,38,186602.32,0
276.72,129600.0,1.0,1.0,276.72,-1.1408356727256743,0,0,38,186602.32,0
201.04,136800.0,1.0,1.0,201.04,-1.273692322287318,0,0,38,186602.32,0
458.96,345600.0,1.0,1.0,458.96,-0.8209123664873822,0,0,38,186602.32,0
128.42,169200.0,1.0,1.0,128.42,-1.4011771252889904,0,0,38,186602.32,0
234.37,255600.0,1.0,1.0,234.37,-1.2151813269135128,0,0,38,186602.32,0
438.0,205200.0,1.0,1.0,438.0,-0.8577077599177739,0,0,38,186602.32,0
1636.5,82800.0,1.0,2.0,1636.5,1.2462654760709941,0,0,38,186602.32,0
1363.8,331200.0,1.0,1.0,1363.8,0.7675391502853144,0,0,38,186602.32,0
305.48,151200.0,1.0,1.0,305.48,-1.0903473370835908,0,0,38,186602.32,0
1143.76,97200.0,1.0,1.0,1143.76,0.38125773948267067,0,0,38,186602.32,0
1121.1,61200.0,1.0,2.0,1121.1,0.34147798685229463,0,0,38,186602.32,0
755.12,50400.0,1.0,2.0,755.12,-0.3010018837419224,0,0,38,186602.32,0
1902.63,219600.0,1.0,1.0,1902.63,1.7134581313014414,0,0,38,186602.32,0
1570.97,82800.0,1.0,2.0,1570.97,1.131227206438667,0,0,38,186602.32,0
1231.12,237600.0,1.0,1.0,1231.12,0.5346186922536165,0,0,38,186602.32,0
1762.21,32400.0,1.0,2.0,1762.21,1.466950061382757,0,0,38,186602.32,0
1628.98,180000.0,1.0,1.0,1628.98,1.233064075374594,0,0,38,186602.32,0
913.75,432000.0,1.0,1.0,913.75,-0.02252606027517373,0,0,38,186602.32,0
1274.28,259200.0,1.0,1.0,1274.28,0.6103863058249769,0,0,38,186602.32,0
1645.55,0.0,1.0,1.0,1645.55,0.964486796589476,2,0,34,14710.7,0
1695.14,100800.0,1.0,1.0,1695.14,1.0501733482641216,2,0,34,14710.7,0
1580.02,363600.0,1.0,1.0,1580.02,0.8512575219123333,2,0,34,14710.7,0
944.11,252000.0,1.0,1.0,944.11,-0.24753124750536648,2,0,34,14710.7,0
189.83,172800.0,1.0,1.0,189.83,-1.5508515176636948,2,0,34,14710.7,0
1130.35,324000.0,1.0,1.0,1130.35,0.07427281347236982,2,0,34,14710.7,0
543.4,122400.0,1.0,1.0,543.4,-0.9399179811522136,2,0,34,14710.7,0
67.6,277200.0,1.0,1.0,67.6,-1.762052711678454,2,0,34,14710.7,0
362.02,165600.0,1.0,1.0,362.02,-1.2533244490438686,2,0,34,14710.7,0
659.28,111600.0,1.0,1.0,659.28,-0.7396889509433427,2,0,34,14710.7,0
480.87,136800.0,1.0,1.0,480.87,-1.0479635563935035,2,0,34,14710.7,0
772.6,82800.0,1.0,2.0,772.6,-0.5438833442530662,2,0,34,14710.7,0
654.97,129600.0,1.0,1.0,654.97,-0.747136199132851,2,0,34,14710.7,0
1704.34,370800.0,1.0,1.0,1704.34,1.0660700265340697,2,0,34,14710.7,0
1600.96,97200.0,1.0,1.0,1600.96,0.8874397439745852,2,0,34,14710.7,0
1912.87,212400.0,1.0,1.0,1912.87,1.4263889743201916,2,0,34,14710.7,0
901.47,345600.0,1.0,1.0,901.47,-0.321208895486953,2,0,34,14710.7,0
918.71,230400.0,1.0,1.0,918.71,-0.29141990272891943,2,0,34,14710.7,0
690.86,111600.0,1.0,1.0,690.86,-0.6851218748819331,2,0,34,14710.7,0
1129.67,313200.0,1.0,1.0,1129.67,0.07309784160024349,2,0,34,14710.7,0
1839.69,428400.0,1.0,1.0,1839.69,1.2999412660816247,2,0,34,14710.7,0
731.09,374400.0,1.0,1.0,731.09,-0.6156084654471482,2,0,34,14710.7,0
1300.59,43200.0,1.0,2.0,1300.59,0.36843047745889185,2,0,34,14710.7,0
1738.28,288000.0,1.0,1.0,1738.28,1.1247149461516834,2,0,34,14710.7,0
584.09,50400.0,1.0,2.0,584.09,-0.8696097378039311,2,0,34,14710.7,0
1941.31,270000.0,1.0,1.0,1941.31,1.4755304449720754,2,0,34,14710.7,0
431.49,295200.0,1.0,1.0,431.49,-1.1332872491076393,2,0,34,14710.7,0
1248.88,291600.0,1.0,1.0,1248.88,0.2790807781829109,2,0,34,14710.7,0
1468.0,126000.0,1.0,1.0,1468.0,0.6576981849775929,2,0,34,14710.7,0
372.82,223200.0,1.0,1.0,372.82,-1.2346631310747989,2,0,34,14710.7,0
1838.54,201600.0,1.0,1.0,1838.54,1.297954181297881,2,0,34,14710.7,0
1831.79,3600.0,1.0,2.0,1831.79,1.2862908575672125,2,0,34,14710.7,0
1212.61,241200.0,1.0,1.0,1212.61,0.21640985200345123,2,0,34,14710.7,0
1943.1,259200.0,1.0,1.0,1943.1,1.4786233856354676,2,0,34,14710.7,0
552.69,320400.0,1.0,1.0,552.69,-0.9238657918991895,2,0,34,14710.7,0
525.57,140400.0,1.0,1.0,525.57,-0.9707264347992981,2,0,34,14710.7,0
1977.59,0.0,1.0,1.0,1977.59,1.4573316477334153,0,0,51,24775.59,0
1528.01,68400.0,1.0,2.0,1528.01,0.6751435348642898,0,0,51,24775.59,0
1213.76,349200.0,1.0,1.0,1213.76,0.12840521361084734,0,0,51,24775.59,0
704.46,104400.0,1.0,1.0,704.46,-0.7576849280419076,0,0,51,24775.59,0
445.43,118800.0,1.0,1.0,445.43,-1.2083504088828916,0,0,51,24775.59,0
135.64,262800.0,1.0,1.0,135.64,-1.7473291345506847,0,0,51,24775.59,0
371.08,100800.0,1.0,1.0,371.08,-1.3377059989710174,0,0,51,24775.59,0
1771.63,68400.0,1.0,2.0,1771.63,1.0989983950831084,0,0,51,24775.59,0
1168.85,68400.0,1.0,2.0,1168.85,0.05026991366656047,0,0,51,24775.59,0
1852.34,180000.0,1.0,1.0,1852.34,1.2394192380691553,0,0,51,24775.59,0
1523.12,360000.0,1.0,1.0,1523.12,0.6666358168342839,0,0,51,24775.59,0
1788.66,201600.0,1.0,1.0,1788.66,1.1286275235188956,0,0,51,24775.59,0
549.0,255600.0,1.0,1.0,549.0,-1.0281572889712955,0,0,51,24775.59,0
345.52,385200.0,1.0,1.0,345.52,-1.3821757889192685,0,0,51,24775.59,0
1482.94,118800.0,1.0,1.0,1482.94,0.5967298637779171,0,0,51,24775.59,0
1562.2,100800.0,1.0,1.0,1562.2,0.7346279682888093,0,0,51,24775.59,0
1282.15,248400.0,1.0,1.0,1282.15,0.24739147865626657,0,0,51,24775.59,0
1222.71,212400.0,1.0,1.0,1222.71,0.14397659937128754,0,0,51,24775.59,0
1938.12,97200.0,1.0,1.0,1938.12,1.3886609666200551,0,0,51,24775.59,0
684.23,144000.0,1.0,1.0,684.23,-0.7928814793194164,0,0,51,24775.59,0
1320.57,151200.0,1.0,1.0,1320.57,0.31423534914968637,0,0,51,24775.59,0
1535.78,291600.0,1.0,1.0,1535.78,0.6886619334518451,0,0,51,24775.59,0
1209.18,417600.0,1.0,1.0,1209.18,0.12043683966863342,0,0,51,24775.59,0
1720.06,14400.0,1.0,2.0,1720.06,1.0092758963494883,0,0,51,24775.59,0
1278.25,363600.0,1.0,1.0,1278.25,0.24060618206791817,0,0,51,24775.59,0
566.16,61200.0,1.0,2.0,566.16,-0.9983019839825635,0,0,51,24775.59,0
96.46,219600.0,1.0,1.0,96.46,-1.8154952679690135,0,0,51,24775.59,0
1459.66,288000.0,1.0,1.0,1459.66,0.5562268626043925,0,0,51,24775.59,0
1418.8,126000.0,1.0,1.0,1418.8,0.48513783219415946,0,0,51,24775.59,0
67.75,367200.0,1.0,1.0,67.75,-1.8654454897770847,0,0,51,24775.59,0
820.22,374400.0,1.0,1.0,820.22,-0.5562834067426283,0,0,51,24775.59,0
1438.27,82800.0,1.0,2.0,1438.27,0.5190121205467594,0,0,51,24775.59,0
1007.4,0.0,1.0,1.0,1007.4,0.05529175109160771,2,0,46,132323.42,0
573.09,104400.0,1.0,1.0,573.09,-0.7116928982704744,2,0,46,132323.42,0
785.53,345600.0,1.0,1.0,785.53,-0.33652718965109957,2,0,46,132323.42,0
1559.2,57600.0,1.0,2.0,1559.2,1.0297618980327259,2,0,46,132323.42,0
22.08,205200.0,1.0,1.0,22.08,-1.684767917599988,2,0,46,132323.42,0
1101.2,388800.0,1.0,1.0,1101.2,0.22094108016568698,2,0,46,132323.42,0
189.59,266400.0,1.0,1.0,189.59,-1.388947884410233,2,0,46,132323.42,0
1674.71,205200.0,1.0,1.0,1674.71,1.2337507466611575,2,0,46,132323.42,0
315.01,50400.0,1.0,2.0,315.01,-1.1674581311855956,2,0,46,132323.42,0
1983.57,75600.0,1.0,2.0,1983.57,1.7791926632690473,2,0,46,132323.42,0
1806.12,187200.0,1.0,1.0,1806.12,1.465818745953532,2,0,46,132323.42,0
1490.86,403200.0,1.0,1.0,1490.86,0.9090745297073252,2,0,46,132323.42,0
1256.47,363600.0,1.0,1.0,1256.47,0.4951454652971611,2,0,46,132323.42,0
385.81,147600.0,1.0,1.0,385.81,-1.0424264414367168,2,0,46,132323.42,0
799.88,327600.0,1.0,1.0,799.88,-0.3111853146808113,2,0,46,132323.42,0
946.18,244800.0,1.0,1.0,946.18,-0.05282180888616554,2,0,46,132323.42,0
1175.88,356400.0,1.0,1.0,1175.88,0.35282478907029513,2,0,46,132323.42,0
1157.34,108000.0,1.0,1.0,1157.34,0.3200834398055461,2,0,46,132323.42,0
1106.96,18000.0,1.0,2.0,1106.96,0.231113149840172,2,0,46,132323.42,0
1206.3,392400.0,1.0,1.0,1206.3,0.4065460320386689,2,0,46,132323.42,0
773.78,93600.0,1.0,1.0,773.78,-0.35727750539332165,2,0,46,132323.42,0
1904.06,97200.0,1.0,1.0,1904.06,1.6387792501061473,2,0,46,132323.42,0
1664.28,367200.0,1.0,1.0,1664.28,1.2153315302193382,2,0,46,132323.42,0
1288.56,399600.0,1.0,1.0,1288.56,0.5518159020774083,2,0,46,132323.42,0
770.17,288000.0,1.0,1.0,770.17,-0.36365270878305966,2,0,46,132323.42,0
57.79,180000.0,1.0,1.0,57.79,-1.6217046175868177,2,0,46,132323.42,0
688.17,108000.0,1.0,1.0,688.17,-0.5084634228989924,2,0,46,132323.42,0
487.72,327600.0,1.0,1.0,487.72,-0.8624549795397084,2,0,46,132323.42,0
128.92,403200.0,1.0,1.0,128.92,-1.4960901530128385,2,0,46,132323.42,0
1531.83,0.0,1.0,1.0,1531.83,0.9616134774943198,1,0,57,93593.96,0
65.58,147600.0,1.0,1.0,65.58,-1.7396176385389155,1,0,57,93593.96,0
944.26,327600.0,1.0,1.0,944.26,-0.12085019981012897,1,0,57,93593.96,0
610.58,334800.0,1.0,1.0,610.58,-0.7355794743526489,1,0,57,93593.96,0
1813.55,122400.0,1.0,1.0,1813.55,1.4806183061448794,1,0,57,93593.96,0
811.35,230400.0,1.0,1.0,811.35,-0.3657065528413155,1,0,57,93593.96,0
1776.98,115200.0,1.0,1.0,1776.98,1.4132464241920506,1,0,57,93593.96,0
948.59,57600.0,1.0,2.0,948.59,-0.11287316265246554,1,0,57,93593.96,0
891.59,162000.0,1.0,1.0,891.59,-0.21788265872332277,1,0,57,93593.96,0
1297.63,205200.0,1.0,1.0,1297.63,0.5301534076733593,1,0,57,93593.96,0
971.22,36000.0,1.0,2.0,971.22,-0.07118255044047432,1,0,57,93593.96,0
1229.99,417600.0,1.0,1.0,1229.99,0.40554213900260855,1,0,57,93593.96,0
1885.47,302400.0,1.0,1.0,1885.47,1.613114498380249,1,0,57,93593.96,0
1113.52,334800.0,1.0,1.0,1113.52,0.19097273536449022,1,0,57,93593.96,0
873.82,320400.0,1.0,1.0,873.82,-0.2506198296913777,1,0,57,93593.96,0
927.72,122400.0,1.0,1.0,927.72,-0.15132137638928642,1,0,57,93593.96,0
1687.23,133200.0,1.0,1.0,1687.23,1.2479025246769728,1,0,57,93593.96,0
1459.12,403200.0,1.0,1.0,1459.12,0.8276618904888455,1,0,57,93593.96,0
827.21,140400.0,1.0,1.0,827.21,-0.33648812112756465,1,0,57,93593.96,0
350.21,93600.0,1.0,1.0,350.21,-1.2152517987731597,1,0,57,93593.96,0
392.75,79200.0,1.0,2.0,392.75,-1.136881553810804,1,0,57,93593.96,0
403.88,345600.0,1.0,1.0,403.88,-1.1163770679990734,1,0,57,93593.96,0
120.17,219600.0,1.0,1.0,120.17,-1.6390480176528086,1,0,57,93593.96,0
660.77,108000.0,1.0,1.0,660.77,-0.6431158496544679,1,0,57,93593.96,0
1968.91,324000.0,1.0,1.0,1968.91,1.766833662453097,1,0,57,93593.96,0
692.39,18000.0,1.0,2.0,692.39,-0.5848632134130555,1,0,57,93593.96,0
1954.28,0.0,1.0,1.0,1954.28,1.3761424762166197,1,0,57,30037.67,0
1837.18,97200.0,1.0,1.0,1837.18,1.1754906143712054,1,0,57,30037.67,0
1691.82,252000.0,1.0,1.0,1691.82,0.926414998334916,1,0,57,30037.67,0
1949.22,187200.0,1.0,1.0,1949.22,1.3674721224938375,1,0,57,30037.67,0
722.1,216000.0,1.0,1.0,722.1,-0.7352086008857107,1,0,57,30037.67,0
712.69,248400.0,1.0,1.0,712.69,-0.7513327171962602,1,0,57,30037.67,0
76.75,126000.0,1.0,1.0,76.75,-1.8410214022686167,1,0,57,30037.67,0
1958.06,241200.0,1.0,1.0,1958.06,1.3826195388790934,1,0,57,30037.67,0
988.14,108000.0,1.0,1.0,988.14,-0.27934676206970654,1,0,57,30037.67,0
917.73,187200.0,1.0,1.0,917.73,-0.39999490547308514,1,0,57,30037.67,0
1550.82,208800.0,1.0,1.0,1550.82,0.6848102799728029,1,0,57,30037.67,0
502.62,180000.0,1.0,1.0,502.62,-1.1112894773829916,1,0,57,30037.67,0
750.93,36000.0,1.0,2.0,750.93,-0.6858081467695425,1,0,57,30037.67,0
511.11,244800.0,1.0,1.0,511.11,-1.0967417890220388,1,0,57,30037.67,0
1460.32,381600.0,1.0,1.0,1460.32,0.5297377479744252,1,0,57,30037.67,0
468.18,370800.0,1.0,1.0,468.18,-1.1703027149744183,1,0,57,30037.67,0
1665.11,417600.0,1.0,1.0,1665.11,0.8806471825373837,1,0,57,30037.67,0
1400.55,50400.0,1.0,2.0,1400.55,0.4273213365098614,1,0,57,30037.67,0
1729.87,118800.0,1.0,1.0,1729.87,0.9916140021198692,1,0,57,30037.67,0
1609.62,140400.0,1.0,1.0,1609.62,0.7855645880557266,1,0,57,30037.67,0
1244.49,406800.0,1.0,1.0,1244.49,0.1599111780163056,1,0,57,30037.67,0
1983.41,176400.0,1.0,1.0,1983.41,1.426056982925048,1,0,57,30037.67,0
1372.82,324000.0,1.0,1.0,1372.82,0.3798057418986458,1,0,57,30037.67,0
696.71,345600.0,1.0,1.0,696.71,-0.7787145852772996,1,0,57,30037.67,0
138.97,54000.0,1.0,2.0,138.97,-1.7344068946339308,1,0,57,30037.67,0
56.21,417600.0,1.0,1.0,56.21,-1.8762168697520052,1,0,57,30037.67,0
1058.74,187200.0,1.0,1.0,1058.74,-0.15837305202456334,1,0,57,30037.67,0
1245.43,342000.0,1.0,1.0,1245.43,0.1615218761387198,1,0,57,30037.67,0
1085.47,334800.0,1.0,1.0,1085.47,-0.11257096605421377,1,0,57,30037.67,0
1148.43,115200.0,1.0,1.0,1148.43,-0.004688462025287141,1,0,57,30037.67,0
1376.19,259200.0,1.0,1.0,1376.19,0.3855802660183646,1,0,57,30037.67,0
1579.48,370800.0,1.0,1.0,1579.48,0.733919437620024,1,0,57,30037.67,0
1451.43,298800.0,1.0,1.0,1451.43,0.5145046561571263,1,0,57,30037.67,0
244.77,158400.0,1.0,1.0,244.77,-1.5531176804303028,1,0,57,30037.67,0
1799.7,0.0,1.0,1.0,1799.7,1.1883932183404788,2,1,62,15921.1,0
689.33,432000.0,1.0,1.0,689.33,-0.9624431933556696,2,1,62,15921.1,0
1514.62,345600.0,1.0,1.0,1514.62,0.6361804926307258,2,1,62,15921.1,0
1004.64,208800.0,1.0,1.0,1004.64,-0.3516736039648248,2,1,62,15921.1,0
666.97,144000.0,1.0,1.0,666.97,-1.0057555146229282,2,1,62,15921.1,0
488.85,126000.0,1.0,1.0,488.85,-1.350781930728657,2,1,62,15921.1,0
971.37,349200.0,1.0,1.0,971.37,-0.4161190837752761,2,1,62,15921.1,0
1910.32,363600.0,1.0,1.0,1910.32,1.402669111837086,2,1,62,15921.1,0
1124.48,352800.0,1.0,1.0,1124.48,-0.11953815760220107,2,1,62,15921.1,0
429.62,54000.0,1.0,2.0,429.62,-1.4655130930121867,2,1,62,15921.1,0
1678.9,349200.0,1.0,1.0,1678.9,0.9543982089896366,2,1,62,15921.1,0
1314.79,356400.0,1.0,1.0,1314.79,0.24910083436434513,2,1,62,15921.1,0
711.29,108000.0,1.0,1.0,711.29,-0.9199056900001691,2,1,62,15921.1,0
1088.39,284400.0,1.0,1.0,1088.39,-0.18944610369054443,2,1,62,15921.1,0
394.37,248400.0,1.0,1.0,394.37,-1.533793921485839,2,1,62,15921.1,0
1664.03,183600.0,1.0,1.0,1664.03,0.9255943531200418,2,1,62,15921.1,0
1541.43,64800.0,1.0,2.0,1541.43,0.6881126631662898,2,1,62,15921.1,0
1627.98,277200.0,1.0,1.0,1627.98,0.8557638888228741,2,1,62,15921.1,0
948.84,144000.0,1.0,1.0,948.84,-0.45976070265503166,2,1,62,15921.1,0
1857.34,172800.0,1.0,1.0,1857.34,1.3000444794247712,2,1,62,15921.1,0
1108.29,212400.0,1.0,1.0,1108.29,-0.15089891258059634,2,1,62,15921.1,0
722.36,43200.0,1.0,2.0,722.36,-0.8984626042922731,2,1,62,15921.1,0
1665.43,378000.0,1.0,1.0,1665.43,0.9283062158111941,2,1,62,15921.1,0
1804.24,378000.0,1.0,1.0,1804.24,1.1971874016389292,2,1,62,15921.1,0
1920.14,216000.0,1.0,1.0,1920.14,1.4216908915707391,2,1,62,15921.1,0
1592.02,414000.0,1.0,1.0,1592.02,0.7861077585558518,2,1,62,15921.1,0
1448.07,111600.0,1.0,1.0,1448.07,0.5072701625620293,2,1,62,15921.1,0
154.49,392400.0,1.0,1.0,154.49,-1.998452223166965,2,1,62,15921.1,0
571.89,205200.0,1.0,1.0,571.89,-1.189929732247747,2,1,62,15921.1,0
1407.12,194400.0,1.0,1.0,1407.12,0.427948178845829,2,1,62,15921.1,0
950.63,147600.0,1.0,1.0,950.63,-0.45629339249991574,2,1,62,15921.1,0
1025.33,0.0,1.0,1.0,1025.33,0.27749607742660815,0,0,39,172086.14,0
1244.48,223200.0,1.0,1.0,1244.48,0.7425260813879925,0,0,39,172086.14,0
679.34,100800.0,1.0,1.0,679.34,-0.4566847625031169,0,0,39,172086.14,0
593.12,183600.0,1.0,1.0,593.12,-0.6396411254579448,0,0,39,172086.14,0
1404.79,115200.0,1.0,1.0,1404.79,1.0826992957847503,0,0,39,172086.14,0
1183.75,57600.0,1.0,2.0,1183.75,0.6136587661218512,0,0,39,172086.14,0
1443.3,194400.0,1.0,1.0,1443.3,1.164416409417207,0,0,39,172086.14,0
1606.55,190800.0,1.0,1.0,1606.55,1.510828219349655,0,0,39,172086.14,0
937.67,212400.0,1.0,1.0,937.67,0.09148407584205458,0,0,39,172086.14,0
947.51,270000.0,1.0,1.0,947.51,0.11236427314518045,0,0,39,172086.14,0
305.07,356400.0,1.0,1.0,305.07,-1.2508749499666225,0,0,39,172086.14,0
1103.5,259200.0,1.0,1.0,1103.5,0.44337057165276117,0,0,39,172086.14,0
783.13,3600.0,1.0,2.0,783.13,-0.23644536432309388,0,0,39,172086.14,0
1364.52,28800.0,1.0,3.0,1364.52,0.997247512715962,0,0,39,172086.14,0
1299.51,316800.0,1.0,1.0,1299.51,0.8592981604114693,0,0,39,172086.14,0
363.28,169200.0,1.0,1.0,363.28,-1.1273550023025012,0,0,39,172086.14,0
1024.49,140400.0,1.0,1.0,1024.49,0.2757136215592683,0,0,39,172086.14,0
1148.65,118800.0,1.0,1.0,1148.65,0.5391775745222868,0,0,39,172086.14,0
215.1,363600.0,1.0,1.0,215.1,-1.4417887051863612,0,0,39,172086.14,0
985.18,360000.0,1.0,1.0,985.18,0.19229893091029712,0,0,39,172086.14,0
818.39,410400.0,1.0,1.0,818.39,-0.16162465732022643,0,0,39,172086.14,0
1142.83,129600.0,1.0,1.0,1142.83,0.5268277017271449,0,0,39,172086.14,0
1208.36,151200.0,1.0,1.0,1208.36,0.6658804790923719,0,0,39,172086.14,0
219.95,43200.0,1.0,2.0,219.95,-1.4314971445237432,0,0,39,172086.14,0
137.03,75600.0,1.0,2.0,137.03,-1.6074510022854498,0,0,39,172086.14,0
512.22,165600.0,1.0,1.0,512.22,-0.8113086012529527,0,0,39,172086.14,0
1970.09,280800.0,1.0,1.0,1970.09,2.282249655079162,0,0,39,172086.14,0
1122.73,388800.0,1.0,1.0,1122.73,0.4841760791872235,0,0,39,172086.14,0
248.08,54000.0,1.0,2.0,248.08,-1.3718060926805593,0,0,39,172086.14,0
1456.36,378000.0,1.0,1.0,1456.36,1.1921293542118028,0,0,39,172086.14,0
301.69,280800.0,1.0,1.0,301.69,-1.2580472128613953,0,0,39,172086.14,0
793.58,352800.0,1.0,1.0,793.58,-0.21427076454487584,0,0,39,172086.14,0
340.41,64800.0,1.0,2.0,340.41,-1.1758844852621033,0,0,39,172086.14,0
1094.98,432000.0,1.0,1.0,1094.98,0.42529137642688397,0,0,39,172086.14,0
70.33,79200.0,1.0,2.0,70.33,-1.7489864860373288,0,0,39,172086.14,0
1108.76,237600.0,1.0,1.0,1108.76,0.4545321405363426,0,0,39,172086.14,0
752.09,0.0,1.0,1.0,752.09,-0.4170805173374201,2,0,39,121822.76,0
1349.47,108000.0,1.0,1.0,1349.47,0.66072761826494,2,0,39,121822.76,0
1523.38,291600.0,1.0,1.0,1523.38,0.9745004477245913,2,0,39,121822.76,0
1051.86,432000.0,1.0,1.0,1051.86,0.12377211383456316,2,0,39,121822.76,0
1651.34,345600.0,1.0,1.0,1651.34,1.20536912265793,2,0,39,121822.76,0
794.73,14400.0,1.0,2.0,794.73,-0.3401483486975516,2,0,39,121822.76,0
1304.76,295200.0,1.0,1.0,1304.76,0.5800607031643649,2,0,39,121822.76,0
139.39,255600.0,1.0,1.0,139.39,-1.5225293851996955,2,0,39,121822.76,0
1152.39,406800.0,1.0,1.0,1152.39,0.30515088760018216,2,0,39,121822.76,0
372.09,334800.0,1.0,1.0,372.09,-1.1026861478052914,2,0,39,121822.76,0
533.48,392400.0,1.0,1.0,533.48,-0.811502219644213,2,0,39,121822.76,0
1963.22,266400.0,1.0,1.0,1963.22,1.7680709227377187,2,0,39,121822.76,0
889.91,183600.0,1.0,1.0,889.91,-0.16842218051878335,2,0,39,121822.76,0
1229.46,126000.0,1.0,1.0,1229.46,0.4442025348111263,2,0,39,121822.76,0
185.27,360000.0,1.0,1.0,185.27,-1.4397515264474168,2,0,39,121822.76,0
1098.74,190800.0,1.0,1.0,1098.74,0.2083541979301786,2,0,39,121822.76,0
308.07,417600.0,1.0,1.0,308.07,-1.2181926542856942,2,0,39,121822.76,0
1787.35,68400.0,1.0,2.0,1787.35,1.4507618116051277,2,0,39,121822.76,0
845.49,262800.0,1.0,1.0,845.49,-0.24856587026979074,2,0,39,121822.76,0
1248.75,50400.0,1.0,2.0,1248.75,0.4790060416840874,2,0,39,121822.76,0
1768.79,388800.0,1.0,1.0,1768.79,1.4172753892328023,2,0,39,121822.76,0
661.83,421200.0,1.0,1.0,661.83,-0.5799298968269728,2,0,39,121822.76,0
329.91,190800.0,1.0,1.0,329.91,-1.1787883727872248,2,0,39,121822.76,0
1999.07,18000.0,1.0,2.0,1999.07,1.832752401296332,2,0,39,121822.76,0
1571.49,396000.0,1.0,1.0,1571.49,1.0613017289925104,2,0,39,121822.76,0
992.5,208800.0,1.0,1.0,992.5,0.016673297454108522,2,0,39,121822.76,0
511.49,75600.0,1.0,2.0,511.49,-0.8511771349441827,2,0,39,121822.76,0
1429.32,334800.0,1.0,1.0,1429.32,0.8047950119303596,2,0,39,121822.76,0
287.48,108000.0,1.0,1.0,287.48,-1.2553416541049927,2,0,39,121822.76,0
709.79,115200.0,1.0,1.0,709.79,-0.4933992493605543,2,0,39,121822.76,0
906.53,291600.0,1.0,1.0,906.53,-0.13843595531253067,2,0,39,121822.76,0
114.84,90000.0,1.0,1.0,114.84,-1.5668231173786065,2,0,39,121822.76,0
364.17,0.0,1.0,1.0,364.17,-0.850698600183961,1,0,41,26462.94,0
393.68,378000.0,1.0,1.0,393.68,-0.803597599394159,1,0,41,26462.94,0
309.29,122400.0,1.0,1.0,309.29,-0.938292735166826,1,0,41,26462.94,0
952.79,385200.0,1.0,1.0,952.79,0.08879957280463018,1,0,41,26462.94,0
1211.26,356400.0,1.0,1.0,1211.26,0.5013443262488917,1,0,41,26462.94,0
1518.44,381600.0,1.0,1.0,1518.44,0.9916352589026166,1,0,41,26462.94,0
337.85,3600.0,1.0,2.0,337.85,-0.89270803226758,1,0,41,26462.94,0
815.82,241200.0,1.0,1.0,815.82,-0.1298186609527129,1,0,41,26462.94,0
1906.25,136800.0,1.0,1.0,1906.25,1.6106199798884913,1,0,41,26462.94,0
1812.95,298800.0,1.0,1.0,1812.95,1.4617035660054505,1,0,41,26462.94,0
513.6,432000.0,1.0,1.0,513.6,-0.6121929225146919,1,0,41,26462.94,0
261.01,331200.0,1.0,1.0,261.01,-1.0153525900679323,1,0,41,26462.94,0
1593.79,201600.0,1.0,1.0,1593.79,1.1119016231693597,1,0,41,26462.94,0
651.36,324000.0,1.0,1.0,651.36,-0.3923137673536231,1,0,41,26462.94,0
125.5,201600.0,1.0,1.0,125.5,-1.231640513382947,1,0,41,26462.94,0
1358.85,432000.0,1.0,1.0,1358.85,0.7369131743196099,1,0,41,26462.94,0
154.83,64800.0,1.0,2.0,154.83,-1.184826811140829,1,0,41,26462.94,0
971.54,14400.0,1.0,3.0,971.54,0.11872650485508053,1,0,41,26462.94,0
1465.97,424800.0,1.0,1.0,1465.97,0.9078877322526363,1,0,41,26462.94,0
1916.13,198000.0,1.0,1.0,1916.13,1.6263894779502754,1,0,41,26462.94,0
205.17,334800.0,1.0,1.0,205.17,-1.1044789839717801,1,0,41,26462.94,0
1742.85,0.0,1.0,1.0,1742.85,1.4234351848841438,2,0,28,111135.8,0
220.48,133200.0,1.0,1.0,220.48,-1.3348208933729182,2,0,28,111135.8,0
897.08,54000.0,1.0,2.0,897.08,-0.10894540807780043,2,0,28,111135.8,0
93.08,28800.0,1.0,3.0,93.08,-1.5656463985851528,2,0,28,111135.8,0
399.19,140400.0,1.0,1.0,399.19,-1.0110310500724593,2,0,28,111135.8,0
1425.98,64800.0,1.0,2.0,1425.98,0.8493246838119243,2,0,28,111135.8,0
1175.39,68400.0,1.0,2.0,1175.39,0.3953014235989425,2,0,28,111135.8,0
1470.28,349200.0,1.0,1.0,1470.28,0.9295881836620183,2,0,28,111135.8,0
256.25,270000.0,1.0,1.0,256.25,-1.27001219383256,2,0,28,111135.8,0
1019.23,302400.0,1.0,1.0,1019.23,0.1123680570844795,2,0,28,111135.8,0
1236.55,385200.0,1.0,1.0,1236.55,0.5061121606380339,2,0,28,111135.8,0
264.88,255600.0,1.0,1.0,264.88,-1.2543762118075867,2,0,28,111135.8,0
704.37,118800.0,1.0,1.0,704.37,-0.458100691511472,2,0,28,111135.8,0
1916.85,151200.0,1.0,1.0,1916.85,1.738691369396929,2,0,28,111135.8,0
1452.51,356400.0,1.0,1.0,1452.51,0.8973921928643621,2,0,28,111135.8,0
1244.95,82800.0,1.0,2.0,1244.95,0.5213314247179616,2,0,28,111135.8,0
286.48,381600.0,1.0,1.0,286.48,-1.2152409613163444,2,0,28,111135.8,0
1755.69,108000.0,1.0,1.0,1755.69,1.4466989171206048,2,0,28,111135.8,0
886.95,172800.0,1.0,1.0,886.95,-0.1272991158313321,2,0,28,111135.8,0
1991.36,82800.0,1.0,2.0,1991.36,1.873689865420191,2,0,28,111135.8,0
907.63,151200.0,1.0,1.0,907.63,-0.08983073712027244,2,0,28,111135.8,0
1166.47,90000.0,1.0,1.0,1166.47,0.3791400145997812,2,0,28,111135.8,0
1621.24,57600.0,1.0,2.0,1621.24,1.203100100984145,2,0,28,111135.8,0
882.56,104400.0,1.0,1.0,882.56,-0.1352529931302468,2,0,28,111135.8,0
275.24,378000.0,1.0,1.0,275.24,-1.2356057861090095,2,0,28,111135.8,0
882.88,370800.0,1.0,1.0,882.88,-0.13467321164148757,2,0,28,111135.8,0
488.5,316800.0,1.0,1.0,488.5,-0.8492176601940866,2,0,28,111135.8,0
1413.2,28800.0,1.0,2.0,1413.2,0.826169660604606,2,0,28,111135.8,0
1786.5,104400.0,1.0,1.0,1786.5,1.5025210035851961,2,0,28,111135.8,0
1145.91,75600.0,1.0,2.0,1145.91,0.34188905394700625,2,0,28,111135.8,0
159.99,172800.0,1.0,1.0,159.99,-1.4444177129199203,2,0,28,111135.8,0
1048.22,54000.0,1.0,2.0,1048.22,0.16489263633175333,2,0,28,111135.8,0
729.66,111600.0,1.0,1.0,729.66,-0.41227983572797583,2,0,28,111135.8,0
1498.29,57600.0,1.0,2.0,1498.29,0.9803371820999672,2,0,28,111135.8,0
1094.84,208800.0,1.0,1.0,1094.84,0.2493595519753511,2,0,28,111135.8,0
726.45,140400.0,1.0,1.0,726.45,-0.41809576878709087,2,0,28,111135.8,0
1471.73,406800.0,1.0,1.0,1471.73,0.9322153185329582,2,0,28,111135.8,0
317.19,338400.0,1.0,1.0,317.19,-1.1596000565669904,2,0,28,111135.8,0
792.7,10800.0,1.0,2.0,792.7,-0.29806288244242407,2,0,28,111135.8,0
1432.98,140400.0,1.0,1.0,1432.98,0.8620074038785306,2,0,28,111135.8,0
52.31,43200.0,1.0,2.0,52.31,-1.6395141838873726,2,0,28,111135.8,0
411.61,424800.0,1.0,1.0,411.61,-0.9885282810399949,2,0,28,111135.8,0
413.55,212400.0,1.0,1.0,413.55,-0.9850133557643925,2,0,28,111135.8,0
1909.94,0.0,1.0,1.0,1909.94,2.1729450020415597,0,1,81,91793.87,0
1356.59,104400.0,1.0,1.0,1356.59,1.0921517034206294,0,1,81,91793.87,0
417.18,313200.0,1.0,1.0,417.18,-0.7426870652745687,0,1,81,91793.87,0
932.42,216000.0,1.0,1.0,932.42,0.26367046464582167,0,1,81,91793.87,0
162.28,230400.0,1.0,1.0,162.28,-1.2405531750034475,0,1,81,91793.87,0
1494.63,126000.0,1.0,1.0,1494.63,1.3617689564099371,0,1,81,91793.87,0
662.36,331200.0,1.0,1.0,662.36,-0.26380588526936466,0,1,81,91793.87,0
757.41,25200.0,1.0,2.0,757.41,-0.07815592948384126,0,1,81,91793.87,0
236.68,79200.0,1.0,2.0,236.68,-1.095236428970381,0,1,81,91793.87,0
176.99,352800.0,1.0,1.0,176.99,-1.2118218667487914,0,1,81,91793.87,0
879.82,21600.0,1.0,2.0,879.82,0.1609330877461003,0,1,81,91793.87,0
732.23,432000.0,1.0,1.0,732.23,-0.1273370540149246,0,1,81,91793.87,0
658.49,284400.0,1.0,1.0,658.49,-0.27136469988156847,0,1,81,91793.87,0
393.73,248400.0,1.0,1.0,393.73,-0.7884891848239692,0,1,81,91793.87,0
1190.62,14400.0,1.0,2.0,1190.62,0.7679820752068122,0,1,81,91793.87,0
898.25,0.0,1.0,1.0,898.25,-0.1990903969117302,2,0,21,61599.12,0
181.64,25200.0,1.0,2.0,181.64,-1.31490844480664,2,0,21,61599.12,0
47.94,295200.0,1.0,1.0,47.94,-1.523089844736238,2,0,21,61599.12,0
1735.41,169200.0,1.0,1.0,1735.41,1.1044334681971892,2,0,21,61599.12,0
1718.58,324000.0,1.0,1.0,1718.58,1.0782278364783022,2,0,21,61599.12,0
686.49,122400.0,1.0,1.0,686.49,-0.5288173471667169,2,0,21,61599.12,0
792.95,144000.0,1.0,1.0,792.95,-0.3630507664897907,2,0,21,61599.12,0
1122.98,39600.0,1.0,2.0,1122.98,0.1508318619228145,2,0,21,61599.12,0
1022.24,10800.0,1.0,3.0,1022.24,-0.006028229542463974,2,0,21,61599.12,0
38.81,320400.0,1.0,1.0,38.81,-1.5373059717471376,2,0,21,61599.12,0
1498.37,331200.0,1.0,1.0,1498.37,0.7353435726151994,2,0,21,61599.12,0
753.18,68400.0,1.0,2.0,753.18,-0.4249757797672787,2,0,21,61599.12,0
122.26,46800.0,1.0,2.0,122.26,-1.4073677681261578,2,0,21,61599.12,0
1149.21,136800.0,1.0,1.0,1149.21,0.19167403185664672,2,0,21,61599.12,0
1859.5,216000.0,1.0,1.0,1859.5,1.2976513434198058,2,0,21,61599.12,0
1676.48,316800.0,1.0,1.0,1676.48,1.0126748302177484,2,0,21,61599.12,0
1934.14,388800.0,1.0,1.0,1934.14,1.4138716851606077,2,0,21,61599.12,0
1098.98,424800.0,1.0,1.0,1098.98,0.11346197711869814,2,0,21,61599.12,0
411.18,230400.0,1.0,1.0,411.18,-0.9574966382259368,2,0,21,61599.12,0
1773.64,136800.0,1.0,1.0,1773.64,1.1639605805330795,2,0,21,61599.12,0
1660.71,0.0,1.0,1.0,1660.71,1.3080858985015362,2,0,53,47607.58,0
369.72,363600.0,1.0,1.0,369.72,-1.0314487357399718,2,0,53,47607.58,0
1475.55,388800.0,1.0,1.0,1475.55,0.9725385798730745,2,0,53,47607.58,0
1181.76,187200.0,1.0,1.0,1181.76,0.4401317601503713,2,0,53,47607.58,0
748.01,327600.0,1.0,1.0,748.01,-0.34591084870194666,2,0,53,47607.58,0
872.17,338400.0,1.0,1.0,872.17,-0.12090785085732701,2,0,53,47607.58,0
192.07,396000.0,1.0,1.0,192.07,-1.3533864174981602,2,0,53,47607.58,0
60.96,284400.0,1.0,1.0,60.96,-1.5909842191042176,2,0,53,47607.58,0
1873.28,136800.0,1.0,1.0,1873.28,1.693305673403524,2,0,53,47607.58,0
1074.23,237600.0,1.0,1.0,1074.23,0.24526568123419903,2,0,53,47607.58,0
657.31,154800.0,1.0,1.0,657.31,-0.5102775682936591,2,0,53,47607.58,0
1397.28,61200.0,1.0,2.0,1397.28,0.8306975308935449,2,0,53,47607.58,0
1102.75,100800.0,1.0,1.0,1102.75,0.2969496817055952,2,0,53,47607.58,0
106.15,360000.0,1.0,1.0,106.15,-1.5090908116251716,2,0,53,47607.58,0
434.36,43200.0,1.0,2.0,434.36,-0.9143079997487006,2,0,53,47607.58,0
112.95,176400.0,1.0,1.0,112.95,-1.4967678381607432,2,0,53,47607.58,0
1339.63,352800.0,1.0,1.0,1339.63,0.7262240867429144,2,0,53,47607.58,0
1232.67,302400.0,1.0,1.0,1232.67,0.5323909629553778,2,0,53,47607.58,0
629.41,424800.0,1.0,1.0,629.41,-0.5608380035374162,2,0,53,47607.58,0
569.93,396000.0,1.0,1.0,569.93,-0.6686277773115624,2,0,53,47607.58,0
1939.17,144000.0,1.0,1.0,1939.17,1.8127116618698738,2,0,53,47607.58,0
906.15,277200.0,1.0,1.0,906.15,-0.05932922757478688,2,0,53,47607.58,0
1919.09,10800.0,1.0,2.0,1919.09,1.7763226461102088,2,0,53,47607.58,0
463.99,288000.0,1.0,1.0,463.99,-0.8606124550794345,2,0,53,47607.58,0
1223.86,198000.0,1.0,1.0,1223.86,0.5164254635110227,2,0,53,47607.58,0
299.4,428400.0,1.0,1.0,299.4,-1.1588827789780005,2,0,53,47607.58,0
1300.43,266400.0,1.0,1.0,1300.43,0.6551857691244454,2,0,53,47607.58,0
642.09,259200.0,1.0,1.0,642.09,-0.5378592824302175,2,0,53,47607.58,0
1502.3,172800.0,1.0,1.0,1502.3,1.0210149828397592,2,0,53,47607.58,0
1259.83,46800.0,1.0,2.0,1259.83,0.5816103687338882,2,0,53,47607.58,0
1041.64,82800.0,1.0,2.0,1041.64,0.18620601870394662,2,0,53,47607.58,0
455.59,108000.0,1.0,1.0,455.59,-0.8758349517119636,2,0,53,47607.58,0
105565.27,0.0,1.0,1.0,105565.27,0.0,2,0,28,61449.2,1
757.34,0.0,1.0,1.0,757.34,-0.3359526922241835,1,0,56,121736.86,0
877.12,46800.0,1.0,2.0,877.12,-0.12737224035218506,1,0,56,121736.86,0
698.29,25200.0,1.0,3.0,698.29,-0.4387801732981652,1,0,56,121736.86,0
321.74,126000.0,1.0,1.0,321.74,-1.0944903849562135,1,0,56,121736.86,0
1853.06,43200.0,1.0,2.0,1853.06,1.5720934985020327,1,0,56,121736.86,0
1041.33,219600.0,1.0,1.0,1041.33,0.1585769665429632,1,0,56,121736.86,0
1233.34,43200.0,1.0,2.0,1233.34,0.4929360629191732,1,0,56,121736.86,0
1955.51,151200.0,1.0,1.0,1955.51,1.7504961307802616,1,0,56,121736.86,0
1168.89,118800.0,1.0,1.0,1168.89,0.38070522201793533,1,0,56,121736.86,0
1518.4,342000.0,1.0,1.0,1518.4,0.989328980022462,1,0,56,121736.86,0
1290.81,172800.0,1.0,1.0,1290.81,0.5930121905622168,1,0,56,121736.86,0
592.87,129600.0,1.0,1.0,592.87,-0.6223546534813851,1,0,56,121736.86,0
566.05,403200.0,1.0,1.0,566.05,-0.6690580072900928,1,0,56,121736.86,0
449.82,226800.0,1.0,1.0,449.82,-0.8714566207571355,1,0,56,121736.86,0
340.19,212400.0,1.0,1.0,340.19,-1.0623622388797536,1,0,56,121736.86,0
311.47,316800.0,1.0,1.0,311.47,-1.1123741822573108,1,0,56,121736.86,0
1620.85,93600.0,1.0,1.0,1620.85,1.1677316123006904,1,0,56,121736.86,0
1930.37,399600.0,1.0,1.0,1930.37,1.7067182666955891,1,0,56,121736.86,0
250.91,345600.0,1.0,1.0,250.91,-1.2178311213570623,1,0,56,121736.86,0
278.44,140400.0,1.0,1.0,278.44,-1.1698913998673632,1,0,56,121736.86,0
1065.96,302400.0,1.0,1.0,1065.96,0.2014667355328392,1,0,56,121736.86,0
1356.83,432000.0,1.0,1.0,1356.83,0.7079769712650832,1,0,56,121736.86,0
583.07,417600.0,1.0,1.0,583.07,-0.6394200102049247,1,0,56,121736.86,0
1665.59,284400.0,1.0,1.0,1665.59,1.245640189832442,1,0,56,121736.86,0
803.8,3600.0,1.0,2.0,803.8,-0.25504897045115765,1,0,56,121736.86,0
1954.08,388800.0,1.0,1.0,1954.08,1.7480059817889695,1,0,56,121736.86,0
662.94,313200.0,1.0,1.0,662.94,-0.5003373529080761,1,0,56,121736.86,0
1645.4,324000.0,1.0,1.0,1645.4,1.2104820722560887,1,0,56,121736.86,0
207.15,72000.0,1.0,2.0,207.15,-1.29403316321646,1,0,56,121736.86,0
1465.6,194400.0,1.0,1.0,1465.6,0.8973850172670641,1,0,56,121736.86,0
500.16,212400.0,1.0,1.0,500.16,-0.7837964108119325,1,0,56,121736.86,0
68.63,176400.0,1.0,1.0,68.63,-1.5352467564149006,1,0,56,121736.86,0
362.52,417600.0,1.0,1.0,362.52,-1.0234776046311167,1,0,56,121736.86,0
1142.58,32400.0,1.0,2.0,1142.58,0.3348899633040239,1,0,56,121736.86,0
718.17,349200.0,1.0,1.0,718.17,-0.4041618782304132,1,0,56,121736.86,0
770.27,0.0,1.0,1.0,770.27,-0.697797884701416,1,0,39,59370.23,0
1450.78,432000.0,1.0,1.0,1450.78,0.5421531252913129,1,0,39,59370.23,0
165.72,392400.0,1.0,1.0,165.72,-1.7993428775613363,1,0,39,59370.23,0
1305.05,370800.0,1.0,1.0,1305.05,0.27661983307482757,1,0,39,59370.23,0
186.49,295200.0,1.0,1.0,186.49,-1.7614980516549588,1,0,39,59370.23,0
1992.69,363600.0,1.0,1.0,1992.69,1.5295623504682534,1,0,39,59370.23,0
1173.53,316800.0,1.0,1.0,1173.53,0.036978451119759045,1,0,39,59370.23,0
1593.96,342000.0,1.0,1.0,1593.96,0.8030400859689797,1,0,39,59370.23,0
1083.71,262800.0,1.0,1.0,1083.71,-0.12668174449462846,1,0,39,59370.23,0
74.01,302400.0,1.0,1.0,74.01,-1.9664468247868483,1,0,39,59370.23,0
1710.32,241200.0,1.0,1.0,1710.32,1.0150585714030715,1,0,39,59370.23,0
1676.14,208800.0,1.0,1.0,1676.14,0.952779507874907,1,0,39,59370.23,0
1556.96,165600.0,1.0,1.0,1556.96,0.7356227263861213,1,0,39,59370.23,0
703.5,237600.0,1.0,1.0,703.5,-0.8194588873864824,1,0,39,59370.23,0
763.1,349200.0,1.0,1.0,763.1,-0.7108622757340942,1,0,39,59370.23,0
1463.21,10800.0,1.0,2.0,1463.21,0.5648017139295544,1,0,39,59370.23,0
1284.87,432000.0,1.0,1.0,1284.87,0.23985004074017657,1,0,39,59370.23,0
1782.23,259200.0,1.0,1.0,1782.23,1.1460851207977567,1,0,39,59370.23,0
414.82,25200.0,1.0,2.0,414.82,-1.345460059396741,1,0,39,59370.23,0
1774.48,97200.0,1.0,1.0,1774.48,1.1319639171013471,1,0,39,59370.23,0
1460.47,104400.0,1.0,1.0,1460.47,0.5598091851388237,1,0,39,59370.23,0
1437.13,115200.0,1.0,1.0,1437.13,0.517281585877637,1,0,39,59370.23,0
1282.6,399600.0,1.0,1.0,1282.6,0.23571389462522827,1,0,39,59370.23,0
54.41,273600.0,1.0,1.0,54.41,-2.0021598044577678,1,0,39,59370.23,0
1118.0,86400.0,1.0,1.0,1118.0,-0.06420225097851462,1,0,39,59370.23,0
1360.63,259200.0,1.0,1.0,1360.63,0.37789163971307843,1,0,39,59370.23,0
1475.01,158400.0,1.0,1.0,1475.01,0.5863023853640875,1,0,39,59370.23,0
1452.03,75600.0,1.0,2.0,1452.03,0.5444307387907338,1,0,39,59370.23,0
431.99,277200.0,1.0,1.0,431.99,-1.3141747603686955,1,0,39,59370.23,0
1407.4,295200.0,1.0,1.0,1407.4,0.46311082640741047,1,0,39,59370.23,0
1344.79,46800.0,1.0,2.0,1344.79,0.3490297214484166,1,0,39,59370.23,0
1132.95,0.0,1.0,1.0,1132.95,0.357349436574066,0,1,64,84301.9,0
242.38,266400.0,1.0,1.0,242.38,-1.312366903407187,0,1,64,84301.9,0
1167.91,64800.0,1.0,2.0,1167.91,0.42289541639119954,0,1,64,84301.9,0
543.08,50400.0,1.0,2.0,543.08,-0.7485889820395654,0,1,64,84301.9,0
354.08,208800.0,1.0,1.0,354.08,-1.1029422482134281,0,1,64,84301.9,0
1721.12,230400.0,1.0,1.0,1721.12,1.4601005506771385,0,1,64,84301.9,0
368.92,133200.0,1.0,1.0,368.92,-1.0751189547212578,0,1,64,84301.9,0
1174.62,385200.0,1.0,1.0,1174.62,0.4354758947828744,0,1,64,84301.9,0
1069.86,399600.0,1.0,1.0,1069.86,0.2390629415322192,0,1,64,84301.9,0
971.5,212400.0,1.0,1.0,971.5,0.05464925232131396,0,1,64,84301.9,0
504.05,68400.0,1.0,2.0,504.05,-0.8217657438319774,0,1,64,84301.9,0
690.49,180000.0,1.0,1.0,690.49,-0.4722121832740147,0,1,64,84301.9,0
334.82,176400.0,1.0,1.0,334.82,-1.1390525334330504,0,1,64,84301.9,0
986.06,378000.0,1.0,1.0,986.06,0.08194757801174475,0,1,64,84301.9,0
1031.27,424800.0,1.0,1.0,1031.27,0.16671112914254022,0,1,64,84301.9,0
1211.25,255600.0,1.0,1.0,1211.25,0.5041529325603804,0,1,64,84301.9,0
1188.91,86400.0,1.0,1.0,1188.91,0.4622680015216287,0,1,64,84301.9,0
642.6,234000.0,1.0,1.0,642.6,-0.5620004262214553,0,1,64,84301.9,0
150.61,68400.0,1.0,2.0,150.61,-1.4844251004271625,0,1,64,84301.9,0
335.11,338400.0,1.0,1.0,335.11,-1.138508816781249,0,1,64,84301.9,0
1761.82,428400.0,1.0,1.0,1761.82,1.5364083704299227,0,1,64,84301.9,0
132.67,39600.0,1.0,2.0,132.67,-1.5180605374385865,0,1,64,84301.9,0
277.4,273600.0,1.0,1.0,277.4,-1.246708430489681,0,1,64,84301.9,0
443.28,43200.0,1.0,2.0,443.28,-0.9357025056594146,0,1,64,84301.9,0
476.04,108000.0,1.0,1.0,476.04,-0.874281272855945,0,1,64,84301.9,0
993.34,223200.0,1.0,1.0,993.34,0.09559674085696036,0,1,64,84301.9,0
1696.39,90000.0,1.0,1.0,1696.39,1.413734644473543,0,1,64,84301.9,0
1596.34,273600.0,1.0,1.0,1596.34,1.2261523996021408,0,1,64,84301.9,0
1609.4,399600.0,1.0,1.0,1609.4,1.2506383977832556,0,1,64,84301.9,0
1415.63,32400.0,1.0,2.0,1415.63,0.887341930129767,0,1,64,84301.9,0
1570.48,93600.0,1.0,1.0,1570.48,1.1776678733415267,0,1,64,84301.9,0
1713.89,226800.0,1.0,1.0,1713.89,1.446545132082234,0,1,64,84301.9,0
1329.59,414000.0,1.0,1.0,1329.59,0.7260268241953797,0,1,64,84301.9,0
1514.56,100800.0,1.0,1.0,1514.56,1.0728243037942125,0,1,64,84301.9,0
240.62,255600.0,1.0,1.0,240.62,-1.3156667010181182,0,1,64,84301.9,0
1331.63,21600.0,1.0,2.0,1331.63,0.7298515896080503,0,1,64,84301.9,0
1360.84,0.0,1.0,1.0,1360.84,0.6105083846522505,1,0,19,32755.78,0
663.38,90000.0,1.0,1.0,663.38,-0.7920035650771038,1,0,19,32755.78,0
959.27,280800.0,1.0,1.0,959.27,-0.1970027610088867,1,0,19,32755.78,0
344.4,349200.0,1.0,1.0,344.4,-1.4334357070274228,1,0,19,32755.78,0
821.02,43200.0,1.0,2.0,821.02,-0.4750076316109044,1,0,19,32755.78,0
56.79,129600.0,1.0,1.0,56.79,-2.0117863821366186,1,0,19,32755.78,0
1126.1,223200.0,1.0,1.0,1126.1,0.1384732068937143,1,0,19,32755.78,0
590.99,295200.0,1.0,1.0,590.99,-0.9375715403601422,1,0,19,32755.78,0
1948.78,93600.0,1.0,1.0,1948.78,1.7927881938511678,1,0,19,32755.78,0
705.01,172800.0,1.0,1.0,705.01,-0.7082904166998019,1,0,19,32755.78,0
1392.27,3600.0,1.0,2.0,1392.27,0.6737105046017727,1,0,19,32755.78,0
1379.53,414000.0,1.0,1.0,1379.53,0.6480918279184475,1,0,19,32755.78,0
1479.58,57600.0,1.0,2.0,1479.58,0.8492808861732891,1,0,19,32755.78,0
1476.25,190800.0,1.0,1.0,1476.25,0.8425846386571612,1,0,19,32755.78,0
1080.11,82800.0,1.0,2.0,1080.11,0.04599259930610639,1,0,19,32755.78,0
821.02,36000.0,1.0,2.0,821.02,-0.4750076316109044,1,0,19,32755.78,0
1882.97,334800.0,1.0,1.0,1882.97,1.6604518427891874,1,0,19,32755.78,0
351.9,262800.0,1.0,1.0,351.9,-1.4183540684775846,1,0,19,32755.78,0
1390.08,244800.0,1.0,1.0,1390.08,0.6693066661452198,1,0,19,32755.78,0
1459.66,223200.0,1.0,1.0,1459.66,0.8092240541849192,1,0,19,32755.78,0
718.6,381600.0,1.0,1.0,718.6,-0.6809624876474949,1,0,19,32755.78,0
1250.69,14400.0,1.0,2.0,1250.69,0.389009386483627,1,0,19,32755.78,0
368.99,0.0,1.0,1.0,368.99,0.7423626460542235,2,0,23,119880.03,1
312.38,81.0,2.0,2.0,681.37,0.15794369409708064,2,0,23,119880.03,1
216.67,118.0,3.0,3.0,898.04,-0.8301279874400707,2,0,23,119880.03,1
210.23,170.0,4.0,4.0,1108.27,-0.8966119664297191,2,0,23,119880.03,1
374.69,232.0,5.0,5.0,1482.96,0.8012071616195955,2,0,23,119880.03,1
273.53,172.0,6.0,6.0,1756.49,-0.2431281356774293,2,0,23,119880.03,1
393.23,133.0,7.0,7.0,2149.72,0.9926066911953849,2,0,23,119880.03,1
405.46,267.0,8.0,8.0,2555.18,1.1188643096803845,2,0,23,119880.03,1
237.5,128.0,9.0,9.0,2792.68,-0.6150874156459125,2,0,23,119880.03,1
174.39,48.0,10.0,10.0,2967.0699999999997,-1.2666097625460235,2,0,23,119880.03,1
419.15,172.0,11.0,11.0,3386.22,1.2601943830294975,2,0,23,119880.03,1
166.67,128.0,12.0,12.0,3552.89,-1.3463079485398257,2,0,23,119880.03,1
192.64,44.0,13.0,13.0,3745.5299999999997,-1.078204076744613,2,0,23,119880.03,1
413.6,169.0,14.0,14.0,4159.13,1.2028984073474251,2,0,23,119880.03,1
1607.45,0.0,1.0,1.0,1607.45,0.9127879306135114,2,1,87,159744.89,0
166.39,133200.0,1.0,1.0,166.39,-1.3402963998237625,2,1,87,159744.89,0
37.24,46800.0,1.0,2.0,37.24,-1.5422212615755102,2,1,87,159744.89,0
1904.77,86400.0,1.0,1.0,1904.77,1.3776450726656189,2,1,87,159744.89,0
1050.03,277200.0,1.0,1.0,1050.03,0.04126678127042692,2,1,87,159744.89,0
1910.75,90000.0,1.0,1.0,1910.75,1.3869947488040273,2,1,87,159744.89,0
1307.79,298800.0,1.0,1.0,1307.79,0.44427221963767854,2,1,87,159744.89,0
472.73,190800.0,1.0,1.0,472.73,-0.8613365690143898,2,1,87,159744.89,0
791.68,201600.0,1.0,1.0,791.68,-0.3626611167827212,2,1,87,159744.89,0
852.63,414000.0,1.0,1.0,852.63,-0.26736634075663496,2,1,87,159744.89,0
266.01,93600.0,1.0,1.0,266.01,-1.1845414270966301,2,1,87,159744.89,0
1229.94,306000.0,1.0,1.0,1229.94,0.3225544458291338,2,1,87,159744.89,0
1917.51,338400.0,1.0,1.0,1917.51,1.3975639479170108,2,1,87,159744.89,0
1243.82,252000.0,1.0,1.0,1243.82,0.3442557008125967,2,1,87,159744.89,0
595.8,3600.0,1.0,2.0,595.8,-0.6689177325003549,2,1,87,159744.89,0
128.5,0.0,1.0,1.0,128.5,-1.3043296517481784,0,0,39,73558.32,0
1494.59,21600.0,1.0,2.0,1494.59,1.2474490786243797,0,0,39,73558.32,0
607.08,334800.0,1.0,1.0,607.08,-0.4103693235255145,0,0,39,73558.32,0
293.18,255600.0,1.0,1.0,293.18,-0.9967167409459965,0,0,39,73558.32,0
657.83,230400.0,1.0,1.0,657.83,-0.31557119853637955,0,0,39,73558.32,0
1238.48,169200.0,1.0,1.0,1238.48,0.7690501073737918,0,0,39,73558.32,0
324.05,68400.0,1.0,2.0,324.05,-0.9390533297457088,0,0,39,73558.32,0
611.8,302400.0,1.0,1.0,611.8,-0.4015526309156877,0,0,39,73558.32,0
1973.82,288000.0,1.0,1.0,1973.82,2.142623570024244,0,0,39,73558.32,0
707.53,399600.0,1.0,1.0,707.53,-0.22273441406426134,0,0,39,73558.32,0
1460.88,381600.0,1.0,1.0,1460.88,1.1844807083114,0,0,39,73558.32,0
676.57,205200.0,1.0,1.0,676.57,-0.28056594016600733,0,0,39,73558.32,0
1024.02,172800.0,1.0,1.0,1024.02,0.3684509766315281,0,0,39,73558.32,0
180.91,399600.0,1.0,1.0,180.91,-1.206430740798808,0,0,39,73558.32,0
735.54,97200.0,1.0,1.0,735.54,-0.17041332084365704,0,0,39,73558.32,0
1103.06,370800.0,1.0,1.0,1103.06,0.5160932189791384,0,0,39,73558.32,0
137.31,162000.0,1.0,1.0,137.31,-1.2878730708387345,0,0,39,73558.32,0
1008.82,424800.0,1.0,1.0,1008.82,0.3400582377185262,0,0,39,73558.32,0
1662.05,158400.0,1.0,1.0,1662.05,1.5602548719382818,0,0,39,73558.32,0
1281.83,388800.0,1.0,1.0,1281.83,0.8500254515763335,0,0,39,73558.32,0
792.77,21600.0,1.0,2.0,792.77,-0.06351092294950543,0,0,39,73558.32,0
88.33,385200.0,1.0,1.0,88.33,-1.3793649360991842,0,0,39,73558.32,0
1170.73,0.0,1.0,1.0,1170.73,0.20994574778578384,1,0,58,142962.82,0
387.16,208800.0,1.0,1.0,387.16,-1.213415408093086,1,0,58,142962.82,0
1404.52,176400.0,1.0,1.0,1404.52,0.6346271478303502,1,0,58,142962.82,0
1089.74,223200.0,1.0,1.0,1089.74,0.06282676669331005,1,0,58,142962.82,0
360.19,327600.0,1.0,1.0,360.19,-1.2624066282445123,1,0,58,142962.82,0
1847.85,331200.0,1.0,1.0,1847.85,1.4399396294666804,1,0,58,142962.82,0
811.41,151200.0,1.0,1.0,811.41,-0.4427618986662186,1,0,58,142962.82,0
1310.51,72000.0,1.0,2.0,1310.51,0.46385723287167074,1,0,58,142962.82,0
1173.03,28800.0,1.0,2.0,1173.03,0.21412371613388462,1,0,58,142962.82,0
247.03,327600.0,1.0,1.0,247.03,-1.4679626709710754,1,0,58,142962.82,0
1434.53,172800.0,1.0,1.0,1434.53,0.6891405522331795,1,0,58,142962.82,0
759.3,392400.0,1.0,1.0,759.3,-0.537420129370365,1,0,58,142962.82,0
923.12,385200.0,1.0,1.0,923.12,-0.23983979250693666,1,0,58,142962.82,0
924.28,352800.0,1.0,1.0,924.28,-0.2377326432531119,1,0,58,142962.82,0
1589.28,424800.0,1.0,1.0,1589.28,0.9702451617412707,1,0,58,142962.82,0
971.47,126000.0,1.0,1.0,971.47,-0.15201163179794652,1,0,58,142962.82,0
1838.25,100800.0,1.0,1.0,1838.25,1.4225011528833031,1,0,58,142962.82,0
1803.32,338400.0,1.0,1.0,1803.32,1.3590505292314927,1,0,58,142962.82,0
1536.84,50400.0,1.0,2.0,1536.84,0.8749874834045708,1,0,58,142962.82,0
1294.34,298800.0,1.0,1.0,1294.34,0.434484298876544,1,0,58,142962.82,0
1986.3,75600.0,1.0,2.0,1986.3,1.6914351589425787,1,0,58,142962.82,0
817.39,3600.0,1.0,3.0,817.39,-0.43189918096115637,1,0,58,142962.82,0
1028.81,158400.0,1.0,1.0,1028.81,-0.04785306437181448,1,0,58,142962.82,0
1815.87,385200.0,1.0,1.0,1815.87,1.381847704348304,1,0,58,142962.82,0
868.19,162000.0,1.0,1.0,868.19,-0.33962057570745,1,0,58,142962.82,0
1759.57,374400.0,1.0,1.0,1759.57,1.2795783052187044,1,0,58,142962.82,0
255.14,414000.0,1.0,1.0,255.14,-1.453230791274076,1,0,58,142962.82,0
300.73,18000.0,1.0,2.0,300.73,-1.3704161925828071,1,0,58,142962.82,0
24.26,306000.0,1.0,1.0,24.26,-1.8726261531043062,1,0,58,142962.82,0
380.29,370800.0,1.0,1.0,380.29,-1.2258948178980658,1,0,58,142962.82,0
721.39,28800.0,1.0,2.0,721.39,-0.6062839467949319,1,0,58,142962.82,0
930.07,374400.0,1.0,1.0,930.07,-0.22721506206376219,1,0,58,142962.82,0
530.05,0.0,1.0,1.0,530.05,-0.8959251336557071,1,1,81,81162.82,0
1029.42,136800.0,1.0,1.0,1029.42,0.005043369221974767,1,1,81,81162.82,0
1176.49,68400.0,1.0,2.0,1176.49,0.27038857962352186,1,1,81,81162.82,0
924.62,356400.0,1.0,1.0,924.62,-0.18403787134430094,1,1,81,81162.82,0
1077.33,234000.0,1.0,1.0,1077.33,0.09148308520985869,1,1,81,81162.82,0
1498.69,284400.0,1.0,1.0,1498.69,0.8517051417461746,1,1,81,81162.82,0
1897.76,234000.0,1.0,1.0,1897.76,1.5717113504559417,1,1,81,81162.82,0
1700.51,151200.0,1.0,1.0,1700.51,1.2158308666611146,1,1,81,81162.82,0
1380.15,118800.0,1.0,1.0,1380.15,0.6378340515102366,1,1,81,81162.82,0
332.33,194400.0,1.0,1.0,332.33,-1.252653596296585,1,1,81,81162.82,0
467.28,68400.0,1.0,2.0,467.28,-1.0091754148612904,1,1,81,81162.82,0
803.56,158400.0,1.0,1.0,803.56,-0.4024555715633213,1,1,81,81162.82,0
1075.87,14400.0,1.0,2.0,1075.87,0.08884893815616815,1,1,81,81162.82,0
512.13,10800.0,1.0,3.0,512.13,-0.9282565824242915,1,1,81,81162.82,0
1807.56,270000.0,1.0,1.0,1807.56,1.4089715804265708,1,1,81,81162.82,0
806.1,284400.0,1.0,1.0,806.1,-0.39787287737402405,1,1,81,81162.82,0
239.1,122400.0,1.0,1.0,239.1,-1.420860123567519,1,1,81,81162.82,0
1874.53,270000.0,1.0,1.0,1874.53,1.529799544937291,1,1,81,81162.82,0
69.81,248400.0,1.0,1.0,69.81,-1.7262948870738624,1,1,81,81162.82,0
1548.79,46800.0,1.0,2.0,1548.79,0.9420960783145943,1,1,81,81162.82,0
1737.63,288000.0,1.0,1.0,1737.63,1.28280315339604,1,1,81,81162.82,0
1714.16,378000.0,1.0,1.0,1714.16,1.2404583374028102,1,1,81,81162.82,0
418.1,280800.0,1.0,1.0,418.1,-1.097906477943823,1,1,81,81162.82,0
833.96,21600.0,1.0,2.0,833.96,-0.34760757811661525,1,1,81,81162.82,0
142.03,374400.0,1.0,1.0,142.03,-1.595994818431721,1,1,81,81162.82,0
628.36,316800.0,1.0,1.0,628.36,-0.7185532180061789,1,1,81,81162.82,0
1466.34,327600.0,1.0,1.0,1466.34,0.793338938193512,1,1,81,81162.82,0
1004.53,262800.0,1.0,1.0,1004.53,-0.03986342541251586,1,1,81,81162.82,0
1401.97,392400.0,1.0,1.0,1401.97,0.6772019204907339,1,1,81,81162.82,0
699.58,421200.0,1.0,1.0,699.58,-0.5900573596747842,1,1,81,81162.82,0
1649.37,0.0,1.0,1.0,1649.37,1.0891804054308623,0,0,27,42945.53,0
1305.79,252000.0,1.0,1.0,1305.79,0.540143435881211,0,0,27,42945.53,0
566.74,345600.0,1.0,1.0,566.74,-0.6408501386739716,0,0,27,42945.53,0
975.89,270000.0,1.0,1.0,975.89,0.012966952225497994,0,0,27,42945.53,0
1776.41,360000.0,1.0,1.0,1776.41,1.2921888943172577,0,0,27,42945.53,0
92.95,309600.0,1.0,1.0,92.95,-1.3979612213997683,0,0,27,42945.53,0
638.81,241200.0,1.0,1.0,638.81,-0.5256830905470629,0,0,27,42945.53,0
1675.65,316800.0,1.0,1.0,1675.65,1.1311755493850066,0,0,27,42945.53,0
410.88,180000.0,1.0,1.0,410.88,-0.8899126629012509,0,0,27,42945.53,0
1394.81,126000.0,1.0,1.0,1394.81,0.682396393065302,0,0,27,42945.53,0
158.23,331200.0,1.0,1.0,158.23,-1.2936445167830817,0,0,27,42945.53,0
1140.86,0.0,1.0,1.0,1140.86,-0.0121071528884683,0,1,63,81426.99,0
242.85,280800.0,1.0,1.0,242.85,-1.4255276250589297,0,1,63,81426.99,0
1497.08,198000.0,1.0,1.0,1497.08,0.5485643770461225,0,1,63,81426.99,0
1397.96,226800.0,1.0,1.0,1397.96,0.39255471434577843,0,1,63,81426.99,0
1019.52,406800.0,1.0,1.0,1019.52,-0.2030899260125579,0,1,63,81426.99,0
685.95,334800.0,1.0,1.0,685.95,-0.728111548156967,0,1,63,81426.99,0
1832.57,162000.0,1.0,1.0,1832.57,1.0766079781290372,0,1,63,81426.99,0
1688.55,136800.0,1.0,1.0,1688.55,0.8499280787938518,0,1,63,81426.99,0
1952.41,259200.0,1.0,1.0,1952.41,1.2652298302074196,0,1,63,81426.99,0
1767.31,82800.0,1.0,2.0,1767.31,0.9738921731671277,0,1,63,81426.99,0
1665.24,90000.0,1.0,1.0,1665.24,0.813239365743559,0,1,63,81426.99,0
1104.53,190800.0,1.0,1.0,1104.53,-0.06928866061550115,0,1,63,81426.99,0
974.54,176400.0,1.0,1.0,974.54,-0.27388607843650353,0,1,63,81426.99,0
353.57,79200.0,1.0,2.0,353.57,-1.2512601729384485,0,1,63,81426.99,0
1611.87,136800.0,1.0,1.0,1611.87,0.7292377949372899,0,1,63,81426.99,0
1650.72,248400.0,1.0,1.0,1650.72,0.7903856500211115,0,1,63,81426.99,0
13.46,183600.0,1.0,1.0,13.46,-1.7865754108421417,0,1,63,81426.99,0
74.95,118800.0,1.0,1.0,74.95,-1.6897933874417768,0,1,63,81426.99,0
633.09,0.0,1.0,1.0,633.09,-0.5531779435443959,0,0,46,22460.93,0
1526.01,424800.0,1.0,1.0,1526.01,0.8281753400199527,0,0,46,22460.93,0
1727.69,90000.0,1.0,1.0,1727.69,1.1401756650538393,0,0,46,22460.93,0
30.63,172800.0,1.0,1.0,30.63,-1.4851876411838008,0,0,46,22460.93,0
344.67,104400.0,1.0,1.0,344.67,-0.9993656356619758,0,0,46,22460.93,0
1828.54,144000.0,1.0,1.0,1828.54,1.2961912976384653,0,0,46,22460.93,0
1675.01,82800.0,1.0,2.0,1675.01,1.0586793484989743,0,0,46,22460.93,0
11.87,288000.0,1.0,1.0,11.87,-1.514209488157401,0,0,46,22460.93,0
1352.95,190800.0,1.0,1.0,1352.95,0.5604503486952583,0,0,46,22460.93,0
1477.34,122400.0,1.0,1.0,1477.34,0.7528825206060332,0,0,46,22460.93,0
477.57,432000.0,1.0,1.0,477.57,-0.793768436152835,0,0,46,22460.93,0
58.94,43200.0,1.0,2.0,58.94,-1.441391879572787,0,0,46,22460.93,0
443.02,50400.0,1.0,2.0,443.02,-0.8472175199981384,0,0,46,22460.93,0
226.44,421200.0,1.0,1.0,226.44,-1.182268245879927,0,0,46,22460.93,0
1107.56,262800.0,1.0,1.0,1107.56,0.18083035781829776,0,0,46,22460.93,0
1813.7,244800.0,1.0,1.0,1813.7,1.2732337171966623,0,0,46,22460.93,0
1722.34,57600.0,1.0,2.0,1722.34,1.1318991788433506,0,0,46,22460.93,0
498.61,32400.0,1.0,2.0,498.61,-0.7612194137474751,0,0,46,22460.93,0
974.74,172800.0,1.0,1.0,974.74,-0.024643081149377605,0,0,46,22460.93,0
1691.37,406800.0,1.0,1.0,1691.37,1.0839883792286171,0,0,46,22460.93,0
1060.3,378000.0,1.0,1.0,1060.3,0.10771881794770342,0,0,46,22460.93,0
703.59,277200.0,1.0,1.0,703.59,-0.4441139663781474,0,0,46,22460.93,0
1683.83,72000.0,1.0,2.0,1683.83,1.0723239481955176,0,0,46,22460.93,0
292.39,262800.0,1.0,1.0,292.39,-1.0802431495095144,0,0,46,22460.93,0
1912.18,140400.0,1.0,1.0,1912.18,1.4255829437403809,0,0,46,22460.93,0
267.16,306000.0,1.0,1.0,267.16,-1.1192741302741165,0,0,46,22460.93,0
1213.26,432000.0,1.0,1.0,1213.26,0.34434897322925473,0,0,46,22460.93,0
1123.27,18000.0,1.0,2.0,1123.27,0.20513383414853562,0,0,46,22460.93,0
732.64,25200.0,1.0,3.0,732.64,-0.3991734197585798,0,0,46,22460.93,0
47.24,28800.0,1.0,4.0,47.24,-1.459491858762079,0,0,46,22460.93,0
1020.05,7200.0,1.0,5.0,1020.05,0.045451795523001284,0,0,46,22460.93,0
101.86,151200.0,1.0,1.0,101.86,-1.374994349076682,0,0,46,22460.93,0
1733.24,86400.0,1.0,1.0,1733.24,1.1487615526179906,0,0,46,22460.93,0
1468.31,388800.0,1.0,1.0,1468.31,0.7389130494881436,0,0,46,22460.93,0
1294.78,108000.0,1.0,1.0,1294.78,0.4704609649823409,0,0,46,22460.93,0
1124.51,302400.0,1.0,1.0,1124.51,0.20705212254124694,0,0,46,22460.93,0
1747.18,226800.0,1.0,1.0,1747.18,1.1703268269683098,0,0,46,22460.93,0
476.82,21600.0,1.0,2.0,476.82,-0.7949286912290716,0,0,46,22460.93,0
307.19,122400.0,1.0,1.0,307.19,-1.0573474493384438,0,0,46,22460.93,0
1994.42,352800.0,1.0,1.0,1994.42,1.5528087803666542,0,0,46,22460.93,0
1502.35,39600.0,1.0,2.0,1502.35,0.7915731598816059,0,0,46,22460.93,0
179.46,21600.0,1.0,3.0,179.46,-1.2549466238553928,0,0,46,22460.93,0
1430.52,0.0,1.0,1.0,1430.52,0.5393295895047442,1,1,89,23530.33,0
1102.56,352800.0,1.0,1.0,1102.56,-0.08380374048237761,1,1,89,23530.33,0
1893.8,90000.0,1.0,1.0,1893.8,1.4195747691499256,1,1,89,23530.33,0
189.53,428400.0,1.0,1.0,189.53,-1.818586714863832,1,1,89,23530.33,0
1630.77,406800.0,1.0,1.0,1630.77,0.9198102863272869,1,1,89,23530.33,0
801.92,111600.0,1.0,1.0,801.92,-0.6550282932550581,1,1,89,23530.33,0
1340.12,133200.0,1.0,1.0,1340.12,0.36756701775564105,1,1,89,23530.33,0
545.42,118800.0,1.0,1.0,545.42,-1.1423855903086522,1,1,89,23530.33,0
363.62,194400.0,1.0,1.0,363.62,-1.48781076225541,1,1,89,23530.33,0
778.67,151200.0,1.0,1.0,778.67,-0.6992039546838926,1,1,89,23530.33,0
487.63,126000.0,1.0,1.0,487.63,-1.2521882343504736,1,1,89,23530.33,0
184.7,79200.0,1.0,2.0,184.7,-1.8277638522703379,1,1,89,23530.33,0
1476.96,183600.0,1.0,1.0,1476.96,0.6275669106555003,1,1,89,23530.33,0
1010.32,32400.0,1.0,2.0,1010.32,-0.2590623645768161,1,1,89,23530.33,0
758.26,57600.0,1.0,2.0,758.26,-0.7379835353188393,1,1,89,23530.33,0
777.7,302400.0,1.0,1.0,777.7,-0.7010469822789879,1,1,89,23530.33,0
1103.2,417600.0,1.0,1.0,1103.2,-0.08258772227530413,1,1,89,23530.33,0
998.47,374400.0,1.0,1.0,998.47,-0.2815777016921576,1,1,89,23530.33,0
1449.9,64800.0,1.0,2.0,1449.9,0.5761521408376826,1,1,89,23530.33,0
1553.6,25200.0,1.0,2.0,1553.6,0.7731850909525271,1,1,89,23530.33,0
1641.33,97200.0,1.0,1.0,1641.33,0.9398745867439962,1,1,89,23530.33,0
1713.43,36000.0,1.0,2.0,1713.43,1.0768666378845975,1,1,89,23530.33,0
1586.24,349200.0,1.0,1.0,1586.24,0.8352020195132653,1,1,89,23530.33,0
1819.59,331200.0,1.0,1.0,1819.59,1.27857365798288,1,1,89,23530.33,0
1105.89,403200.0,1.0,1.0,1105.89,-0.07747664574869909,1,1,89,23530.33,0
1963.86,374400.0,1.0,1.0,1963.86,1.5526907622554804,1,1,89,23530.33,0
1197.65,374400.0,1.0,1.0,1197.65,0.0968699646904346,1,1,89,23530.33,0
1079.32,144000.0,1.0,1.0,1079.32,-0.12796040162672667,1,1,89,23530.33,0
1160.09,298800.0,1.0,1.0,1160.09,0.02550489616282026,1,1,89,23530.33,0
192.3,417600.0,1.0,1.0,192.3,-1.8133236360613427,1,1,89,23530.33,0
1331.53,21600.0,1.0,2.0,1331.53,0.35124577338257934,1,1,89,23530.33,0
1358.01,68400.0,1.0,2.0,1358.01,0.40155852670023695,1,1,89,23530.33,0
457.39,212400.0,1.0,1.0,457.39,-1.3096450946346867,1,1,89,23530.33,0
1951.41,428400.0,1.0,1.0,1951.41,1.529035408071008,1,1,89,23530.33,0
1697.62,392400.0,1.0,1.0,1697.62,1.0468271881129896,1,1,89,23530.33,0
1124.9,0.0,1.0,1.0,1124.9,0.13933018347205683,0,1,64,120061.1,0
725.94,230400.0,1.0,1.0,725.94,-0.5694638235156617,0,1,64,120061.1,0
1040.92,14400.0,1.0,2.0,1040.92,-0.009869036266334523,0,1,64,120061.1,0
163.67,162000.0,1.0,1.0,163.67,-1.5683950605042936,0,1,64,120061.1,0
1780.34,64800.0,1.0,2.0,1780.34,1.303787632690099,0,1,64,120061.1,0
1443.08,356400.0,1.0,1.0,1443.08,0.7046101041241326,0,1,64,120061.1,0
763.83,0.0,1.0,1.0,763.83,-0.3039866704828965,2,0,48,31731.75,0
694.52,144000.0,1.0,1.0,694.52,-0.4109494588712931,2,0,48,31731.75,0
213.45,18000.0,1.0,2.0,213.45,-1.1533616448474275,2,0,48,31731.75,0
416.03,417600.0,1.0,1.0,416.03,-0.8407296772854402,2,0,48,31731.75,0
1773.83,280800.0,1.0,1.0,1773.83,1.2546977368505392,2,0,48,31731.75,0
1912.95,428400.0,1.0,1.0,1912.95,1.4693949395715569,2,0,48,31731.75,0
1421.27,25200.0,1.0,2.0,1421.27,0.7106088510589788,2,0,48,31731.75,0
1601.87,302400.0,1.0,1.0,1601.87,0.9893201421128583,2,0,48,31731.75,0
459.25,403200.0,1.0,1.0,459.25,-0.7740303306666767,2,0,48,31731.75,0
351.08,25200.0,1.0,2.0,351.08,-0.9409638874401993,2,0,48,31731.75,0
1817.64,0.0,1.0,1.0,1817.64,1.222003048656014,1,1,73,113748.23,0
1403.19,273600.0,1.0,1.0,1403.19,0.36380636170944963,1,1,73,113748.23,0
397.33,432000.0,1.0,1.0,397.33,-1.7190159800255518,1,1,73,113748.23,0
599.97,403200.0,1.0,1.0,599.97,-1.299411741533932,1,1,73,113748.23,0
822.72,345600.0,1.0,1.0,822.72,-0.8381659651619998,1,1,73,113748.23,0
1263.65,255600.0,1.0,1.0,1263.65,0.07486254292184304,1,1,73,113748.23,0
1864.06,414000.0,1.0,1.0,1864.06,1.318124390695004,1,1,73,113748.23,0
1336.86,306000.0,1.0,1.0,1336.86,0.22645761941202958,1,1,73,113748.23,0
1778.21,115200.0,1.0,1.0,1778.21,1.1403558165018264,1,1,73,113748.23,0
1304.77,208800.0,1.0,1.0,1304.77,0.16000923798093974,1,1,73,113748.23,0
1759.64,259200.0,1.0,1.0,1759.64,1.1019031383100115,1,1,73,113748.23,0
741.61,97200.0,1.0,1.0,741.61,-1.006119477716556,1,1,73,113748.23,0
1445.49,288000.0,1.0,1.0,1445.49,0.4513964687376548,1,1,73,113748.23,0
1464.25,259200.0,1.0,1.0,1464.25,0.49024257767025836,1,1,73,113748.23,0
1642.15,417600.0,1.0,1.0,1642.15,0.85861799233498,1,1,73,113748.23,0
1232.49,50400.0,1.0,2.0,1232.49,0.010339901432507731,1,1,73,113748.23,0
1831.71,93600.0,1.0,1.0,1831.71,1.2511376303554667,1,1,73,113748.23,0
826.73,82800.0,1.0,2.0,826.73,-0.8298625058432504,1,1,73,113748.23,0
502.79,316800.0,1.0,1.0,502.79,-1.5006412120067685,1,1,73,113748.23,0
1455.5,154800.0,1.0,1.0,1455.5,0.4721240567128873,1,1,73,113748.23,0
1256.66,295200.0,1.0,1.0,1256.66,0.0603884330370403,1,1,73,113748.23,0
1217.75,259200.0,1.0,1.0,1217.75,-0.02018204130025223,1,1,73,113748.23,0
1367.11,126000.0,1.0,1.0,1367.11,0.2890959347217981,1,1,73,113748.23,0
1604.79,385200.0,1.0,1.0,1604.79,0.7812570845672788,1,1,73,113748.23,0
85.54,90000.0,1.0,1.0,85.54,-2.3646358256596915,1,1,73,113748.23,0
892.3,273600.0,1.0,1.0,892.3,-0.6940874865089853,1,1,73,113748.23,0
1957.61,0.0,1.0,1.0,1957.61,1.5672636321538527,0,0,19,17836.06,0
595.33,432000.0,1.0,1.0,595.33,-0.6997672498365739,0,0,19,17836.06,0
1838.25,291600.0,1.0,1.0,1838.25,1.3686313347741825,0,0,19,17836.06,0
1392.03,172800.0,1.0,1.0,1392.03,0.6260567391244127,0,0,19,17836.06,0
1310.06,75600.0,1.0,2.0,1310.06,0.48964680768832375,0,0,19,17836.06,0
207.55,3600.0,1.0,3.0,207.55,-1.345089236078938,0,0,19,17836.06,0
1534.63,57600.0,1.0,3.0,1534.63,0.8633637566038114,0,0,19,17836.06,0
173.26,169200.0,1.0,1.0,173.26,-1.4021527538164456,0,0,19,17836.06,0
330.0,255600.0,1.0,1.0,330.0,-1.1413147319390198,0,0,19,17836.06,0
894.94,331200.0,1.0,1.0,894.94,-0.20117289144244652,0,0,19,17836.06,0
766.64,363600.0,1.0,1.0,766.64,-0.414682641390601,0,0,19,17836.06,0
142.72,147600.0,1.0,1.0,142.72,-1.4529757293691863,0,0,19,17836.06,0
1382.95,90000.0,1.0,1.0,1382.95,0.6109463063143642,0,0,19,17836.06,0
524.88,64800.0,1.0,2.0,524.88,-0.8170062356810593,0,0,19,17836.06,0
1283.75,410400.0,1.0,1.0,1283.75,0.44586316372000007,0,0,19,17836.06,0
896.53,352800.0,1.0,1.0,896.53,-0.19852690155610553,0,0,19,17836.06,0
1876.43,90000.0,1.0,1.0,1876.43,1.4321683749380216,0,0,19,17836.06,0
1177.32,93600.0,1.0,1.0,1177.32,0.2687482557934055,0,0,19,17836.06,0
1589.54,0.0,1.0,1.0,1589.54,0.5382523522168168,2,1,82,123115.57,0
1532.43,165600.0,1.0,1.0,1532.43,0.437645400227273,2,1,82,123115.57,0
1843.69,277200.0,1.0,1.0,1843.69,0.9859717857335847,2,1,82,123115.57,0
1900.87,360000.0,1.0,1.0,1900.87,1.0867020521451083,2,1,82,123115.57,0
1884.25,327600.0,1.0,1.0,1884.25,1.0574236850978973,2,1,82,123115.57,0
653.75,421200.0,1.0,1.0,653.75,-1.110267689847539,2,1,82,123115.57,0
790.34,39600.0,1.0,2.0,790.34,-0.8696460198728968,2,1,82,123115.57,0
1587.11,237600.0,1.0,1.0,1587.11,0.5339715801395168,2,1,82,123115.57,0
1778.87,255600.0,1.0,1.0,1778.87,0.871782630980262,2,1,82,123115.57,0
35.9,180000.0,1.0,1.0,35.9,-2.198693627279508,2,1,82,123115.57,0
926.83,370800.0,1.0,1.0,926.83,-0.6292005133582258,2,1,82,123115.57,0
403.1,64800.0,1.0,2.0,403.1,-1.5518214022653152,2,1,82,123115.57,0
1484.08,158400.0,1.0,1.0,1484.08,0.3524703673312046,2,1,82,123115.57,0
1545.87,345600.0,1.0,1.0,1545.87,0.46132176924740004,2,1,82,123115.57,0
171.2,306000.0,1.0,1.0,171.2,-1.960344465938494,2,1,82,123115.57,0
1780.71,414000.0,1.0,1.0,1780.71,0.875024038643732,2,1,82,123115.57,0
569.43,432000.0,1.0,1.0,569.43,-1.2588087192952426,2,1,82,123115.57,0
1588.48,180000.0,1.0,1.0,1588.48,0.5363850195411224,2,1,82,123115.57,0
1163.53,39600.0,1.0,2.0,1163.53,-0.21222160360643008,2,1,82,123115.57,0
1760.76,198000.0,1.0,1.0,1760.76,0.8398794283794805,2,1,82,123115.57,0
634.39,165600.0,1.0,1.0,634.39,-1.1443729356979604,2,1,82,123115.57,0
1388.85,223200.0,1.0,1.0,1388.85,0.18470990440064475,2,1,82,123115.57,0
1657.11,79200.0,1.0,2.0,1657.11,0.6572860021193466,2,1,82,123115.57,0
960.0,313200.0,1.0,1.0,960.0,-0.5707670936857837,2,1,82,123115.57,0
1622.17,3600.0,1.0,2.0,1622.17,0.5957344892054148,2,1,82,123115.57,0
640.45,14400.0,1.0,3.0,640.45,-1.1336974300237066,2,1,82,123115.57,0
1006.27,226800.0,1.0,1.0,1006.27,-0.4892562607571162,2,1,82,123115.57,0
1708.16,252000.0,1.0,1.0,1708.16,0.7472174484346371,2,1,82,123115.57,0
155.96,298800.0,1.0,1.0,155.96,-1.9871917772381027,2,1,82,123115.57,0
1863.14,208800.0,1.0,1.0,1863.14,1.0202355786979802,2,1,82,123115.57,0
1785.09,46800.0,1.0,2.0,1785.09,0.8827399981904698,2,1,82,123115.57,0
1470.08,396000.0,1.0,1.0,1470.08,0.32780748293523865,2,1,82,123115.57,0
1653.14,363600.0,1.0,1.0,1653.14,0.650292312758491,2,1,82,123115.57,0
1817.46,205200.0,1.0,1.0,1817.46,0.9397641101831427,2,1,82,123115.57,0
1586.94,50400.0,1.0,2.0,1586.94,0.5336721022575661,2,1,82,123115.57,0
1831.47,0.0,1.0,1.0,1831.47,1.3310318393935958,1,1,76,173199.1,0
1939.2,255600.0,1.0,1.0,1939.2,1.5011771473293916,1,1,76,173199.1,0
1422.93,414000.0,1.0,1.0,1422.93,0.6857968620976719,1,1,76,173199.1,0
359.28,43200.0,1.0,2.0,359.28,-0.9940978449097443,1,1,76,173199.1,0
243.96,14400.0,1.0,3.0,243.96,-1.1762305554932022,1,1,76,173199.1,0
1340.83,277200.0,1.0,1.0,1340.83,0.5561307544068815,1,1,76,173199.1,0
102.02,331200.0,1.0,1.0,102.02,-1.4004060405800567,1,1,76,173199.1,0
625.35,3600.0,1.0,2.0,625.35,-0.5738754177076917,1,1,76,173199.1,0
1371.09,252000.0,1.0,1.0,1371.09,0.603922428203755,1,1,76,173199.1,0
38.66,126000.0,1.0,1.0,38.66,-1.5004747931170659,1,1,76,173199.1,0
1634.8,331200.0,1.0,1.0,1634.8,1.020417547072674,1,1,76,173199.1,0
302.25,57600.0,1.0,2.0,302.25,-1.0841691984006792,1,1,76,173199.1,0
625.44,61200.0,1.0,2.0,625.44,-0.5737332745932925,1,1,76,173199.1,0
1354.88,381600.0,1.0,1.0,1354.88,0.5783208739325286,1,1,76,173199.1,0
1663.46,414000.0,1.0,1.0,1663.46,1.065682232169118,1,1,76,173199.1,0
108.3,205200.0,1.0,1.0,108.3,-1.390487609930871,1,1,76,173199.1,0
1892.74,324000.0,1.0,1.0,1892.74,1.427799712940669,1,1,76,173199.1,0
1034.6,118800.0,1.0,1.0,1034.6,0.0724809108240479,1,1,76,173199.1,0
703.93,356400.0,1.0,1.0,703.93,-0.4497686851578467,1,1,76,173199.1,0
1206.9,75600.0,1.0,2.0,1206.9,0.34460600650155276,1,1,76,173199.1,0
198.33,144000.0,1.0,1.0,198.33,-1.2482971144935768,1,1,76,173199.1,0
1115.84,244800.0,1.0,1.0,1115.84,0.2007887620883571,1,1,76,173199.1,0
1785.15,403200.0,1.0,1.0,1785.15,1.2578755165161613,1,1,76,173199.1,0
267.34,234000.0,1.0,1.0,267.34,-1.139304933108176,1,1,76,173199.1,0
1263.22,352800.0,1.0,1.0,1263.22,0.433556008756672,1,1,76,173199.1,0
890.9,108000.0,1.0,1.0,890.9,-0.1544742618332788,1,1,76,173199.1,0
1736.67,169200.0,1.0,1.0,1736.67,1.1813077588931467,1,1,76,173199.1,0
42.95,342000.0,1.0,1.0,42.95,-1.4936993046640392,1,1,76,173199.1,0
1291.56,367200.0,1.0,1.0,1291.56,0.47831529611302986,1,1,76,173199.1,0
1530.97,234000.0,1.0,1.0,1530.97,0.8564317740941755,1,1,76,173199.1,0
1582.47,352800.0,1.0,1.0,1582.47,0.9377692228892509,1,1,76,173199.1,0
1385.71,82800.0,1.0,2.0,1385.71,0.62701278745393,1,1,76,173199.1,0
229.05,363600.0,1.0,1.0,229.05,-1.1997789314453298,1,1,76,173199.1,0
493.81,21600.0,1.0,2.0,493.81,-0.7816254762417542,1,1,76,173199.1,0
1945.33,0.0,1.0,1.0,1945.33,1.1612682806652488,1,0,45,15257.54,0
331.92,331200.0,1.0,1.0,331.92,-1.941940599371808,1,0,45,15257.54,0
833.63,399600.0,1.0,1.0,833.63,-0.9769590217174041,1,0,45,15257.54,0
1539.58,338400.0,1.0,1.0,1539.58,0.3808547446917294,1,0,45,15257.54,0
1952.28,140400.0,1.0,1.0,1952.28,1.1746358076523493,1,0,45,15257.54,0
1889.23,82800.0,1.0,2.0,1889.23,1.0533663721794464,1,0,45,15257.54,0
1215.86,64800.0,1.0,2.0,1215.86,-0.24178350513044608,1,0,45,15257.54,0
1128.41,180000.0,1.0,1.0,1128.41,-0.40998353894654993,1,0,45,15257.54,0
1406.08,43200.0,1.0,2.0,1406.08,0.12408282342872307,1,0,45,15257.54,0
1624.58,97200.0,1.0,1.0,1624.58,0.5443424848217335,1,0,45,15257.54,0
890.34,381600.0,1.0,1.0,890.34,-0.8678838482730213,1,0,45,15257.54,0
1295.93,0.0,1.0,1.0,1295.93,0.3865970309842471,1,0,26,116523.95,0
1499.33,324000.0,1.0,1.0,1499.33,0.7394909344292011,1,0,26,116523.95,0
443.67,331200.0,1.0,1.0,443.67,-1.0920527140993157,1,0,26,116523.95,0
1098.46,18000.0,1.0,2.0,1098.46,0.04399152895241268,1,0,26,116523.95,0
388.95,327600.0,1.0,1.0,388.95,-1.1869905429907017,1,0,26,116523.95,0
804.15,302400.0,1.0,1.0,804.15,-0.4666289465779929,1,0,26,116523.95,0
1981.24,208800.0,1.0,1.0,1981.24,1.5755927093021505,1,0,26,116523.95,0
1562.32,0.0,1.0,1.0,1562.32,0.9717192543349517,1,0,42,54988.1,0
1630.26,244800.0,1.0,1.0,1630.26,1.0910394867054158,1,0,42,54988.1,0
1639.34,345600.0,1.0,1.0,1639.34,1.10698631787886,1,0,42,54988.1,0
1501.97,28800.0,1.0,2.0,1501.97,0.8657290273176202,1,0,42,54988.1,0
903.13,352800.0,1.0,1.0,903.13,-0.18598907619619595,1,0,42,54988.1,0
561.03,331200.0,1.0,1.0,561.03,-0.786805259504052,1,0,42,54988.1,0
149.18,172800.0,1.0,1.0,149.18,-1.510120503863422,1,0,42,54988.1,0
1666.34,54000.0,1.0,2.0,1666.34,1.1544053092536397,1,0,42,54988.1,0
479.62,417600.0,1.0,1.0,479.62,-0.9297822997937116,1,0,42,54988.1,0
1116.38,90000.0,1.0,1.0,1116.38,0.18853314271757302,1,0,42,54988.1,0
1394.51,396000.0,1.0,1.0,1394.51,0.6770014416459973,1,0,42,54988.1,0
1041.24,190800.0,1.0,1.0,1041.24,0.05656784598050093,1,0,42,54988.1,0
1725.08,201600.0,1.0,1.0,1725.08,1.2575679593778826,1,0,42,54988.1,0
417.28,97200.0,1.0,1.0,417.28,-1.0392674821012584,1,0,42,54988.1,0
926.89,266400.0,1.0,1.0,926.89,-0.1442603637863899,1,0,42,54988.1,0
208.34,72000.0,1.0,2.0,208.34,-1.4062202249844604,1,0,42,54988.1,0
476.3,136800.0,1.0,1.0,476.3,-0.9356130794738698,1,0,42,54988.1,0
898.25,198000.0,1.0,1.0,898.25,-0.19455961982245243,1,0,42,54988.1,0
206.22,32400.0,1.0,2.0,206.22,-1.4099434939368505,1,0,42,54988.1,0
1956.16,352800.0,1.0,1.0,1956.16,1.6634042751884042,1,0,42,54988.1,0
1918.38,244800.0,1.0,1.0,1918.38,1.5970528124425087,1,0,42,54988.1,0
591.89,172800.0,1.0,1.0,591.89,-0.7326071086216187,1,0,42,54988.1,0
1345.83,10800.0,1.0,2.0,1345.83,0.5915067564562093,1,0,42,54988.1,0
666.6,356400.0,1.0,1.0,666.6,-0.6013970032286636,1,0,42,54988.1,0
312.89,410400.0,1.0,1.0,312.89,-1.222603352827675,1,0,42,54988.1,0
510.06,172800.0,1.0,1.0,510.06,-0.8763217776659971,1,0,42,54988.1,0
914.83,309600.0,1.0,1.0,914.83,-0.16544084660045805,1,0,42,54988.1,0
1532.54,194400.0,1.0,1.0,1532.54,0.9194178631075095,1,0,42,54988.1,0
1631.85,0.0,1.0,1.0,1631.85,0.9537483714541481,0,0,22,51519.16,0
981.84,367200.0,1.0,1.0,981.84,-0.27642521507013135,0,0,22,51519.16,0
944.75,39600.0,1.0,2.0,944.75,-0.3466197325763014,0,0,22,51519.16,0
808.56,162000.0,1.0,1.0,808.56,-0.6043655222545243,0,0,22,51519.16,0
1151.42,144000.0,1.0,1.0,1151.42,0.044512673274336265,0,0,22,51519.16,0
1769.73,410400.0,1.0,1.0,1769.73,1.2146925632511478,0,0,22,51519.16,0
1994.55,234000.0,1.0,1.0,1994.55,1.6401746723300674,0,0,22,51519.16,0
1490.4,248400.0,1.0,1.0,1490.4,0.6860477917494372,0,0,22,51519.16,0
1313.65,374400.0,1.0,1.0,1313.65,0.3515403512205739,0,0,22,51519.16,0
362.45,342000.0,1.0,1.0,362.45,-1.4486490543299484,0,0,22,51519.16,0
939.31,284400.0,1.0,1.0,939.31,-0.3569151808166241,0,0,22,51519.16,0
340.99,417600.0,1.0,1.0,340.99,-1.489263083601515,0,0,22,51519.16,0
1607.36,309600.0,1.0,1.0,1607.36,0.9073999289163724,0,0,22,51519.16,0
896.58,3600.0,1.0,2.0,896.58,-0.43778365568959887,0,0,22,51519.16,0
297.86,342000.0,1.0,1.0,297.86,-1.570888576727455,0,0,22,51519.16,0
1789.89,324000.0,1.0,1.0,1789.89,1.252846283200579,0,0,22,51519.16,0
853.11,97200.0,1.0,1.0,853.11,-0.5200526143305589,0,0,22,51519.16,0
643.67,0.0,1.0,1.0,643.67,-0.4725010326462529,1,1,79,151246.1,0
1242.1,97200.0,1.0,1.0,1242.1,0.5141961312904227,1,1,79,151246.1,0
695.04,266400.0,1.0,1.0,695.04,-0.3878016804890632,1,1,79,151246.1,0
1442.54,68400.0,1.0,2.0,1442.54,0.8446835392403372,1,1,79,151246.1,0
701.43,176400.0,1.0,1.0,701.43,-0.3772657867712427,1,1,79,151246.1,0
1863.01,64800.0,1.0,2.0,1863.01,1.5379585363501982,1,1,79,151246.1,0
1372.93,259200.0,1.0,1.0,1372.93,0.7299098989120919,1,1,79,151246.1,0
199.03,28800.0,1.0,2.0,199.03,-1.2056277592020799,1,1,79,151246.1,0
664.77,241200.0,1.0,1.0,664.77,-0.4377111488518845,1,1,79,151246.1,0
789.03,126000.0,1.0,1.0,789.03,-0.23283006068656642,1,1,79,151246.1,0
252.5,331200.0,1.0,1.0,252.5,-1.1174659067620383,1,1,79,151246.1,0
1342.73,331200.0,1.0,1.0,1342.73,0.6801158472253656,1,1,79,151246.1,0
1404.44,151200.0,1.0,1.0,1404.44,0.7818638912514543,1,1,79,151246.1,0
1690.87,244800.0,1.0,1.0,1690.87,1.2541324417358584,1,1,79,151246.1,0
44.74,277200.0,1.0,1.0,44.74,-1.460022601412179,1,1,79,151246.1,0
1530.37,201600.0,1.0,1.0,1530.37,0.9894984915464686,1,1,79,151246.1,0
12.0,133200.0,1.0,1.0,12.0,-1.5140046296314975,1,1,79,151246.1,0
578.87,266400.0,1.0,1.0,578.87,-0.5793438985171092,1,1,79,151246.1,0
1906.69,212400.0,1.0,1.0,1906.69,1.6099785422335164,1,1,79,151246.1,0
1064.52,10800.0,1.0,2.0,1064.52,0.22140051213383835,1,1,79,151246.1,0
425.6,280800.0,1.0,1.0,425.6,-0.8320569548755375,1,1,79,151246.1,0
555.24,291600.0,1.0,1.0,555.24,-0.6183052707474848,1,1,79,151246.1,0
362.7,396000.0,1.0,1.0,362.7,-0.9357670823952423,1,1,79,151246.1,0
269.43,172800.0,1.0,1.0,269.43,-1.0895515592436185,1,1,79,151246.1,0
708.91,39600.0,1.0,2.0,708.91,-0.36493269052565613,1,1,79,151246.1,0
1930.19,237600.0,1.0,1.0,1930.19,1.6487255692082867,1,1,79,151246.1,0
1550.57,219600.0,1.0,1.0,1550.57,1.0228044466481863,1,1,79,151246.1,0
1821.27,302400.0,1.0,1.0,1821.27,1.4691372212043718,1,1,79,151246.1,0
495.72,136800.0,1.0,1.0,495.72,-0.7164424216214565,1,1,79,151246.1,0
346.32,43200.0,1.0,2.0,346.32,-0.9627745846014867,1,1,79,151246.1,0
140.9,0.0,1.0,1.0,140.9,-1.650171726002837,1,1,64,56453.07,0
1814.32,144000.0,1.0,1.0,1814.32,1.5086656572352473,1,1,64,56453.07,0
952.04,385200.0,1.0,1.0,952.04,-0.11902033840155356,1,1,64,56453.07,0
977.34,259200.0,1.0,1.0,977.34,-0.07126270087127201,1,1,64,56453.07,0
668.47,212400.0,1.0,1.0,668.47,-0.6543022860087433,1,1,64,56453.07,0
1841.4,10800.0,1.0,2.0,1841.4,1.5597833182755645,1,1,64,56453.07,0
439.95,151200.0,1.0,1.0,439.95,-1.0856688997802815,1,1,64,56453.07,0
840.42,230400.0,1.0,1.0,840.42,-0.3297202396319888,1,1,64,56453.07,0
1786.77,118800.0,1.0,1.0,1786.77,1.4566607989759883,1,1,64,56453.07,0
1115.87,126000.0,1.0,1.0,1115.87,0.19023396027773504,1,1,64,56453.07,0
1651.4,234000.0,1.0,1.0,1651.4,1.201129123384123,1,1,64,56453.07,0
1732.73,367200.0,1.0,1.0,1732.73,1.354651995334233,1,1,64,56453.07,0
1360.79,334800.0,1.0,1.0,1360.79,0.6525580940293765,1,1,64,56453.07,0
714.1,234000.0,1.0,1.0,714.1,-0.5681686496250776,1,1,64,56453.07,0
1230.98,352800.0,1.0,1.0,1230.98,0.4075217727722291,1,1,64,56453.07,0
1484.7,360000.0,1.0,1.0,1484.7,0.8864572587083162,1,1,64,56453.07,0
939.19,219600.0,1.0,1.0,939.19,-0.14327668789815878,1,1,64,56453.07,0
1217.99,28800.0,1.0,2.0,1217.99,0.38300115176359845,1,1,64,56453.07,0
1147.87,97200.0,1.0,1.0,1147.87,0.25063887731208306,1,1,64,56453.07,0
1775.18,144000.0,1.0,1.0,1775.18,1.4347828930876105,1,1,64,56453.07,0
1522.18,14400.0,1.0,2.0,1522.18,0.9572065177847964,1,1,64,56453.07,0
129.32,306000.0,1.0,1.0,129.32,-1.6720307553546416,1,1,64,56453.07,0
1690.13,147600.0,1.0,1.0,1690.13,1.2742379495322576,1,1,64,56453.07,0
1195.23,147600.0,1.0,1.0,1195.23,0.3400381545229184,1,1,64,56453.07,0
415.13,356400.0,1.0,1.0,415.13,-1.1325204635550474,1,1,64,56453.07,0
645.36,172800.0,1.0,1.0,645.36,-0.6979259620294865,1,1,64,56453.07,0
1367.46,32400.0,1.0,2.0,1367.46,0.6651487439237236,1,1,64,56453.07,0
1208.36,345600.0,1.0,1.0,1208.36,0.3648230470435741,1,1,64,56453.07,0
498.52,72000.0,1.0,2.0,498.52,-0.9751090250708512,1,1,64,56453.07,0
944.74,104400.0,1.0,1.0,944.74,-0.1328002101000141,1,1,64,56453.07,0
437.35,309600.0,1.0,1.0,437.35,-1.090576799289322,1,1,64,56453.07,0
361.04,316800.0,1.0,1.0,361.04,-1.2346236498796688,1,1,64,56453.07,0
304.68,374400.0,1.0,1.0,304.68,-1.3410118100064143,1,1,64,56453.07,0
341.86,388800.0,1.0,1.0,341.86,-1.2708288470271312,1,1,64,56453.07,0
634.45,280800.0,1.0,1.0,634.45,-0.7185202634308845,1,1,64,56453.07,0
426.67,0.0,1.0,1.0,426.67,-1.2177975068656364,2,1,64,52824.5,0
1398.4,190800.0,1.0,1.0,1398.4,0.6661685584164155,2,1,64,52824.5,0
918.38,262800.0,1.0,1.0,918.38,-0.26448233293888973,2,1,64,52824.5,0
1121.45,403200.0,1.0,1.0,1121.45,0.1292247553231032,2,1,64,52824.5,0
806.51,399600.0,1.0,1.0,806.51,-0.48137311918929176,2,1,64,52824.5,0
1327.11,93600.0,1.0,1.0,1327.11,0.5279532714602057,2,1,64,52824.5,0
787.59,324000.0,1.0,1.0,787.59,-0.5180547467557314,2,1,64,52824.5,0
522.86,64800.0,1.0,2.0,522.86,-1.0313067163996834,2,1,64,52824.5,0
377.94,162000.0,1.0,1.0,377.94,-1.3122740243768736,2,1,64,52824.5,0
828.81,255600.0,1.0,1.0,828.81,-0.4381384313070717,2,1,64,52824.5,0
588.5,396000.0,1.0,1.0,588.5,-0.9040455095571307,2,1,64,52824.5,0
806.32,212400.0,1.0,1.0,806.32,-0.4817414864851491,2,1,64,52824.5,0
1474.26,129600.0,1.0,1.0,1474.26,0.8132440482256179,2,1,64,52824.5,0
494.67,79200.0,1.0,2.0,494.67,-1.0859607904534854,2,1,64,52824.5,0
1597.23,32400.0,1.0,2.0,1597.23,1.0516552396550622,2,1,64,52824.5,0
1762.88,223200.0,1.0,1.0,1762.88,1.372813358385545,2,1,64,52824.5,0
1621.64,165600.0,1.0,1.0,1621.64,1.098980743296542,2,1,64,52824.5,0
1706.65,50400.0,1.0,2.0,1706.65,1.2637960265641444,2,1,64,52824.5,0
1760.82,82800.0,1.0,2.0,1760.82,1.3688194813883532,2,1,64,52824.5,0
627.72,7200.0,1.0,2.0,627.72,-0.8280067445911812,2,1,64,52824.5,0
36.09,190800.0,1.0,1.0,36.09,-1.9750443406341358,2,1,64,52824.5,0
1624.71,363600.0,1.0,1.0,1624.71,1.1049327832875022,2,1,64,52824.5,0
931.39,14400.0,1.0,2.0,931.39,-0.23925886704885907,2,1,64,52824.5,0
1201.8,147600.0,1.0,1.0,1201.8,0.28500534596599036,2,1,64,52824.5,0
1221.78,176400.0,1.0,1.0,1221.78,0.32374207528826654,2,1,64,52824.5,0
995.33,414000.0,1.0,1.0,995.33,-0.11529357811660988,2,1,64,52824.5,0
1479.2,345600.0,1.0,1.0,1479.2,0.8228215979179125,2,1,64,52824.5,0
1831.32,104400.0,1.0,1.0,1831.32,1.5055031359038922,2,1,64,52824.5,0
1118.08,226800.0,1.0,1.0,1118.08,0.12269108275973609,2,1,64,52824.5,0
359.59,414000.0,1.0,1.0,359.59,-1.3478505500557412,2,1,64,52824.5,0
248.36,414000.0,1.0,1.0,248.36,-1.5635005201516756,2,1,64,52824.5,0
1436.15,212400.0,1.0,1.0,1436.15,0.7393573237775729,2,1,64,52824.5,0
421.7,349200.0,1.0,1.0,421.7,-1.2274332198151716,2,1,64,52824.5,0
1283.87,100800.0,1.0,1.0,1283.87,0.44412063002400837,2,1,64,52824.5,0
876.25,374400.0,1.0,1.0,876.25,-0.3461629338571827,2,1,64,52824.5,0
1950.67,28800.0,1.0,2.0,1950.67,1.736895960959631,2,1,64,52824.5,0
1594.57,0.0,1.0,1.0,1594.57,0.678828615662204,0,0,26,60773.08,0
621.37,230400.0,1.0,1.0,621.37,-1.1734795805003282,0,0,26,60773.08,0
589.36,100800.0,1.0,1.0,589.36,-1.2344047606885347,0,0,26,60773.08,0
1797.08,3600.0,1.0,2.0,1797.08,1.0642693604267688,0,0,26,60773.08,0
629.27,226800.0,1.0,1.0,629.27,-1.1584433754554413,0,0,26,60773.08,0
1425.64,367200.0,1.0,1.0,1425.64,0.3573012589238807,0,0,26,60773.08,0
906.42,424800.0,1.0,1.0,906.42,-0.630939042773109,0,0,26,60773.08,0
1917.59,316800.0,1.0,1.0,1917.59,1.2936381034595952,0,0,26,60773.08,0
823.63,64800.0,1.0,2.0,823.63,-0.7885146650093358,0,0,26,60773.08,0
1518.58,50400.0,1.0,2.0,1518.58,0.5341955496671457,0,0,26,60773.08,0
1376.49,241200.0,1.0,1.0,1376.49,0.26375322373955207,0,0,26,60773.08,0
125.14,241200.0,1.0,1.0,125.14,-2.117962622199602,0,0,26,60773.08,0
1620.83,410400.0,1.0,1.0,1620.83,0.728809722558246,0,0,26,60773.08,0
606.84,10800.0,1.0,2.0,606.84,-1.2011347778803545,0,0,26,60773.08,0
1109.27,363600.0,1.0,1.0,1109.27,-0.2448511701964857,0,0,26,60773.08,0
1480.24,165600.0,1.0,1.0,1480.24,0.4612223722720867,0,0,26,60773.08,0
918.75,3600.0,1.0,2.0,918.75,-0.6074711430005194,0,0,26,60773.08,0
888.87,25200.0,1.0,3.0,888.87,-0.6643422577778894,0,0,26,60773.08,0
298.83,57600.0,1.0,3.0,298.83,-1.7873754760924605,0,0,26,60773.08,0
761.08,21600.0,1.0,3.0,761.08,-0.9075671492571433,0,0,26,60773.08,0
1494.83,111600.0,1.0,1.0,1494.83,0.4889917686777702,0,0,26,60773.08,0
185.83,176400.0,1.0,1.0,185.83,-2.002450307747173,0,0,26,60773.08,0
1874.72,216000.0,1.0,1.0,1874.72,1.212042899627405,0,0,26,60773.08,0
1103.09,403200.0,1.0,1.0,1103.09,-0.25661366983919487,0,0,26,60773.08,0
1541.32,417600.0,1.0,1.0,1541.32,0.5774769803912887,0,0,26,60773.08,0
1378.2,108000.0,1.0,1.0,1378.2,0.2670078959707871,0,0,26,60773.08,0
1636.75,363600.0,1.0,1.0,1636.75,0.7591105306993349,0,0,26,60773.08,0
1821.0,406800.0,1.0,1.0,1821.0,1.1097967053221736,0,0,26,60773.08,0
1818.02,208800.0,1.0,1.0,1818.02,1.1041248203811909,0,0,26,60773.08,0
1160.38,356400.0,1.0,1.0,1160.38,-0.1475726335073496,0,0,26,60773.08,0
1984.12,396000.0,1.0,1.0,1984.12,1.420265789742675,0,0,26,60773.08,0
1926.28,226800.0,1.0,1.0,1926.28,1.310177929008971,0,0,26,60773.08,0
1130.57,252000.0,1.0,1.0,1130.57,-0.20431051608811965,0,0,26,60773.08,0
1472.18,352800.0,1.0,1.0,1472.18,0.4458816364921135,0,0,26,60773.08,0
1816.45,201600.0,1.0,1.0,1816.45,1.1011366125431563,0,0,26,60773.08,0
1211.33,208800.0,1.0,1.0,1211.33,-0.05059862755330039,0,0,26,60773.08,0
595.1,0.0,1.0,1.0,595.1,-0.8697693786495087,0,0,54,54609.67,0
1411.74,345600.0,1.0,1.0,1411.74,0.5691068603687192,0,0,54,54609.67,0
780.91,25200.0,1.0,2.0,780.91,-0.5423820427708145,0,0,54,54609.67,0
1755.75,43200.0,1.0,3.0,1755.75,1.1752341808338698,0,0,54,54609.67,0
1048.14,417600.0,1.0,1.0,1048.14,-0.07153699801077183,0,0,54,54609.67,0
1408.82,385200.0,1.0,1.0,1408.82,0.5639619756974645,0,0,54,54609.67,0
1430.98,205200.0,1.0,1.0,1430.98,0.6030067169012313,0,0,54,54609.67,0
968.71,136800.0,1.0,1.0,968.71,-0.21148843274972404,0,0,54,54609.67,0
1449.58,360000.0,1.0,1.0,1449.58,0.6357789274783998,0,0,54,54609.67,0
686.77,111600.0,1.0,1.0,686.77,-0.7082517150146134,0,0,54,54609.67,0
683.58,158400.0,1.0,1.0,683.58,-0.7138723253232783,0,0,54,54609.67,0
1269.89,291600.0,1.0,1.0,1269.89,0.31917470604767745,0,0,54,54609.67,0
435.29,234000.0,1.0,1.0,435.29,-1.151346097592376,0,0,54,54609.67,0
1506.71,28800.0,1.0,2.0,1506.71,0.7364389484608541,0,0,54,54609.67,0
526.43,86400.0,1.0,1.0,526.43,-0.9907622657642493,0,0,54,54609.67,0
1140.42,118800.0,1.0,1.0,1140.42,0.09105545317531019,0,0,54,54609.67,0
625.05,378000.0,1.0,1.0,625.05,-0.8169990718330463,0,0,54,54609.67,0
1164.35,424800.0,1.0,1.0,1164.35,0.13321884022432315,0,0,54,54609.67,0
108.71,93600.0,1.0,1.0,108.71,-1.7267626852424698,0,0,54,54609.67,0
1745.77,284400.0,1.0,1.0,1745.77,1.157649951717733,0,0,54,54609.67,0
1400.52,367200.0,1.0,1.0,1400.52,0.5493378172141045,0,0,54,54609.67,0
352.97,3600.0,1.0,2.0,352.97,-1.2963895585984255,0,0,54,54609.67,0
1175.66,234000.0,1.0,1.0,1175.66,0.1531464585914083,0,0,54,54609.67,0
1616.91,169200.0,1.0,1.0,1616.91,0.9306054863965526,0,0,54,54609.67,0
104.69,273600.0,1.0,1.0,104.69,-1.7338457113994707,0,0,54,54609.67,0
1990.56,327600.0,1.0,1.0,1990.56,1.588956910168546,0,0,54,54609.67,0
1453.96,140400.0,1.0,1.0,1453.96,0.6434962544852817,0,0,54,54609.67,0
1965.33,255600.0,1.0,1.0,1965.33,1.5445029922727413,0,0,54,54609.67,0
1857.63,396000.0,1.0,1.0,1857.63,1.3547413213501036,0,0,54,54609.67,0
1742.74,165600.0,1.0,1.0,1742.74,1.1523112528979038,0,0,54,54609.67,0
195.14,100800.0,1.0,1.0,195.14,-1.574477622866949,0,0,54,54609.67,0
1235.71,298800.0,1.0,1.0,1235.71,0.2589513642451168,0,0,54,54609.67,0
206.52,25200.0,1.0,2.0,206.52,-1.5544266682234984,0,0,54,54609.67,0
832.37,115200.0,1.0,1.0,832.37,-0.45171226017398103,0,0,54,54609.67,0
1803.56,421200.0,1.0,1.0,1803.56,1.259472857591635,0,0,54,54609.67,0
517.71,219600.0,1.0,1.0,517.71,-1.0061264419058036,0,0,54,54609.67,0
923.32,0.0,1.0,1.0,923.32,-0.21151090711189074,2,0,49,68673.42,0
682.32,414000.0,1.0,1.0,682.32,-0.6295475048137013,2,0,49,68673.42,0
343.51,244800.0,1.0,1.0,343.51,-1.2172445158815453,2,0,49,68673.42,0
1361.17,320400.0,1.0,1.0,1361.17,0.5479800651027886,2,0,49,68673.42,0
1829.93,302400.0,1.0,1.0,1829.93,1.3610872665081857,2,0,49,68673.42,0
1484.44,349200.0,1.0,1.0,1484.44,0.761803182939727,2,0,49,68673.42,0
1294.97,111600.0,1.0,1.0,1294.97,0.4331500951116688,2,0,49,68673.42,0
1342.47,176400.0,1.0,1.0,1342.47,0.5155432004678348,2,0,49,68673.42,0
797.48,129600.0,1.0,1.0,797.48,-0.4297919255965208,2,0,49,68673.42,0
100.43,190800.0,1.0,1.0,100.43,-1.63888906430211,2,0,49,68673.42,0
190.63,417600.0,1.0,1.0,190.63,-1.48242889370998,2,0,49,68673.42,0
1696.25,432000.0,1.0,1.0,1696.25,1.1292070491605588,2,0,49,68673.42,0
1111.97,241200.0,1.0,1.0,1111.97,0.11571981552896626,2,0,49,68673.42,0
792.87,226800.0,1.0,1.0,792.87,-0.4377883932952982,2,0,49,68673.42,0
597.11,25200.0,1.0,2.0,597.11,-0.7773520628642044,2,0,49,68673.42,0
1371.13,147600.0,1.0,1.0,1371.13,0.5652565983522079,2,0,49,68673.42,0
1285.56,237600.0,1.0,1.0,1285.56,0.41682758729268926,2,0,49,68673.42,0
992.12,421200.0,1.0,1.0,992.12,-0.09217099872232833,2,0,49,68673.42,0
1984.81,338400.0,1.0,1.0,1984.81,1.6297408277200378,2,0,49,68673.42,0
1985.1,392400.0,1.0,1.0,1985.1,1.6302438593106332,2,0,49,68673.42,0
1578.16,306000.0,1.0,1.0,1578.16,0.9243691162866718,2,0,49,68673.42,0
365.29,288000.0,1.0,1.0,365.29,-1.1794651088361288,2,0,49,68673.42,0
1687.64,313200.0,1.0,1.0,1687.64,1.1142722146949466,2,0,49,68673.42,0
1088.94,410400.0,1.0,1.0,1088.94,0.07577216886891362,2,0,49,68673.42,0
379.39,54000.0,1.0,2.0,379.39,-1.155007365983035,2,0,49,68673.42,0
1735.67,57600.0,1.0,2.0,1735.67,1.1975846536477182,2,0,49,68673.42,0
783.17,97200.0,1.0,1.0,783.17,-0.4546139327048732,2,0,49,68673.42,0
282.99,370800.0,1.0,1.0,282.99,-1.3222220050637592,2,0,49,68673.42,0
1182.09,25200.0,1.0,2.0,1182.09,0.2373493849515841,2,0,49,68673.42,0
106.78,302400.0,1.0,1.0,106.78,-1.6278744070597595,2,0,49,68673.42,0
1583.4,0.0,1.0,1.0,1583.4,0.9101274923913805,2,1,75,80718.07,0
1520.27,86400.0,1.0,1.0,1520.27,0.8046296399589646,2,1,75,80718.07,0
176.43,36000.0,1.0,2.0,176.43,-1.4410892577565042,2,1,75,80718.07,0
1775.8,313200.0,1.0,1.0,1775.8,1.2316511231215685,2,1,75,80718.07,0
1372.36,291600.0,1.0,1.0,1372.36,0.5574541710332777,2,1,75,80718.07,0
344.7,136800.0,1.0,1.0,344.7,-1.1598897705269366,2,1,75,80718.07,0
1090.38,68400.0,1.0,2.0,1090.38,0.08623154424898227,2,1,75,80718.07,0
559.67,43200.0,1.0,2.0,559.67,-0.8006489446533996,2,1,75,80718.07,0
327.07,75600.0,1.0,2.0,327.07,-1.189351629205592,2,1,75,80718.07,0
1785.41,219600.0,1.0,1.0,1785.41,1.2477105934506598,2,1,75,80718.07,0
1625.87,363600.0,1.0,1.0,1625.87,0.981099990297363,2,1,75,80718.07,0
655.03,118800.0,1.0,1.0,655.03,-0.6412908707114517,2,1,75,80718.07,0
1109.96,306000.0,1.0,1.0,1109.96,0.11895208837422688,2,1,75,80718.07,0
1859.44,190800.0,1.0,1.0,1859.44,1.3714236619691411,2,1,75,80718.07,0
238.19,162000.0,1.0,1.0,238.19,-1.3378808407404106,2,1,75,80718.07,0
1814.01,349200.0,1.0,1.0,1814.01,1.2955046466673092,2,1,75,80718.07,0
1625.01,417600.0,1.0,1.0,1625.01,0.97966282645938,2,1,75,80718.07,0
484.98,399600.0,1.0,1.0,484.98,-0.925464952861496,2,1,75,80718.07,0
1916.48,158400.0,1.0,1.0,1916.48,1.4667443890837457,2,1,75,80718.07,0
314.92,86400.0,1.0,1.0,314.92,-1.2096557462189585,2,1,75,80718.07,0
411.48,277200.0,1.0,1.0,411.48,-1.048292327386802,2,1,75,80718.07,0
396.88,298800.0,1.0,1.0,396.88,-1.072690690217679,2,1,75,80718.07,0
1933.55,162000.0,1.0,1.0,1933.55,1.4952704201469698,2,1,75,80718.07,0
381.09,90000.0,1.0,1.0,381.09,-1.0990776867313468,2,1,75,80718.07,0
712.96,126000.0,1.0,1.0,712.96,-0.5444828461366086,2,1,75,80718.07,0
694.45,205200.0,1.0,1.0,694.45,-0.5754152910680835,2,1,75,80718.07,0
1634.37,309600.0,1.0,1.0,1634.37,0.9953045166030106,2,1,75,80718.07,0
1590.14,158400.0,1.0,1.0,1590.14,0.9213908461913881,2,1,75,80718.07,0
349.68,100800.0,1.0,1.0,349.68,-1.151567589232569,2,1,75,80718.07,0
1551.51,291600.0,1.0,1.0,1551.51,0.8568354519340742,2,1,75,80718.07,0
744.93,363600.0,1.0,1.0,744.93,-0.49105711601995533,2,1,75,80718.07,0
575.64,7200.0,1.0,2.0,575.64,-0.7739611464062004,2,1,75,80718.07,0
1475.25,32400.0,1.0,3.0,1475.25,0.7293957841612875,2,1,75,80718.07,0
1258.74,3600.0,1.0,4.0,1258.74,0.36758143234531526,2,1,75,80718.07,0
594.55,54000.0,1.0,3.0,594.55,-0.7423602531779891,2,1,75,80718.07,0
804.05,298800.0,1.0,1.0,804.05,-0.3922604577623216,2,1,75,80718.07,0
281.88,104400.0,1.0,1.0,281.88,-1.264869575529382,2,1,75,80718.07,0
1742.11,201600.0,1.0,1.0,1742.11,1.1753510653289487,2,1,75,80718.07,0
1199.74,363600.0,1.0,1.0,1199.74,0.26898530857670244,2,1,75,80718.07,0
1567.56,0.0,1.0,1.0,1567.56,0.8859505182455618,0,0,54,20888.61,0
1450.91,118800.0,1.0,1.0,1450.91,0.6995645678575717,0,0,54,20888.61,0
46.82,306000.0,1.0,1.0,46.82,-1.5439214936964227,0,0,54,20888.61,0
879.7,284400.0,1.0,1.0,879.7,-0.2131274057482921,0,0,54,20888.61,0
263.85,61200.0,1.0,2.0,263.85,-1.1971461588253935,0,0,54,20888.61,0
1327.79,43200.0,1.0,2.0,1327.79,0.5028407083481897,0,0,54,20888.61,0
1561.92,349200.0,1.0,1.0,1561.92,0.8769388014844111,0,0,54,20888.61,0
76.31,162000.0,1.0,1.0,76.31,-1.4968017193548726,0,0,54,20888.61,0
1492.69,324000.0,1.0,1.0,1492.69,0.7663215760634031,0,0,54,20888.61,0
1146.35,126000.0,1.0,1.0,1146.35,0.2129318627554166,0,0,54,20888.61,0
902.4,237600.0,1.0,1.0,902.4,-0.17685684360678014,0,0,54,20888.61,0
65.01,270000.0,1.0,1.0,65.01,-1.5148571093195902,0,0,54,20888.61,0
769.71,208800.0,1.0,1.0,769.71,-0.3888718608119446,0,0,54,20888.61,0
1770.12,3600.0,1.0,2.0,1770.12,1.209605367029028,0,0,54,20888.61,0
1949.84,136800.0,1.0,1.0,1949.84,1.4967659585740742,0,0,54,20888.61,0
861.72,82800.0,1.0,2.0,861.72,-0.2418562474797629,0,0,54,20888.61,0
495.34,100800.0,1.0,1.0,495.34,-0.8272663160880093,0,0,54,20888.61,0
278.86,291600.0,1.0,1.0,278.86,-1.173162848792614,0,0,54,20888.61,0
956.44,352800.0,1.0,1.0,956.44,-0.0905105362002905,0,0,54,20888.61,0
1502.58,54000.0,1.0,2.0,1502.58,0.7821240368378326,0,0,54,20888.61,0
1908.89,360000.0,1.0,1.0,1908.89,1.4313351427284833,0,0,54,20888.61,0
512.92,0.0,1.0,1.0,512.92,-1.091906309585841,2,0,54,10187.64,0
764.5,309600.0,1.0,1.0,764.5,-0.6193712730283617,2,0,54,10187.64,0
813.16,367200.0,1.0,1.0,813.16,-0.5279746799808741,2,0,54,10187.64,0
366.55,32400.0,1.0,2.0,366.55,-1.3668286138267116,2,0,54,10187.64,0
586.06,244800.0,1.0,1.0,586.06,-0.9545296795921451,2,0,54,10187.64,0
1364.35,194400.0,1.0,1.0,1364.35,0.5073086764072209,2,0,54,10187.64,0
1845.66,158400.0,1.0,1.0,1845.66,1.411338561316516,2,0,54,10187.64,0
579.85,100800.0,1.0,1.0,579.85,-0.9661937330821757,2,0,54,10187.64,0
538.5,396000.0,1.0,1.0,538.5,-1.0438601762082262,2,0,54,10187.64,0
1331.83,183600.0,1.0,1.0,1331.83,0.4462273528169148,2,0,54,10187.64,0
440.92,270000.0,1.0,1.0,440.92,-1.2271417123688064,2,0,54,10187.64,0
1264.24,288000.0,1.0,1.0,1264.24,0.3192751184544059,2,0,54,10187.64,0
1012.68,90000.0,1.0,1.0,1012.68,-0.1532223527134115,2,0,54,10187.64,0
309.24,136800.0,1.0,1.0,309.24,-1.474472237902986,2,0,54,10187.64,0
1364.59,234000.0,1.0,1.0,1364.59,0.5077594610831642,2,0,54,10187.64,0
1935.19,75600.0,1.0,2.0,1935.19,1.5795000281381675,2,0,54,10187.64,0
1771.17,266400.0,1.0,1.0,1771.17,1.2714262675206394,2,0,54,10187.64,0
1282.38,367200.0,1.0,1.0,1282.38,0.3533469268777811,2,0,54,10187.64,0
1717.19,248400.0,1.0,1.0,1717.19,1.170037280823077,2,0,54,10187.64,0
843.39,54000.0,1.0,2.0,843.39,-0.4711945935068595,2,0,54,10187.64,0
657.66,165600.0,1.0,1.0,657.66,-0.820045584602418,2,0,54,10187.64,0
1945.92,25200.0,1.0,2.0,1945.92,1.5996538596917955,2,0,54,10187.64,0
1918.95,194400.0,1.0,1.0,1918.95,1.5489969317326762,2,0,54,10187.64,0
1660.16,284400.0,1.0,1.0,1660.16,1.0629195722020695,2,0,54,10187.64,0
1842.41,165600.0,1.0,1.0,1842.41,1.4052341854964514,2,0,54,10187.64,0
1378.68,126000.0,1.0,1.0,1378.68,0.5342242780999976,2,0,54,10187.64,0
357.2,108000.0,1.0,1.0,357.2,-1.384390433493666,2,0,54,10187.64,0
1599.93,46800.0,1.0,2.0,1599.93,0.9497914012351525,2,0,54,10187.64,0
333.82,252000.0,1.0,1.0,333.82,-1.4283043740084682,2,0,54,10187.64,0
1278.23,154800.0,1.0,1.0,1278.23,0.3455521085229294,2,0,54,10187.64,0
695.86,151200.0,1.0,1.0,695.86,-0.7482956903481223,2,0,54,10187.64,0
1116.14,72000.0,1.0,2.0,1116.14,0.04110340800777808,2,0,54,10187.64,0
1637.38,21600.0,1.0,2.0,1637.38,1.0201325933771257,2,0,54,10187.64,0
1292.91,248400.0,1.0,1.0,1292.91,0.37312510453478975,2,0,54,10187.64,0
522.76,90000.0,1.0,1.0,522.76,-1.073424137872169,2,0,54,10187.64,0
614.29,259200.0,1.0,1.0,614.29,-0.901506132084324,2,0,54,10187.64,0
608.8,417600.0,1.0,1.0,608.8,-0.9118178315465251,2,0,54,10187.64,0
1043.87,75600.0,1.0,2.0,1043.87,-0.09463912753562412,2,0,54,10187.64,0
1690.92,129600.0,1.0,1.0,1690.92,1.1206951415021253,2,0,54,10187.64,0
607.54,277200.0,1.0,1.0,607.54,-0.914184451095227,2,0,54,10187.64,0
1416.71,57600.0,1.0,2.0,1416.71,0.6056548665421667,2,0,54,10187.64,0
556.56,0.0,1.0,1.0,556.56,-1.3058823211522863,1,0,57,115801.56,0
1858.73,432000.0,1.0,1.0,1858.73,1.474204892945102,1,0,57,115801.56,0
839.05,237600.0,1.0,1.0,839.05,-0.7027760930020669,1,0,57,115801.56,0
1192.82,122400.0,1.0,1.0,1192.82,0.052510431592442945,1,0,57,115801.56,0
878.24,82800.0,1.0,2.0,878.24,-0.6191068194659873,1,0,57,115801.56,0
1539.97,7200.0,1.0,2.0,1539.97,0.7936634887001236,1,0,57,115801.56,0
962.48,183600.0,1.0,1.0,962.48,-0.4392573782136439,1,0,57,115801.56,0
1401.36,14400.0,1.0,2.0,1401.36,0.4977360070763423,1,0,57,115801.56,0
1957.85,424800.0,1.0,1.0,1957.85,1.6858226115696537,1,0,57,115801.56,0
1012.05,298800.0,1.0,1.0,1012.05,-0.33342716925259636,1,0,57,115801.56,0
651.36,190800.0,1.0,1.0,651.36,-1.103487650797085,1,0,57,115801.56,0
1646.28,0.0,1.0,1.0,1646.28,1.0753600675058181,0,0,18,114365.71,0
591.73,334800.0,1.0,1.0,591.73,-0.9028441595423873,0,0,18,114365.71,0
750.7,32400.0,1.0,2.0,750.7,-0.6046362737391031,0,0,18,114365.71,0
1254.89,381600.0,1.0,1.0,1254.89,0.3411612600292671,0,0,18,114365.71,0
1022.54,75600.0,1.0,2.0,1022.54,-0.0946983503776845,0,0,18,114365.71,0
1876.17,388800.0,1.0,1.0,1876.17,1.5066050248393843,0,0,18,114365.71,0
787.8,86400.0,1.0,1.0,787.8,-0.5350413025917055,0,0,18,114365.71,0
1139.63,342000.0,1.0,1.0,1139.63,0.12494788066406286,0,0,18,114365.71,0
1993.68,21600.0,1.0,2.0,1993.68,1.7270391234790263,0,0,18,114365.71,0
768.65,7200.0,1.0,3.0,768.65,-0.5709643133052544,0,0,18,114365.71,0
531.68,32400.0,1.0,4.0,531.68,-1.0154904672890517,0,0,18,114365.71,0
643.26,86400.0,1.0,1.0,643.26,-0.8061803087815945,0,0,18,114365.71,0
1200.28,428400.0,1.0,1.0,1200.28,0.23871971355057692,0,0,18,114365.71,0
1629.38,234000.0,1.0,1.0,1629.38,1.0436577760667072,0,0,18,114365.71,0
636.84,424800.0,1.0,1.0,636.84,-0.8182234277779905,0,0,18,114365.71,0
542.27,338400.0,1.0,1.0,542.27,-0.9956249485706973,0,0,18,114365.71,0
1695.66,334800.0,1.0,1.0,1695.66,1.1679907865154815,0,0,18,114365.71,0
946.09,108000.0,1.0,1.0,946.09,-0.23810901194691797,0,0,18,114365.71,0
1306.22,151200.0,1.0,1.0,1306.22,0.43744993574344304,0,0,18,114365.71,0
1675.42,169200.0,1.0,1.0,1675.42,1.1300230717978714,0,0,18,114365.71,0
409.9,64800.0,1.0,2.0,409.9,-1.2439345531739603,0,0,18,114365.71,0
1351.02,334800.0,1.0,1.0,1351.02,0.5214891461855838,0,0,18,114365.71,0
222.79,54000.0,1.0,2.0,222.79,-1.594929568036214,0,0,18,114365.71,0
1722.18,295200.0,1.0,1.0,1722.18,1.217738997696856,0,0,18,114365.71,0
1203.5,86400.0,1.0,1.0,1203.5,0.24476003180110584,0,0,18,114365.71,0
1412.09,97200.0,1.0,1.0,1412.09,0.6360488466699931,0,0,18,114365.71,0
10.95,162000.0,1.0,1.0,10.95,-1.9923149774126225,0,0,18,114365.71,0
644.51,0.0,1.0,1.0,644.51,-0.34906727397238785,1,0,30,62889.17,0
337.26,122400.0,1.0,1.0,337.26,-0.8500629138047135,1,0,30,62889.17,0
731.5,280800.0,1.0,1.0,731.5,-0.20722313822295252,1,0,30,62889.17,0
430.0,237600.0,1.0,1.0,430.0,-0.6988429442748523,1,0,30,62889.17,0
264.04,90000.0,1.0,1.0,264.04,-0.9694539658747636,1,0,30,62889.17,0
511.81,403200.0,1.0,1.0,511.81,-0.5654452118267398,1,0,30,62889.17,0
738.96,316800.0,1.0,1.0,738.96,-0.19505901300521722,1,0,30,62889.17,0
576.12,147600.0,1.0,1.0,576.12,-0.46058262566688013,1,0,30,62889.17,0
1006.14,252000.0,1.0,1.0,1006.14,0.24059929472594874,1,0,30,62889.17,0
637.08,234000.0,1.0,1.0,637.08,-0.36118248179648604,1,0,30,62889.17,0
1430.11,115200.0,1.0,1.0,1430.11,0.9319162074019816,1,0,30,62889.17,0
410.21,266400.0,1.0,1.0,410.21,-0.7311121182773965,1,0,30,62889.17,0
338.06,79200.0,1.0,2.0,338.06,-0.8487584499743934,1,0,30,62889.17,0
929.33,392400.0,1.0,1.0,929.33,0.11535446121733717,1,0,30,62889.17,0
231.96,284400.0,1.0,1.0,231.96,-1.0217629654706009,1,0,30,62889.17,0
1935.41,327600.0,1.0,1.0,1935.41,1.755848174227935,1,0,30,62889.17,0
1779.45,172800.0,1.0,1.0,1779.45,1.5015429505070252,1,0,30,62889.17,0
188.28,180000.0,1.0,1.0,188.28,-1.0929866906060801,1,0,30,62889.17,0
1790.75,428400.0,1.0,1.0,1790.75,1.519968502110297,1,0,30,62889.17,0
1149.3,118800.0,1.0,1.0,1149.3,0.4740330971617363,1,0,30,62889.17,0
1976.39,216000.0,1.0,1.0,1976.39,1.822669333936084,1,0,30,62889.17,0
575.21,144000.0,1.0,1.0,575.21,-0.46206645327386925,1,0,30,62889.17,0
132.8,43200.0,1.0,2.0,132.8,-1.1834512572387812,1,0,30,62889.17,0
1929.14,169200.0,1.0,1.0,1929.14,1.745624438957801,1,0,30,62889.17,0
773.15,68400.0,1.0,2.0,773.15,-0.13930949005691068,1,0,30,62889.17,0
830.09,64800.0,1.0,2.0,830.09,-0.04646427693387521,1,0,30,62889.17,0
1898.41,180000.0,1.0,1.0,1898.41,1.695516722075629,1,0,30,62889.17,0
1425.85,7200.0,1.0,2.0,1425.85,0.9249699375055268,1,0,30,62889.17,0
489.43,399600.0,1.0,1.0,489.43,-0.6019375874799454,1,0,30,62889.17,0
1412.1,284400.0,1.0,1.0,1412.1,0.9025494654218995,1,0,30,62889.17,0
184.91,64800.0,1.0,2.0,184.91,-1.0984817444913038,1,0,30,62889.17,0
716.44,136800.0,1.0,1.0,716.44,-0.2317796698287289,1,0,30,62889.17,0
181.93,18000.0,1.0,2.0,181.93,-1.103340872259246,1,0,30,62889.17,0
90.59,43200.0,1.0,3.0,90.59,-1.2522780300860472,1,0,30,62889.17,0
448.98,46800.0,1.0,2.0,448.98,-0.6678945399005071,1,0,30,62889.17,0
1783.38,205200.0,1.0,1.0,1783.38,1.507951129073473,1,0,30,62889.17,0
1467.45,0.0,1.0,1.0,1467.45,0.9134868790296827,2,1,81,172037.88,0
1198.13,158400.0,1.0,1.0,1198.13,0.4612887945812712,2,1,81,172037.88,0
565.1,388800.0,1.0,1.0,565.1,-0.6015916205322667,2,1,81,172037.88,0
1775.0,252000.0,1.0,1.0,1775.0,1.4298745252204927,2,1,81,172037.88,0
734.71,428400.0,1.0,1.0,734.71,-0.3168102559722819,2,1,81,172037.88,0
28.19,298800.0,1.0,1.0,28.19,-1.503083056449379,2,1,81,172037.88,0
66.15,403200.0,1.0,1.0,66.15,-1.439346834536184,2,1,81,172037.88,0
57.72,75600.0,1.0,2.0,57.72,-1.4535011114257579,2,1,81,172037.88,0
1400.07,316800.0,1.0,1.0,1400.07,0.8003534060973567,2,1,81,172037.88,0
816.7,342000.0,1.0,1.0,816.7,-0.17914606117083653,2,1,81,172037.88,0
821.89,288000.0,1.0,1.0,821.89,-0.1704318622317038,2,1,81,172037.88,0
290.9,93600.0,1.0,1.0,290.9,-1.0619834026344295,2,1,81,172037.88,0
51.1,432000.0,1.0,1.0,51.1,-1.4646163324232646,2,1,81,172037.88,0
1970.1,25200.0,1.0,2.0,1970.1,1.7574545277300913,2,1,81,172037.88,0
1873.5,90000.0,1.0,1.0,1873.5,1.5952596110595263,2,1,81,172037.88,0
1906.17,342000.0,1.0,1.0,1906.17,1.650113730393143,2,1,81,172037.88,0
1012.87,183600.0,1.0,1.0,1012.87,0.1502305102915312,2,1,81,172037.88,0
1449.14,259200.0,1.0,1.0,1449.14,0.8827437224640715,2,1,81,172037.88,0
1030.63,234000.0,1.0,1.0,1030.63,0.18005019683469117,2,1,81,172037.88,0
629.87,39600.0,1.0,2.0,629.87,-0.49284043261557425,2,1,81,172037.88,0
854.72,424800.0,1.0,1.0,854.72,-0.11530909707337404,2,1,81,172037.88,0
1081.39,28800.0,1.0,2.0,1081.39,0.26527808472493836,2,1,81,172037.88,0
599.06,122400.0,1.0,1.0,599.06,-0.5445715442369005,2,1,81,172037.88,0
1835.82,118800.0,1.0,1.0,1835.82,1.5319935193395793,2,1,81,172037.88,0
1499.82,144000.0,1.0,1.0,1499.82,0.9678372874419618,2,1,81,172037.88,0
774.49,403200.0,1.0,1.0,774.49,-0.2500181878029748,2,1,81,172037.88,0
414.91,86400.0,1.0,1.0,414.91,-0.8537660981176927,2,1,81,172037.88,0
307.14,432000.0,1.0,1.0,307.14,-1.0347158514260446,2,1,81,172037.88,0
230.02,266400.0,1.0,1.0,230.02,-1.1642031389377834,2,1,81,172037.88,0
620.62,50400.0,1.0,2.0,620.62,-0.5083715193568032,2,1,81,172037.88,0
565.99,381600.0,1.0,1.0,565.99,-0.6000972781322998,2,1,81,172037.88,0
1541.54,226800.0,1.0,1.0,1541.54,1.0378866862359162,2,1,81,172037.88,0
1001.15,118800.0,1.0,1.0,1001.15,0.13055220363129286,2,1,81,172037.88,0
511.75,0.0,1.0,1.0,511.75,-1.2290045715407958,2,1,79,131948.84,0
1125.51,28800.0,1.0,2.0,1125.51,-0.10403472231369872,2,1,79,131948.84,0
1229.75,288000.0,1.0,1.0,1229.75,0.08702832689679496,2,1,79,131948.84,0
1987.09,25200.0,1.0,2.0,1987.09,1.4751680975134034,2,1,79,131948.84,0
1803.33,266400.0,1.0,1.0,1803.33,1.138351655428596,2,1,79,131948.84,0
162.52,360000.0,1.0,1.0,162.52,-1.8691134421833582,2,1,79,131948.84,0
1084.31,97200.0,1.0,1.0,1084.31,-0.17955081620733213,2,1,79,131948.84,0
975.81,338400.0,1.0,1.0,975.81,-0.3784220828932355,2,1,79,131948.84,0
1305.79,126000.0,1.0,1.0,1305.79,0.226403175917957,2,1,79,131948.84,0
1802.88,104400.0,1.0,1.0,1802.88,1.1375268437234474,2,1,79,131948.84,0
725.49,396000.0,1.0,1.0,725.49,-0.8372373407440677,2,1,79,131948.84,0
1473.0,277200.0,1.0,1.0,1473.0,0.5328848764022879,2,1,79,131948.84,0
1577.94,0.0,1.0,1.0,1577.94,1.0319057503364795,2,0,60,197354.94,0
1443.24,169200.0,1.0,1.0,1443.24,0.8298309618630232,2,0,60,197354.94,0
1425.35,352800.0,1.0,1.0,1425.35,0.8029926696151378,2,0,60,197354.94,0
310.43,396000.0,1.0,1.0,310.43,-0.8695925060702805,2,0,60,197354.94,0
184.87,424800.0,1.0,1.0,184.87,-1.0579556125344762,2,0,60,197354.94,0
64.54,43200.0,1.0,2.0,64.54,-1.2384727565360427,2,0,60,197354.94,0
515.96,118800.0,1.0,1.0,515.96,-0.5612596829451917,2,0,60,197354.94,0
1586.22,7200.0,1.0,2.0,1586.22,1.0443272740822866,2,0,60,197354.94,0
146.25,219600.0,1.0,1.0,146.25,-1.1158927196676973,2,0,60,197354.94,0
738.6,410400.0,1.0,1.0,738.6,-0.2272587111134893,2,0,60,197354.94,0
1999.59,21600.0,1.0,2.0,1999.59,1.6644583454354611,2,0,60,197354.94,0
506.01,352800.0,1.0,1.0,506.01,-0.5761865140165421,2,0,60,197354.94,0
1716.74,288000.0,1.0,1.0,1716.74,1.2401312933217485,2,0,60,197354.94,0
172.29,396000.0,1.0,1.0,172.29,-1.0768279275975505,2,0,60,197354.94,0
884.74,10800.0,1.0,2.0,884.74,-0.008021817368048332,2,0,60,197354.94,0
1725.96,126000.0,1.0,1.0,1725.96,1.2539629900531908,2,0,60,197354.94,0
21.54,147600.0,1.0,1.0,21.54,-1.3029806697087125,2,0,60,197354.94,0
1606.76,237600.0,1.0,1.0,1606.76,1.0751410540024409,2,0,60,197354.94,0
317.9,363600.0,1.0,1.0,317.9,-0.8583861313865633,2,0,60,197354.94,0
1307.3,262800.0,1.0,1.0,1307.3,0.6258959451957503,2,0,60,197354.94,0
1713.39,79200.0,1.0,2.0,1713.39,1.2351056768303894,2,0,60,197354.94,0
583.3,104400.0,1.0,1.0,583.3,-0.4602372905487363,2,0,60,197354.94,0
116.49,284400.0,1.0,1.0,116.49,-1.160538196319294,2,0,60,197354.94,0
1943.39,118800.0,1.0,1.0,1943.39,1.5801480031028092,2,0,60,197354.94,0
579.17,198000.0,1.0,1.0,579.17,-0.46643305058136714,2,0,60,197354.94,0
341.64,172800.0,1.0,1.0,341.64,-0.8227717625791405,2,0,60,197354.94,0
1614.5,352800.0,1.0,1.0,1614.5,1.0867524783735214,2,0,60,197354.94,0
315.92,108000.0,1.0,1.0,315.92,-0.8613564957605605,2,0,60,197354.94,0
371.76,331200.0,1.0,1.0,371.76,-0.7775862196777262,2,0,60,197354.94,0
1587.56,277200.0,1.0,1.0,1587.56,1.0463375206788301,2,0,60,197354.94,0
1027.05,43200.0,1.0,2.0,1027.05,0.20546937155294315,2,0,60,197354.94,0
178.99,320400.0,1.0,1.0,178.99,-1.066776694614832,2,0,60,197354.94,0
1339.66,75600.0,1.0,2.0,1339.66,0.6744419003182527,2,0,60,197354.94,0
1653.42,144000.0,1.0,1.0,1653.42,1.1451396407149241,2,0,60,197354.94,0
140.3,248400.0,1.0,1.0,140.3,-1.1248188146299622,2,0,60,197354.94,0
284.37,144000.0,1.0,1.0,284.37,-0.908687301820973,2,0,60,197354.94,0
515.56,0.0,1.0,1.0,515.56,-0.7824783028907929,2,0,47,98250.72,0
157.94,396000.0,1.0,1.0,157.94,-1.3611858975024906,2,0,47,98250.72,0
595.95,280800.0,1.0,1.0,595.95,-0.6523896514427909,2,0,47,98250.72,0
904.06,388800.0,1.0,1.0,904.06,-0.1538000955571856,2,0,47,98250.72,0
987.87,57600.0,1.0,2.0,987.87,-0.01817713402145931,2,0,47,98250.72,0
1191.38,270000.0,1.0,1.0,1191.38,0.3111466805846217,2,0,47,98250.72,0
944.87,187200.0,1.0,1.0,944.87,-0.08776056494898855,2,0,47,98250.72,0
1838.17,424800.0,1.0,1.0,1838.17,1.3577947570873343,2,0,47,98250.72,0
1866.06,349200.0,1.0,1.0,1866.06,1.4029268940307942,2,0,47,98250.72,0
815.96,230400.0,1.0,1.0,815.96,-0.2963652179924256,2,0,47,98250.72,0
1329.52,374400.0,1.0,1.0,1329.52,0.5346874979876189,2,0,47,98250.72,0
18.48,417600.0,1.0,1.0,18.48,-1.5868627644130309,2,0,47,98250.72,0
1774.71,345600.0,1.0,1.0,1774.71,1.2551025587928921,2,0,47,98250.72,0
1178.27,360000.0,1.0,1.0,1178.27,0.28993182524834454,2,0,47,98250.72,0
1071.49,320400.0,1.0,1.0,1071.49,0.11713836584272665,2,0,47,98250.72,0
1894.51,241200.0,1.0,1.0,1894.51,1.4489652337956365,2,0,47,98250.72,0
1437.67,82800.0,1.0,2.0,1437.67,0.7096979178669747,2,0,47,98250.72,0
586.47,259200.0,1.0,1.0,586.47,-0.6677303706333253,2,0,47,98250.72,0
342.98,295200.0,1.0,1.0,342.98,-1.0617505938087695,2,0,47,98250.72,0
1893.94,356400.0,1.0,1.0,1893.94,1.4480428487810157,2,0,47,98250.72,0
1296.27,392400.0,1.0,1.0,1296.27,0.480881705468076,2,0,47,98250.72,0
398.7,363600.0,1.0,1.0,398.7,-0.9715834130812828,2,0,47,98250.72,0
75.92,316800.0,1.0,1.0,75.92,-1.4939122464484431,2,0,47,98250.72,0
186.39,198000.0,1.0,1.0,186.39,-1.3151475577376486,2,0,47,98250.72,0
1674.43,356400.0,1.0,1.0,1674.43,1.0928275249925985,2,0,47,98250.72,0
1658.5,0.0,1.0,1.0,1658.5,1.1899832368060805,0,0,31,70950.9,0
1502.65,374400.0,1.0,1.0,1502.65,0.9260956345092122,0,0,31,70950.9,0
320.25,46800.0,1.0,2.0,320.25,-1.0759621194581748,0,0,31,70950.9,0
1322.7,43200.0,1.0,2.0,1322.7,0.6214015438238,0,0,31,70950.9,0
360.66,118800.0,1.0,1.0,360.66,-1.0075392897577164,0,0,31,70950.9,0
1424.64,313200.0,1.0,1.0,1424.64,0.7940079100614823,0,0,31,70950.9,0
420.52,259200.0,1.0,1.0,420.52,-0.9061834227478316,0,0,31,70950.9,0
1141.2,331200.0,1.0,1.0,1141.2,0.3140829694453488,0,0,31,70950.9,0
61.86,180000.0,1.0,1.0,61.86,-1.5134720171642244,0,0,31,70950.9,0
688.25,403200.0,1.0,1.0,688.25,-0.45285889427211395,0,0,31,70950.9,0
130.65,259200.0,1.0,1.0,130.65,-1.3969957376518627,0,0,31,70950.9,0
177.92,291600.0,1.0,1.0,177.92,-1.3169574510905988,0,0,31,70950.9,0
15.54,363600.0,1.0,1.0,15.54,-1.5919017492039482,0,0,31,70950.9,0
1329.58,147600.0,1.0,1.0,1329.58,0.6330508649903218,0,0,31,70950.9,0
1328.76,172800.0,1.0,1.0,1328.76,0.63166242845594,0,0,31,70950.9,0
1724.68,262800.0,1.0,1.0,1724.68,1.3020402244224216,0,0,31,70950.9,0
898.55,154800.0,1.0,1.0,898.55,-0.09677571966171022,0,0,31,70950.9,0
77.45,93600.0,1.0,1.0,77.45,-1.4870747908581083,0,0,31,70950.9,0
1794.06,75600.0,1.0,2.0,1794.06,1.419515500953424,0,0,31,70950.9,0
341.68,172800.0,1.0,1.0,341.68,-1.0396765158828019,0,0,31,70950.9,0
1225.85,374400.0,1.0,1.0,1225.85,0.4574136433910009,0,0,31,70950.9,0
930.75,216000.0,1.0,1.0,930.75,-0.042254187457929825,0,0,31,70950.9,0
1491.52,122400.0,1.0,1.0,1491.52,0.9072501483779053,0,0,31,70950.9,0
799.63,234000.0,1.0,1.0,799.63,-0.2642685757361806,0,0,31,70950.9,0
232.21,21600.0,1.0,2.0,232.21,-1.2250327932227965,0,0,31,70950.9,0
1339.43,46800.0,1.0,3.0,1339.43,0.6497290355557642,0,0,31,70950.9,0
862.36,331200.0,1.0,1.0,862.36,-0.15805318085595887,0,0,31,70950.9,0
1555.64,3600.0,1.0,2.0,1555.64,1.0158191125054332,0,0,31,70950.9,0
1930.25,399600.0,1.0,1.0,1930.25,1.6501144907308414,0,0,31,70950.9,0
1913.28,64800.0,1.0,2.0,1913.28,1.6213806273302778,0,0,31,70950.9,0
1204.97,356400.0,1.0,1.0,1204.97,0.4220593082228355,0,0,31,70950.9,0
761.86,162000.0,1.0,1.0,761.86,-0.32822131708204344,0,0,31,70950.9,0
927.68,97200.0,1.0,1.0,927.68,-0.047452358385433185,0,0,31,70950.9,0
598.44,414000.0,1.0,1.0,598.44,-0.6049265590926577,0,0,31,70950.9,0
996.64,0.0,1.0,1.0,996.64,-0.3036010661254122,2,0,25,11094.98,0
1553.97,284400.0,1.0,1.0,1553.97,0.8743000225731999,2,0,25,11094.98,0
1227.78,234000.0,1.0,1.0,1227.78,0.18490674368528734,2,0,25,11094.98,0
1995.64,392400.0,1.0,1.0,1995.64,1.8077569939286198,2,0,25,11094.98,0
1888.83,374400.0,1.0,1.0,1888.83,1.5820170996399596,2,0,25,11094.98,0
790.16,79200.0,1.0,2.0,790.16,-0.7399906679672106,2,0,25,11094.98,0
1512.89,111600.0,1.0,1.0,1512.89,0.7874786120556629,2,0,25,11094.98,0
718.54,338400.0,1.0,1.0,718.54,-0.8913574990593724,2,0,25,11094.98,0
1865.15,291600.0,1.0,1.0,1865.15,1.5319700937720124,2,0,25,11094.98,0
1434.12,151200.0,1.0,1.0,1434.12,0.6210004595126635,2,0,25,11094.98,0
766.53,428400.0,1.0,1.0,766.53,-0.7899320002585787,2,0,25,11094.98,0
362.88,252000.0,1.0,1.0,362.88,-1.643034783983113,2,0,25,11094.98,0
986.92,226800.0,1.0,1.0,986.92,-0.3241440094124245,2,0,25,11094.98,0
180.56,7200.0,1.0,2.0,180.56,-2.028362913621803,2,0,25,11094.98,0
1532.64,324000.0,1.0,1.0,1532.64,0.8292196748044789,2,0,25,11094.98,0
748.78,104400.0,1.0,1.0,748.78,-0.8274461199442233,2,0,25,11094.98,0
1483.64,201600.0,1.0,1.0,1483.64,0.7256595697567837,2,0,25,11094.98,0
1434.11,345600.0,1.0,1.0,1434.11,0.6209793247973476,2,0,25,11094.98,0
793.2,46800.0,1.0,2.0,793.2,-0.7335657145111901,2,0,25,11094.98,0
868.43,226800.0,1.0,1.0,868.43,-0.5745692511900043,2,0,25,11094.98,0
1307.48,270000.0,1.0,1.0,1307.48,0.35335042475266115,2,0,25,11094.98,0
1221.68,162000.0,1.0,1.0,1221.68,0.17201456734261528,2,0,25,11094.98,0
788.87,266400.0,1.0,1.0,788.87,-0.7427170462429559,2,0,25,11094.98,0
907.53,248400.0,1.0,1.0,907.53,-0.4919325143050066,2,0,25,11094.98,0
366.56,0.0,1.0,1.0,366.56,-0.920145710336664,0,1,67,194371.23,0
231.64,198000.0,1.0,1.0,231.64,-1.1342195689582408,0,1,67,194371.23,0
1875.87,3600.0,1.0,2.0,1875.87,1.4746350156945573,0,1,67,194371.23,0
1769.93,432000.0,1.0,1.0,1769.93,1.3065429271801057,0,1,67,194371.23,0
1322.06,97200.0,1.0,1.0,1322.06,0.5959198982678189,0,1,67,194371.23,0
946.44,86400.0,1.0,1.0,946.44,-6.603988395052791e-05,0,1,67,194371.23,0
1285.6,46800.0,1.0,2.0,1285.6,0.5380698175878403,0,1,67,194371.23,0
113.82,378000.0,1.0,1.0,113.82,-1.3211613272060487,0,1,67,194371.23,0
633.88,342000.0,1.0,1.0,633.88,-0.4959964078854338,0,1,67,194371.23,0
289.59,306000.0,1.0,1.0,289.59,-1.042271895469356,0,1,67,194371.23,0
1462.62,345600.0,1.0,1.0,1462.62,0.8189425899951303,0,1,67,194371.23,0
933.11,176400.0,1.0,1.0,933.11,-0.0212163847951989,0,1,67,194371.23,0
1992.95,273600.0,1.0,1.0,1992.95,1.6604026362653717,0,1,67,194371.23,0
120.84,57600.0,1.0,2.0,120.84,-1.3100228859999747,0,1,67,194371.23,0
655.21,136800.0,1.0,1.0,655.21,-0.4621526826823635,0,1,67,194371.23,0
425.18,432000.0,1.0,1.0,425.18,-0.8271349662483385,0,1,67,194371.23,0
1253.89,90000.0,1.0,1.0,1253.89,0.48775643145613146,0,1,67,194371.23,0
1355.66,399600.0,1.0,1.0,1355.66,0.6492320954934713,0,1,67,194371.23,0
766.67,324000.0,1.0,1.0,766.67,-0.28530216176655443,0,1,67,194371.23,0
1533.3,3600.0,1.0,2.0,1533.3,0.9310886048733772,0,1,67,194371.23,0
1939.8,352800.0,1.0,1.0,1939.8,1.5760709909515795,0,1,67,194371.23,0
809.33,129600.0,1.0,1.0,809.33,-0.21761471136041383,0,1,67,194371.23,0
671.34,93600.0,1.0,1.0,671.34,-0.4365596546689775,0,1,67,194371.23,0
1185.09,32400.0,1.0,2.0,1185.09,0.3785933609464625,0,1,67,194371.23,0
106.44,313200.0,1.0,1.0,106.44,-1.3328709705252542,0,1,67,194371.23,0
20.54,309600.0,1.0,1.0,20.54,-1.4691661414086923,0,1,67,194371.23,0
410.37,39600.0,1.0,2.0,410.37,-0.850633586513574,0,1,67,194371.23,0
426.57,133200.0,1.0,1.0,426.57,-0.8249294914226347,0,1,67,194371.23,0
163.64,259200.0,1.0,1.0,163.64,-1.2421133014387273,0,1,67,194371.23,0
1345.9,194400.0,1.0,1.0,1345.9,0.6337461715374485,0,1,67,194371.23,0
1515.22,144000.0,1.0,1.0,1515.22,0.9024015654138597,0,1,67,194371.23,0
356.32,230400.0,1.0,1.0,356.32,-0.9363932371101961,0,1,67,194371.23,0
1375.49,75600.0,1.0,2.0,1375.49,0.6806958118918248,0,1,67,194371.23,0
1687.68,212400.0,1.0,1.0,1687.68,1.1760391110548112,0,1,67,194371.23,0
1992.94,118800.0,1.0,1.0,1992.94,1.660386769540007,0,1,67,194371.23,0
1486.8,378000.0,1.0,1.0,1486.8,0.8573083319271623,0,1,67,194371.23,0
191.53,183600.0,1.0,1.0,191.53,-1.1978610043963631,0,1,67,194371.23,0
205.27,0.0,1.0,1.0,205.27,-1.5489576780543444,2,0,49,25062.31,0
1746.95,270000.0,1.0,1.0,1746.95,1.3087002359838438,2,0,49,25062.31,0
536.73,64800.0,1.0,2.0,536.73,-0.9345634508560297,2,0,49,25062.31,0
1198.16,104400.0,1.0,1.0,1198.16,0.29146313967007104,2,0,49,25062.31,0
1014.91,50400.0,1.0,2.0,1014.91,-0.048209044406714224,2,0,49,25062.31,0
133.97,72000.0,1.0,2.0,133.97,-1.6811193518588452,2,0,49,25062.31,0
721.41,158400.0,1.0,1.0,721.41,-0.5922406189035022,2,0,49,25062.31,0
1495.77,291600.0,1.0,1.0,1495.77,0.843113009809727,2,0,49,25062.31,0
936.15,93600.0,1.0,1.0,936.15,-0.19419857356299028,2,0,49,25062.31,0
1847.26,111600.0,1.0,1.0,1847.26,1.494634843267567,2,0,49,25062.31,0
1755.77,169200.0,1.0,1.0,1755.77,1.3250489872174438,2,0,49,25062.31,0
1218.81,295200.0,1.0,1.0,1218.81,0.3297399778757221,2,0,49,25062.31,0
1071.97,151200.0,1.0,1.0,1071.97,0.05755736663514866,2,0,49,25062.31,0
1164.98,302400.0,1.0,1.0,1164.98,0.22996069455319382,2,0,49,25062.31,0
841.92,201600.0,1.0,1.0,841.92,-0.36886329337502555,2,0,49,25062.31,0
886.14,54000.0,1.0,2.0,886.14,-0.2868971052174515,2,0,49,25062.31,0
1704.34,360000.0,1.0,1.0,1704.34,1.2297183436863712,2,0,49,25062.31,0
256.02,219600.0,1.0,1.0,256.02,-1.4548874824641844,2,0,49,25062.31,0
269.61,0.0,1.0,1.0,269.61,-0.5347784602907231,1,0,59,143830.45,1
325.6,285.0,2.0,2.0,595.21,-0.04791794942887431,1,0,59,143830.45,1
123.36,108.0,3.0,3.0,718.57,-1.8064939400825675,1,0,59,143830.45,1
401.77,65.0,4.0,4.0,1120.3400000000001,0.6144175589180982,1,0,59,143830.45,1
417.98,279.0,5.0,5.0,1538.3200000000002,0.7553714592765656,1,0,59,143830.45,1
484.93,86.0,6.0,6.0,2023.25,1.3375345455812766,1,0,59,143830.45,1
413.93,94.0,7.0,7.0,2437.1800000000003,0.720154722913099,1,0,59,143830.45,1
483.85,65.0,8.0,8.0,2921.03,1.3281434158843521,1,0,59,143830.45,1
387.58,210.0,9.0,9.0,3308.61,0.4910285492890639,1,0,59,143830.45,1
288.18,83.0,10.0,10.0,3596.79,-0.3733032024463843,1,0,59,143830.45,1
163.14,215.0,11.0,11.0,3759.9300000000003,-1.460587329579186,1,0,59,143830.45,1
283.09,231.0,12.0,12.0,4043.02,-0.4175632488883709,1,0,59,143830.45,1
396.71,298.0,13.0,13.0,4439.73,0.5704183771899155,1,0,59,143830.45,1
156.72,149.0,14.0,14.0,4596.45,-1.5164123783331254,1,0,59,143830.45,1
370.21,237.0,15.0,15.0,4966.66,0.3399878799968633,1,0,59,143830.45,1
562.74,0.0,1.0,1.0,562.74,-0.5808792606035088,1,1,81,104410.63,0
1221.14,378000.0,1.0,1.0,1221.14,0.5273689179599309,1,1,81,104410.63,0
747.07,172800.0,1.0,1.0,747.07,-0.2706068019847378,1,1,81,104410.63,0
1314.02,428400.0,1.0,1.0,1314.02,0.6837086670865593,1,1,81,104410.63,0
524.26,194400.0,1.0,1.0,524.26,-0.6456505089496831,1,1,81,104410.63,0
1901.21,291600.0,1.0,1.0,1901.21,1.6720930048305844,1,1,81,104410.63,0
512.86,410400.0,1.0,1.0,512.86,-0.6648394962455871,1,1,81,104410.63,0
160.24,3600.0,1.0,2.0,160.24,-1.2583851717088923,1,1,81,104410.63,0
439.36,363600.0,1.0,1.0,439.36,-0.7885579669691789,1,1,81,104410.63,0
1785.71,378000.0,1.0,1.0,1785.71,1.4776782651220832,1,1,81,104410.63,0
126.75,230400.0,1.0,1.0,126.75,-1.3147570300018594,1,1,81,104410.63,0
873.18,133200.0,1.0,1.0,873.18,-0.05833283813504875,1,1,81,104410.63,0
1906.75,349200.0,1.0,1.0,1906.75,1.6814181793585938,1,1,81,104410.63,0
1070.88,97200.0,1.0,1.0,1070.88,0.27444459944391875,1,1,81,104410.63,0
292.01,147600.0,1.0,1.0,292.01,-1.0365840439912366,1,1,81,104410.63,0
1087.18,198000.0,1.0,1.0,1087.18,0.30188148478806215,1,1,81,104410.63,0
1783.04,0.0,1.0,1.0,1783.04,1.253847379763442,1,0,30,32433.22,0
161.73,374400.0,1.0,1.0,161.73,-1.7584810166558298,1,0,30,32433.22,0
928.44,338400.0,1.0,1.0,928.44,-0.33396485082781413,1,0,30,32433.22,0
1429.81,342000.0,1.0,1.0,1429.81,0.597560328263618,1,0,30,32433.22,0
1981.76,10800.0,1.0,2.0,1981.76,1.623061101344409,1,0,30,32433.22,0
794.29,349200.0,1.0,1.0,794.29,-0.5832101243286533,1,0,30,32433.22,0
1287.86,288000.0,1.0,1.0,1287.86,0.33382297028043423,1,0,30,32433.22,0
687.97,352800.0,1.0,1.0,687.97,-0.7807483835803058,1,0,30,32433.22,0
1981.51,158400.0,1.0,1.0,1981.51,1.6225966114571544,1,0,30,32433.22,0
960.57,212400.0,1.0,1.0,960.57,-0.274268610517848,1,0,30,32433.22,0
1320.01,68400.0,1.0,2.0,1320.01,0.3935563697813809,1,0,30,32433.22,0
1247.42,352800.0,1.0,1.0,1247.42,0.25868708611812424,1,0,30,32433.22,0
1258.48,302400.0,1.0,1.0,1258.48,0.2792361187302693,1,0,30,32433.22,0
1289.26,399600.0,1.0,1.0,1289.26,0.3364241136490604,1,0,30,32433.22,0
135.58,331200.0,1.0,1.0,135.58,-1.807066658862665,1,0,30,32433.22,0
954.89,28800.0,1.0,2.0,954.89,-0.2848218207562735,1,0,30,32433.22,0
381.25,378000.0,1.0,1.0,381.25,-1.3506217364552768,1,0,30,32433.22,0
832.42,61200.0,1.0,2.0,832.42,-0.5123661267245758,1,0,30,32433.22,0
1499.93,25200.0,1.0,2.0,1499.93,0.7278404518407993,1,0,30,32433.22,0
1573.43,72000.0,1.0,2.0,1573.43,0.864400478693663,1,0,30,32433.22,0
1485.92,64800.0,1.0,2.0,1485.92,0.7018104385590493,1,0,30,32433.22,0
1940.04,370800.0,1.0,1.0,1940.04,1.545547028959355,1,0,30,32433.22,0
1191.32,378000.0,1.0,1.0,1191.32,0.15445555541818312,1,0,30,32433.22,0
505.82,234000.0,1.0,1.0,505.82,-1.1191757154340356,1,0,30,32433.22,0
1192.07,82800.0,1.0,2.0,1192.07,0.15584902507994702,1,0,30,32433.22,0
632.08,212400.0,1.0,1.0,632.08,-0.8845897427749528,1,0,30,32433.22,0
224.19,86400.0,1.0,1.0,224.19,-1.6424328632241307,1,0,30,32433.22,0
1024.44,334800.0,1.0,1.0,1024.44,-0.15560073412203296,1,0,30,32433.22,0
1083.77,223200.0,1.0,1.0,1083.77,-0.04536799407876228,1,0,30,32433.22,0
1476.71,392400.0,1.0,1.0,1476.71,0.6846986311125884,1,0,30,32433.22,0
1535.36,360000.0,1.0,1.0,1535.36,0.7936679586625264,1,0,30,32433.22,0
1677.88,331200.0,1.0,1.0,1677.88,1.058464353588651,1,0,30,32433.22,0
110.96,140400.0,1.0,1.0,110.96,-1.8528096229595017,1,0,30,32433.22,0
1310.66,0.0,1.0,1.0,1310.66,0.20561758724537285,2,1,78,17120.34,0
1726.87,158400.0,1.0,1.0,1726.87,0.9075738101328923,2,1,78,17120.34,0
1054.08,176400.0,1.0,1.0,1054.08,-0.22711571485808435,2,1,78,17120.34,0
1678.69,309600.0,1.0,1.0,1678.69,0.8263161497722076,2,1,78,17120.34,0
1155.87,82800.0,1.0,2.0,1155.87,-0.055442463548119165,2,1,78,17120.34,0
1432.7,219600.0,1.0,1.0,1432.7,0.41144334213159106,2,1,78,17120.34,0
1788.46,61200.0,1.0,2.0,1788.46,1.011448017306296,2,1,78,17120.34,0
1224.99,252000.0,1.0,1.0,1224.99,0.061131415325491385,2,1,78,17120.34,0
1752.83,356400.0,1.0,1.0,1752.83,0.9513564764459554,2,1,78,17120.34,0
1553.35,126000.0,1.0,1.0,1553.35,0.6149248017105996,2,1,78,17120.34,0
1011.43,280800.0,1.0,1.0,1011.43,-0.29904679029152587,2,1,78,17120.34,0
1286.85,79200.0,1.0,2.0,1286.85,0.16546098921324492,2,1,78,17120.34,0
1399.24,432000.0,1.0,1.0,1399.24,0.35501160041991564,2,1,78,17120.34,0
184.16,205200.0,1.0,1.0,184.16,-1.6942735376261848,2,1,78,17120.34,0
16.03,140400.0,1.0,1.0,16.03,-1.9778320771953415,2,1,78,17120.34,0
1253.26,302400.0,1.0,1.0,1253.26,0.10880999686132707,2,1,78,17120.34,0
242.79,406800.0,1.0,1.0,242.79,-1.5953914988767668,2,1,78,17120.34,0
422.68,345600.0,1.0,1.0,422.68,-1.291999209082586,2,1,78,17120.34,0
1968.91,154800.0,1.0,1.0,1968.91,1.3157847713969066,2,1,78,17120.34,0
1997.94,237600.0,1.0,1.0,1997.94,1.3647451259064682,2,1,78,17120.34,0
1858.52,57600.0,1.0,2.0,1858.52,1.1296072469631993,2,1,78,17120.34,0
1384.96,356400.0,1.0,1.0,1384.96,0.330927760860958,2,1,78,17120.34,0
1645.31,403200.0,1.0,1.0,1645.31,0.7700193315314505,2,1,78,17120.34,0
1744.42,140400.0,1.0,1.0,1744.42,0.9371726465656451,2,1,78,17120.34,0
210.24,223200.0,1.0,1.0,210.24,-1.650288486106744,2,1,78,17120.34,0
1393.32,291600.0,1.0,1.0,1393.32,0.34502726357194424,2,1,78,17120.34,0
1783.21,43200.0,1.0,2.0,1783.21,1.0025936645272675,2,1,78,17120.34,0
1134.53,277200.0,1.0,1.0,1134.53,-0.09143329941563703,2,1,78,17120.34,0
1367.96,172800.0,1.0,1.0,1367.96,0.30225652329077024,2,1,78,17120.34,0
236.01,280800.0,1.0,1.0,236.01,-1.6068262630371122,2,1,78,17120.34,0
1188.93,82800.0,1.0,2.0,1188.93,0.00031466080896385643,2,1,78,17120.34,0
611.13,205200.0,1.0,1.0,611.13,-0.9741701079001228,2,1,78,17120.34,0
1729.98,219600.0,1.0,1.0,1729.98,0.9128189600648503,2,1,78,17120.34,0
100.39,381600.0,1.0,1.0,100.39,-1.835555277111751,2,1,78,17120.34,0
755.32,57600.0,1.0,2.0,755.32,-0.7309874170033362,2,1,78,17120.34,0
1021.02,0.0,1.0,1.0,1021.02,-0.06421329847316147,1,1,88,138421.33,0
1327.71,126000.0,1.0,1.0,1327.71,0.5203913415581253,1,1,88,138421.33,0
767.04,61200.0,1.0,2.0,767.04,-0.5483434835954224,1,1,88,138421.33,0
1043.34,136800.0,1.0,1.0,1043.34,-0.021667484897569575,1,1,88,138421.33,0
1718.09,187200.0,1.0,1.0,1718.09,1.2645237207534483,1,1,88,138421.33,0
426.68,248400.0,1.0,1.0,426.68,-1.1971290171343334,1,1,88,138421.33,0
1001.39,126000.0,1.0,1.0,1001.39,-0.10163150279613957,1,1,88,138421.33,0
552.38,327600.0,1.0,1.0,552.38,-0.9575228896051259,1,1,88,138421.33,0
1261.15,61200.0,1.0,2.0,1261.15,0.39351637060868966,1,1,88,138421.33,0
587.21,338400.0,1.0,1.0,587.21,-0.891130833743214,1,1,88,138421.33,0
807.35,21600.0,1.0,2.0,807.35,-0.4715055917839476,1,1,88,138421.33,0
116.52,248400.0,1.0,1.0,116.52,-1.7883480824840479,1,1,88,138421.33,0
429.79,190800.0,1.0,1.0,429.79,-1.1912008146155124,1,1,88,138421.33,0
1114.6,18000.0,1.0,2.0,1114.6,0.11416650593561534,1,1,88,138421.33,0
1549.54,424800.0,1.0,1.0,1549.54,0.9432380183266547,1,1,88,138421.33,0
1718.46,309600.0,1.0,1.0,1718.46,1.2652290052974884,1,1,88,138421.33,0
1610.74,136800.0,1.0,1.0,1610.74,1.0598958942597296,1,1,88,138421.33,0
1783.98,165600.0,1.0,1.0,1783.98,1.390121554825839,1,1,88,138421.33,0
1779.3,266400.0,1.0,1.0,1779.3,1.3812006584309566,1,1,88,138421.33,0
477.85,61200.0,1.0,2.0,477.85,-1.0995900708680681,1,1,88,138421.33,0
745.99,0.0,1.0,1.0,745.99,-0.3562093077949229,0,0,47,81336.87,0
151.72,396000.0,1.0,1.0,151.72,-1.2501235242388768,0,0,47,81336.87,0
1203.49,244800.0,1.0,1.0,1203.49,0.33197241772228125,0,0,47,81336.87,0
58.86,284400.0,1.0,1.0,58.86,-1.3898056117394835,0,0,47,81336.87,0
1418.19,133200.0,1.0,1.0,1418.19,0.6549289564513386,0,0,47,81336.87,0
1866.87,327600.0,1.0,1.0,1866.87,1.3298434408339814,0,0,47,81336.87,0
147.45,126000.0,1.0,1.0,147.45,-1.2565465536770375,0,0,47,81336.87,0
201.15,374400.0,1.0,1.0,201.15,-1.1757698134360017,0,0,47,81336.87,0
1367.54,50400.0,1.0,2.0,1367.54,0.5787400943804174,0,0,47,81336.87,0
345.14,302400.0,1.0,1.0,345.14,-0.9591768371360623,0,0,47,81336.87,0
1669.69,252000.0,1.0,1.0,1669.69,1.0332408776919437,0,0,47,81336.87,0
1559.46,115200.0,1.0,1.0,1559.46,0.8674304479569461,0,0,47,81336.87,0
1759.05,234000.0,1.0,1.0,1759.05,1.16765818696455,0,0,47,81336.87,0
266.94,356400.0,1.0,1.0,266.94,-1.0768070249731014,0,0,47,81336.87,0
187.28,313200.0,1.0,1.0,187.28,-1.196633377442392,0,0,47,81336.87,0
810.87,291600.0,1.0,1.0,810.87,-0.2586153616713028,0,0,47,81336.87,0
1970.57,385200.0,1.0,1.0,1970.57,1.485831298617881,0,0,47,81336.87,0
783.98,374400.0,1.0,1.0,783.98,-0.2990639006858549,0,0,47,81336.87,0
114.98,25200.0,1.0,2.0,114.98,-1.305388653409373,0,0,47,81336.87,0
53.68,162000.0,1.0,1.0,53.68,-1.3975974835169243,0,0,47,81336.87,0
404.44,399600.0,1.0,1.0,404.44,-0.8699764517302259,0,0,47,81336.87,0
1166.43,93600.0,1.0,1.0,1166.43,0.2762259373995106,0,0,47,81336.87,0
1832.23,18000.0,1.0,2.0,1832.23,1.2777371786002854,0,0,47,81336.87,0
1069.29,68400.0,1.0,2.0,1069.29,0.13010577823723463,0,0,47,81336.87,0
1600.27,133200.0,1.0,1.0,1600.27,0.9288177620954314,0,0,47,81336.87,0
1187.69,36000.0,1.0,2.0,1187.69,0.3082057045787363,0,0,47,81336.87,0
119.8,183600.0,1.0,1.0,119.8,-1.298138301678241,0,0,47,81336.87,0
1925.33,28800.0,1.0,2.0,1925.33,1.4177802794650978,0,0,47,81336.87,0
905.87,327600.0,1.0,1.0,905.87,-0.11571423833986148,0,0,47,81336.87,0
1112.43,313200.0,1.0,1.0,1112.43,0.1949979304532177,0,0,47,81336.87,0
1912.75,180000.0,1.0,1.0,1912.75,1.3988571622913133,0,0,47,81336.87,0
1198.88,392400.0,1.0,1.0,1198.88,0.3250379526848293,0,0,47,81336.87,0
237.05,298800.0,1.0,1.0,237.05,-1.1217682310402253,0,0,47,81336.87,0
1750.89,129600.0,1.0,1.0,1750.89,1.1553837325815546,0,0,47,81336.87,0
1291.62,7200.0,1.0,2.0,1291.62,0.4645395335033329,0,0,47,81336.87,0
36.22,0.0,1.0,1.0,36.22,-1.4218001451611268,0,0,30,139372.52,0
557.35,230400.0,1.0,1.0,557.35,-0.5658479955679938,0,0,30,139372.52,0
780.73,338400.0,1.0,1.0,780.73,-0.19894800674348925,0,0,30,139372.52,0
1395.21,295200.0,1.0,1.0,1395.21,0.8103308236481374,0,0,30,139372.52,0
1152.16,363600.0,1.0,1.0,1152.16,0.4111230061004795,0,0,30,139372.52,0
306.51,417600.0,1.0,1.0,306.51,-0.9778508301849637,0,0,30,139372.52,0
224.1,104400.0,1.0,1.0,224.1,-1.113208642339263,0,0,30,139372.52,0
174.23,414000.0,1.0,1.0,174.23,-1.1951197464787475,0,0,30,139372.52,0
1314.81,104400.0,1.0,1.0,1314.81,0.6782744215463816,0,0,30,139372.52,0
27.3,410400.0,1.0,1.0,27.3,-1.4364511788271426,0,0,30,139372.52,0
395.21,18000.0,1.0,2.0,395.21,-0.8321617398065343,0,0,30,139372.52,0
1603.6,90000.0,1.0,1.0,1603.6,1.1526098489464562,0,0,30,139372.52,0
752.64,302400.0,1.0,1.0,752.64,-0.24508562285093102,0,0,30,139372.52,0
55.17,162000.0,1.0,1.0,55.17,-1.390674911083661,0,0,30,139372.52,0
1900.58,288000.0,1.0,1.0,1900.58,1.6403972904412245,0,0,30,139372.52,0
1057.96,388800.0,1.0,1.0,1057.96,0.25640020662304935,0,0,30,139372.52,0
666.17,68400.0,1.0,2.0,666.17,-0.38711195481285654,0,0,30,139372.52,0
786.93,104400.0,1.0,1.0,786.93,-0.1887645528500704,0,0,30,139372.52,0
1818.17,262800.0,1.0,1.0,1818.17,1.5050394782869254,0,0,30,139372.52,0
1587.06,396000.0,1.0,1.0,1587.06,1.125443021946916,0,0,30,139372.52,0
1738.49,147600.0,1.0,1.0,1738.49,1.374165670830857,0,0,30,139372.52,0
637.93,378000.0,1.0,1.0,637.93,-0.43349594480481646,0,0,30,139372.52,0
843.38,320400.0,1.0,1.0,843.38,-0.09604584764305411,0,0,30,139372.52,0
707.64,298800.0,1.0,1.0,707.64,-0.31899778820639124,0,0,30,139372.52,0
733.08,212400.0,1.0,1.0,733.08,-0.2772127773921043,0,0,30,139372.52,0
417.11,392400.0,1.0,1.0,417.11,-0.7961911526668769,0,0,30,139372.52,0
1302.34,349200.0,1.0,1.0,1302.34,0.6577925392801018,0,0,30,139372.52,0
1869.57,82800.0,1.0,2.0,1869.57,1.5894635960484953,0,0,30,139372.52,0
352.36,320400.0,1.0,1.0,352.36,-0.902542546150567,0,0,30,139372.52,0
1861.66,388800.0,1.0,1.0,1861.66,1.5764714798715689,0,0,30,139372.52,0
646.94,0.0,1.0,1.0,646.94,-0.6719706236609325,0,1,77,61264.23,0
688.05,248400.0,1.0,1.0,688.05,-0.5943056744952421,0,1,77,61264.23,0
784.95,428400.0,1.0,1.0,784.95,-0.4112423426014101,0,1,77,61264.23,0
1529.48,363600.0,1.0,1.0,1529.48,0.9953225954266042,0,1,77,61264.23,0
1384.39,104400.0,1.0,1.0,1384.39,0.7212187891884613,0,1,77,61264.23,0
413.18,21600.0,1.0,2.0,413.18,-1.1135896583719966,0,1,77,61264.23,0
702.91,421200.0,1.0,1.0,702.91,-0.5662321852079114,0,1,77,61264.23,0
54.47,82800.0,1.0,2.0,54.47,-1.7912640421040547,0,1,77,61264.23,0
528.39,417600.0,1.0,1.0,528.39,-0.8959351024639642,0,1,77,61264.23,0
1011.96,154800.0,1.0,1.0,1011.96,0.017624602426647217,0,1,77,61264.23,0
1891.12,79200.0,1.0,2.0,1891.12,1.6785323306803226,0,1,77,61264.23,0
936.1,212400.0,1.0,1.0,936.1,-0.12568999362563432,0,1,77,61264.23,0
1699.44,313200.0,1.0,1.0,1699.44,1.316410767652359,0,1,77,61264.23,0
822.06,122400.0,1.0,1.0,822.06,-0.3411341873219459,0,1,77,61264.23,0
964.32,273600.0,1.0,1.0,964.32,-0.07237681275830783,0,1,77,61264.23,0
715.2,18000.0,1.0,2.0,715.2,-0.5430139359924809,0,1,77,61264.23,0
1561.47,190800.0,1.0,1.0,1561.47,1.055758054531699,0,1,77,61264.23,0
344.96,406800.0,1.0,1.0,344.96,-1.242470778101586,0,1,77,61264.23,0
1610.45,3600.0,1.0,2.0,1610.45,1.1482909956685399,0,1,77,61264.23,0
1541.3,291600.0,1.0,1.0,1541.3,1.0176529213604026,0,1,77,61264.23,0
1799.13,313200.0,1.0,1.0,1799.13,1.504744963281834,0,1,77,61264.23,0
80.7,334800.0,1.0,1.0,80.7,-1.7417103661951256,0,1,77,61264.23,0
1016.0,118800.0,1.0,1.0,1016.0,0.025256964251735698,0,1,77,61264.23,0
1067.47,79200.0,1.0,2.0,1067.47,0.1224940095827525,0,1,77,61264.23,0
1256.23,280800.0,1.0,1.0,1256.23,0.47909911307377095,0,1,77,61264.23,0
1243.15,122400.0,1.0,1.0,1243.15,0.45438839706581113,0,1,77,61264.23,0
1816.97,417600.0,1.0,1.0,1816.97,1.538448264014403,0,1,77,61264.23,0
662.52,169200.0,1.0,1.0,662.52,-0.6425369114740813,0,1,77,61264.23,0
877.37,79200.0,1.0,2.0,877.37,-0.23664261986015184,0,1,77,61264.23,0
572.48,147600.0,1.0,1.0,572.48,-0.8126403418530349,0,1,77,61264.23,0
1554.73,136800.0,1.0,1.0,1554.73,1.0430248568334075,0,1,77,61264.23,0
1683.91,234000.0,1.0,1.0,1683.91,1.2870715153890857,0,1,77,61264.23,0
118.27,230400.0,1.0,1.0,118.27,-1.6707331796187455,0,1,77,61264.23,0
1076.29,255600.0,1.0,1.0,1076.29,0.13915674010188134,0,1,77,61264.23,0
435.72,316800.0,1.0,1.0,435.72,-1.0710071248231117,0,1,77,61264.23,0
312.55,0.0,1.0,1.0,312.55,0.5224477576031047,0,0,43,157849.11,1
426.16,63.0,2.0,2.0,738.71,1.5517031956959182,0,0,43,157849.11,1
272.16,105.0,3.0,3.0,1010.8700000000001,0.15653254640190134,0,0,43,157849.11,1
185.5,47.0,4.0,4.0,1196.3700000000001,-0.6285680280644592,0,0,43,157849.11,1
158.26,166.0,5.0,5.0,1354.63,-0.875350161095427,0,0,43,157849.11,1
355.12,95.0,6.0,6.0,1709.75,0.9081127870865222,0,0,43,157849.11,1
407.11,289.0,7.0,7.0,2116.86,1.379118774468314,0,0,43,157849.11,1
153.64,261.0,8.0,8.0,2270.5,-0.9172052805742476,0,0,43,157849.11,1
272.06,47.0,9.0,9.0,2542.56,0.1556265914348271,0,0,43,157849.11,1
135.87,148.0,10.0,10.0,2678.4300000000003,-1.0781934782233038,0,0,43,157849.11,1
125.27,115.0,11.0,11.0,2803.7000000000003,-1.1742247047331515,0,0,43,157849.11,1
422.83,0.0,1.0,1.0,422.83,-1.1426546796676467,0,1,69,199663.59,0
1081.86,320400.0,1.0,1.0,1081.86,-0.06569531509579847,0,1,69,199663.59,0
614.43,219600.0,1.0,1.0,614.43,-0.8295499435373247,0,1,69,199663.59,0
1336.56,86400.0,1.0,1.0,1336.56,0.35052481169122157,0,1,69,199663.59,0
1353.93,147600.0,1.0,1.0,1353.93,0.37891014189259803,0,1,69,199663.59,0
919.01,241200.0,1.0,1.0,919.01,-0.3318179992232667,0,1,69,199663.59,0
1383.53,50400.0,1.0,2.0,1383.53,0.4272812284764055,0,1,69,199663.59,0
1321.2,381600.0,1.0,1.0,1321.2,0.32542413973421885,0,1,69,199663.59,0
221.86,108000.0,1.0,1.0,221.86,-1.4710714793550725,0,1,69,199663.59,0
1666.7,205200.0,1.0,1.0,1666.7,0.8900258429337297,0,1,69,199663.59,0
1229.75,216000.0,1.0,1.0,1229.75,0.17598036040688086,0,1,69,199663.59,0
240.05,111600.0,1.0,1.0,240.05,-1.4413461393226585,0,1,69,199663.59,0
1629.42,270000.0,1.0,1.0,1629.42,0.8291044203714207,0,1,69,199663.59,0
1465.81,126000.0,1.0,1.0,1465.81,0.5617397759127463,0,1,69,199663.59,0
1946.98,129600.0,1.0,1.0,1946.98,1.3480477398158104,0,1,69,199663.59,0
707.11,21600.0,1.0,2.0,707.11,-0.6780961494634298,0,1,69,199663.59,0
1590.97,14400.0,1.0,3.0,1590.97,0.7662710325623868,0,1,69,199663.59,0
1945.93,345600.0,1.0,1.0,1945.93,1.3463318735687497,0,1,69,199663.59,0
1887.09,104400.0,1.0,1.0,1887.09,1.2501779974001266,0,1,69,199663.59,0
1487.37,32400.0,1.0,2.0,1487.37,0.59697222951906,0,1,69,199663.59,0
11.74,21600.0,1.0,3.0,11.74,-1.814440827766885,0,1,69,199663.59,0
1758.99,403200.0,1.0,1.0,1758.99,1.040842315258716,0,1,69,199663.59,0
77.39,270000.0,1.0,1.0,77.39,-1.7071583333673253,0,1,69,199663.59,0
735.76,140400.0,1.0,1.0,735.76,-0.6312775132936296,0,1,69,199663.59,0
107.47,262800.0,1.0,1.0,107.47,-1.6580028507848614,0,1,69,199663.59,0
1549.07,370800.0,1.0,1.0,1549.07,0.6977997985130103,0,1,69,199663.59,0
200.94,360000.0,1.0,1.0,200.94,-1.5052580716298447,0,1,69,199663.59,0
1692.4,270000.0,1.0,1.0,1692.4,0.9320237120284546,0,1,69,199663.59,0
1402.66,198000.0,1.0,1.0,1402.66,0.4585426773395218,0,1,69,199663.59,0
1924.84,288000.0,1.0,1.0,1924.84,1.3118674743777865,0,1,69,199663.59,0
885.19,223200.0,1.0,1.0,885.19,-0.38708523396192784,0,1,69,199663.59,0
1264.06,10800.0,1.0,2.0,1264.06,0.23204833272750366,0,1,69,199663.59,0
1551.9,360000.0,1.0,1.0,1551.9,0.702424466588422,0,1,69,199663.59,0
1389.17,205200.0,1.0,1.0,1389.17,0.43649788146061763,0,1,69,199663.59,0
996.68,10800.0,1.0,2.0,996.68,-0.2048929216906879,0,1,69,199663.59,0
1902.63,165600.0,1.0,1.0,1902.63,1.2755728178566257,0,1,69,199663.59,0
494.13,324000.0,1.0,1.0,494.13,-1.0261391907005695,0,1,69,199663.59,0
240.92,226800.0,1.0,1.0,240.92,-1.439924421575094,0,1,69,199663.59,0
225.88,0.0,1.0,1.0,225.88,-1.1382660877393873,0,1,72,195330.29,0
1213.61,338400.0,1.0,1.0,1213.61,0.5205586409646505,0,1,72,195330.29,0
1924.19,57600.0,1.0,2.0,1924.19,1.7139289706321867,0,1,72,195330.29,0
1155.41,298800.0,1.0,1.0,1155.41,0.4228157363140125,0,1,72,195330.29,0
15.34,147600.0,1.0,1.0,15.34,-1.4918535644600988,0,1,72,195330.29,0
74.66,198000.0,1.0,1.0,74.66,-1.3922296966959087,0,1,72,195330.29,0
1049.78,385200.0,1.0,1.0,1049.78,0.24541740266715784,0,1,72,195330.29,0
1279.48,320400.0,1.0,1.0,1279.48,0.6311827840804162,0,1,72,195330.29,0
958.42,277200.0,1.0,1.0,958.42,0.09198455440457501,0,1,72,195330.29,0
1679.5,295200.0,1.0,1.0,1679.5,1.3029889132616592,0,1,72,195330.29,0
946.9,187200.0,1.0,1.0,946.9,0.07263750523661364,0,1,72,195330.29,0
723.08,216000.0,1.0,1.0,723.08,-0.3032528198304975,0,1,72,195330.29,0
28.01,82800.0,1.0,2.0,28.01,-1.470575169238044,0,1,72,195330.29,0
1145.67,234000.0,1.0,1.0,1145.67,0.4064580749515173,0,1,72,195330.29,0
505.65,14400.0,1.0,2.0,505.65,-0.6684115785622553,0,1,72,195330.29,0
1532.8,234000.0,1.0,1.0,1532.8,1.0566163340134007,0,1,72,195330.29,0
1041.13,0.0,1.0,1.0,1041.13,-0.11277063751451599,2,0,38,153862.27,0
1989.15,187200.0,1.0,1.0,1989.15,1.1803843769756097,2,0,38,153862.27,0
11.06,64800.0,1.0,2.0,11.06,-1.5178466757582703,2,0,38,153862.27,0
924.26,399600.0,1.0,1.0,924.26,-0.27218818835042785,2,0,38,153862.27,0
445.02,176400.0,1.0,1.0,445.02,-0.9258997230693661,2,0,38,153862.27,0
1719.65,244800.0,1.0,1.0,1719.65,0.8127705329585121,2,0,38,153862.27,0
1736.35,28800.0,1.0,2.0,1736.35,0.8355503147584582,2,0,38,153862.27,0
1044.96,0.0,1.0,1.0,1044.96,0.37345511742886484,0,1,67,191966.74,0
1176.79,259200.0,1.0,1.0,1176.79,0.6059598577432574,0,1,67,191966.74,0
71.44,262800.0,1.0,1.0,71.44,-1.3435138182524489,0,1,67,191966.74,0
998.21,136800.0,1.0,1.0,998.21,0.29100350087953725,0,1,67,191966.74,0
332.72,367200.0,1.0,1.0,332.72,-0.8827018744661747,0,1,67,191966.74,0
140.11,151200.0,1.0,1.0,140.11,-1.2224025346494045,0,1,67,191966.74,0
1580.55,338400.0,1.0,1.0,1580.55,1.3180596373786908,0,1,67,191966.74,0
1546.71,349200.0,1.0,1.0,1546.71,1.2583770126935734,0,1,67,191966.74,0
1503.99,212400.0,1.0,1.0,1503.99,1.1830329900414391,0,1,67,191966.74,0
222.5,406800.0,1.0,1.0,222.5,-1.0770936857189424,0,1,67,191966.74,0
1356.21,32400.0,1.0,2.0,1356.21,0.9223976981984524,0,1,67,191966.74,0
494.95,262800.0,1.0,1.0,494.95,-0.5965815375079412,0,1,67,191966.74,0
1493.73,424800.0,1.0,1.0,1493.73,1.164937726174143,0,1,67,191966.74,0
614.49,324000.0,1.0,1.0,614.49,-0.3857523130735749,0,1,67,191966.74,0
1208.26,68400.0,1.0,2.0,1208.26,0.6614625822952861,0,1,67,191966.74,0
777.11,104400.0,1.0,1.0,777.11,-0.098944144447871,0,1,67,191966.74,0
984.9,147600.0,1.0,1.0,984.9,0.26752904063843447,0,1,67,191966.74,0
231.73,14400.0,1.0,2.0,231.73,-1.0608150029221446,0,1,67,191966.74,0
1430.83,381600.0,1.0,1.0,1430.83,1.0540028239077748,0,1,67,191966.74,0
1605.21,32400.0,1.0,2.0,1605.21,1.3615517628141225,0,1,67,191966.74,0
1394.04,370800.0,1.0,1.0,1394.04,0.989117369943074,0,1,67,191966.74,0
938.14,176400.0,1.0,1.0,938.14,0.18505978737968456,0,1,67,191966.74,0
298.97,320400.0,1.0,1.0,298.97,-0.9422257687664913,0,1,67,191966.74,0
184.45,367200.0,1.0,1.0,184.45,-1.144201365070855,0,1,67,191966.74,0
110.61,381600.0,1.0,1.0,110.61,-1.2744308274452367,0,1,67,191966.74,0
282.16,57600.0,1.0,2.0,282.16,-0.9718730773054046,0,1,67,191966.74,0
26.37,313200.0,1.0,1.0,26.37,-1.4230024676188273,0,1,67,191966.74,0
307.71,367200.0,1.0,1.0,307.71,-0.9268112847313871,0,1,67,191966.74,0
1366.04,154800.0,1.0,1.0,1366.04,0.9397345835605889,0,1,67,191966.74,0
1477.67,57600.0,1.0,2.0,1477.67,1.1366131708419034,0,1,67,191966.74,0
1328.7,316800.0,1.0,1.0,1328.7,0.8738791105776609,0,1,67,191966.74,0
132.5,403200.0,1.0,1.0,132.5,-1.235824070519787,0,1,67,191966.74,0
341.26,0.0,1.0,1.0,341.26,-1.2123163656173916,0,0,60,42056.64,0
872.34,43200.0,1.0,2.0,872.34,-0.2018516269981325,0,0,60,42056.64,0
361.36,316800.0,1.0,1.0,361.36,-1.1740728971263035,0,0,60,42056.64,0
1954.44,93600.0,1.0,1.0,1954.44,1.8570168931116442,0,0,60,42056.64,0
1190.55,46800.0,1.0,2.0,1190.55,0.40359385103913936,0,0,60,42056.64,0
1488.97,316800.0,1.0,1.0,1488.97,0.9713856852237431,0,0,60,42056.64,0
754.73,248400.0,1.0,1.0,754.73,-0.4256234841740967,0,0,60,42056.64,0
1820.83,54000.0,1.0,2.0,1820.83,1.602802473952724,0,0,60,42056.64,0
1071.17,75600.0,1.0,2.0,1071.17,0.17645428544381095,0,0,60,42056.64,0
1263.0,306000.0,1.0,1.0,1263.0,0.541441577018211,0,0,60,42056.64,0
1556.15,219600.0,1.0,1.0,1556.15,1.0992063923496787,0,0,60,42056.64,0
1743.69,223200.0,1.0,1.0,1743.69,1.456031271992399,0,0,60,42056.64,0
1091.19,230400.0,1.0,1.0,1091.19,0.2145455411249843,0,0,60,42056.64,0
1580.61,208800.0,1.0,1.0,1580.61,1.145745458981122,0,0,60,42056.64,0
1300.1,248400.0,1.0,1.0,1300.1,0.6120302676161895,0,0,60,42056.64,0
533.32,306000.0,1.0,1.0,533.32,-0.8468914622144863,0,0,60,42056.64,0
1218.79,205200.0,1.0,1.0,1218.79,0.45732497293905633,0,0,60,42056.64,0
628.15,86400.0,1.0,1.0,628.15,-0.6664622026617555,0,0,60,42056.64,0
414.15,424800.0,1.0,1.0,414.15,-1.0736314691837887,0,0,60,42056.64,0
1962.05,68400.0,1.0,2.0,1962.05,1.8714961366547873,0,0,60,42056.64,0
52.78,414000.0,1.0,1.0,52.78,-1.761195758170084,0,0,60,42056.64,0
728.92,421200.0,1.0,1.0,728.92,-0.4747311419728523,0,0,60,42056.64,0
1396.14,338400.0,1.0,1.0,1396.14,0.7947617459188818,0,0,60,42056.64,0
335.18,244800.0,1.0,1.0,335.18,-1.2238845391709148,0,0,60,42056.64,0
171.52,39600.0,1.0,2.0,171.52,-1.5352738950540736,0,0,60,42056.64,0
941.73,273600.0,1.0,1.0,941.73,-0.06982604099830125,0,0,60,42056.64,0
996.36,262800.0,1.0,1.0,996.36,0.034116281572253306,0,0,60,42056.64,0
1142.87,219600.0,1.0,1.0,1142.87,0.3128750163299311,0,0,60,42056.64,0
773.19,421200.0,1.0,1.0,773.19,-0.39050037828626144,0,0,60,42056.64,0
1108.98,115200.0,1.0,1.0,1108.98,0.24839386472978317,0,0,60,42056.64,0
697.7,158400.0,1.0,1.0,697.7,-0.5341321910420945,0,0,60,42056.64,0
1182.21,93600.0,1.0,1.0,1182.21,0.38772566560552385,0,0,60,42056.64,0
519.48,43200.0,1.0,2.0,519.48,-0.8732242783297431,0,0,60,42056.64,0
231.86,414000.0,1.0,1.0,231.86,-1.4204673831758516,0,0,60,42056.64,0
373.17,205200.0,1.0,1.0,373.17,-1.151602481062634,0,0,60,42056.64,0
1424.51,212400.0,1.0,1.0,1424.51,0.84874021363491,0,0,60,42056.64,0
1066.32,0.0,1.0,1.0,1066.32,1.0833108856927758,0,1,65,15415.06,0
599.47,349200.0,1.0,1.0,599.47,0.030914769908671202,0,1,65,15415.06,0
841.32,259200.0,1.0,1.0,841.32,0.5761048750867492,0,1,65,15415.06,0
28.47,108000.0,1.0,1.0,28.47,-1.2562613725626233,0,1,65,15415.06,0
160.79,331200.0,1.0,1.0,160.79,-0.9579791533475591,0,1,65,15415.06,0
517.47,392400.0,1.0,1.0,517.47,-0.1539336428455252,0,1,65,15415.06,0
77.28,219600.0,1.0,1.0,77.28,-1.146231481995156,0,1,65,15415.06,0
810.01,316800.0,1.0,1.0,810.01,0.5055243408997505,0,1,65,15415.06,0
1377.67,158400.0,1.0,1.0,1377.67,1.7851712919247156,0,1,65,15415.06,0
378.76,338400.0,1.0,1.0,378.76,-0.46662051276180067,0,1,65,15415.06,0
966.18,0.0,1.0,1.0,966.18,-0.03705232840364313,1,0,48,38458.3,0
1735.53,118800.0,1.0,1.0,1735.53,1.435328282105718,1,0,48,38458.3,0
1751.15,162000.0,1.0,1.0,1751.15,1.4652218092860085,1,0,48,38458.3,0
1232.65,72000.0,1.0,2.0,1232.65,0.47291746594539136,1,0,48,38458.3,0
1052.23,86400.0,1.0,1.0,1052.23,0.12763000282964554,1,0,48,38458.3,0
1049.42,356400.0,1.0,1.0,1049.42,0.12225223001424133,1,0,48,38458.3,0
888.7,79200.0,1.0,2.0,888.7,-0.18533340944902582,1,0,48,38458.3,0
882.27,28800.0,1.0,2.0,882.27,-0.19763913158534255,1,0,48,38458.3,0
1081.37,201600.0,1.0,1.0,1081.37,0.18339808106483446,1,0,48,38458.3,0
1374.57,367200.0,1.0,1.0,1374.57,0.744523700095633,1,0,48,38458.3,0
510.31,129600.0,1.0,1.0,510.31,-0.9094954932998573,1,0,48,38458.3,0
1756.93,406800.0,1.0,1.0,1756.93,1.4762835626216089,1,0,48,38458.3,0
1310.5,421200.0,1.0,1.0,1310.5,0.6219066523081049,1,0,48,38458.3,0
460.61,86400.0,1.0,1.0,460.61,-1.0046112616007805,1,0,48,38458.3,0
1020.04,208800.0,1.0,1.0,1020.04,0.0660248402218644,1,0,48,38458.3,0
774.13,270000.0,1.0,1.0,774.13,-0.40459726406143576,1,0,48,38458.3,0
372.04,385200.0,1.0,1.0,372.04,-1.1741163641845382,1,0,48,38458.3,0
257.65,7200.0,1.0,2.0,257.65,-1.3930357351290577,1,0,48,38458.3,0
1589.63,3600.0,1.0,3.0,1589.63,1.156105131298783,1,0,48,38458.3,0
1050.79,165600.0,1.0,1.0,1050.79,0.12487413348652009,1,0,48,38458.3,0
93.17,72000.0,1.0,2.0,93.17,-1.7078172556549298,1,0,48,38458.3,0
1194.15,190800.0,1.0,1.0,1194.15,0.3992362369798875,1,0,48,38458.3,0
439.12,126000.0,1.0,1.0,439.12,-1.0457387839506165,1,0,48,38458.3,0
1321.55,72000.0,1.0,2.0,1321.55,0.6430541219202819,1,0,48,38458.3,0
1936.38,280800.0,1.0,1.0,1936.38,1.8197146415270549,1,0,48,38458.3,0
1149.48,234000.0,1.0,1.0,1149.48,0.3137468733983534,1,0,48,38458.3,0
153.49,280800.0,1.0,1.0,153.49,-1.592376950948457,1,0,48,38458.3,0
1138.41,208800.0,1.0,1.0,1138.41,0.29256112782307747,1,0,48,38458.3,0
907.28,21600.0,1.0,2.0,907.28,-0.14977503973008927,1,0,48,38458.3,0
1652.46,342000.0,1.0,1.0,1652.46,1.2763490693741752,1,0,48,38458.3,0
297.9,90000.0,1.0,1.0,297.9,-1.3160053593923946,1,0,48,38458.3,0
137.21,187200.0,1.0,1.0,137.21,-1.623533584911013,1,0,48,38458.3,0
252.26,0.0,1.0,1.0,252.26,-1.3494746774024575,1,1,71,171773.15,0
1917.4,406800.0,1.0,1.0,1917.4,1.3769724954468678,1,1,71,171773.15,0
1841.38,223200.0,1.0,1.0,1841.38,1.252499769982339,1,1,71,171773.15,0
1712.25,388800.0,1.0,1.0,1712.25,1.0410664229784632,1,1,71,171773.15,0
1448.21,118800.0,1.0,1.0,1448.21,0.6087357411624383,1,1,71,171773.15,0
1935.04,194400.0,1.0,1.0,1935.04,1.4058556693115651,1,1,71,171773.15,0
137.89,406800.0,1.0,1.0,137.89,-1.5367404707644434,1,1,71,171773.15,0
1352.54,208800.0,1.0,1.0,1352.54,0.4520887318860441,1,1,71,171773.15,0
813.02,385200.0,1.0,1.0,813.02,-0.4313041231866032,1,1,71,171773.15,0
414.77,345600.0,1.0,1.0,414.77,-1.083385982121734,1,1,71,171773.15,0
1661.63,414000.0,1.0,1.0,1661.63,0.958182848090086,1,1,71,171773.15,0
1727.3,93600.0,1.0,1.0,1727.3,1.0657088133788994,1,1,71,171773.15,0
1273.31,216000.0,1.0,1.0,1273.31,0.322360054714844,1,1,71,171773.15,0
1707.83,234000.0,1.0,1.0,1707.83,1.0338292558309596,1,1,71,171773.15,0
680.87,79200.0,1.0,2.0,680.87,-0.6476823219518951,1,1,71,171773.15,0
288.71,363600.0,1.0,1.0,288.71,-1.289792608957547,1,1,71,171773.15,0
515.76,352800.0,1.0,1.0,515.76,-0.9180281743782089,1,1,71,171773.15,0
343.67,187200.0,1.0,1.0,343.67,-1.1998028563722996,1,1,71,171773.15,0
1380.82,306000.0,1.0,1.0,1380.82,0.49839350268500326,1,1,71,171773.15,0
987.47,327600.0,1.0,1.0,987.47,-0.14566525239882264,1,1,71,171773.15,0
677.1,363600.0,1.0,1.0,677.1,-0.6538551998130011,1,1,71,171773.15,0
1225.71,187200.0,1.0,1.0,1225.71,0.24442133158788315,1,1,71,171773.15,0
463.02,280800.0,1.0,1.0,463.02,-1.0043829697083755,1,1,71,171773.15,0
318.57,0.0,1.0,1.0,318.57,-1.2348816313342361,1,1,62,123273.18,0
168.35,266400.0,1.0,1.0,168.35,-1.5337079672192655,1,1,62,123273.18,0
897.6,428400.0,1.0,1.0,897.6,-0.08304157496685202,1,1,62,123273.18,0
1166.16,226800.0,1.0,1.0,1166.16,0.4511935519488946,1,1,62,123273.18,0
1671.89,93600.0,1.0,1.0,1671.89,1.4572209973432217,1,1,62,123273.18,0
890.66,237600.0,1.0,1.0,890.66,-0.09684702544642944,1,1,62,123273.18,0
543.82,140400.0,1.0,1.0,543.82,-0.7868012681462264,1,1,62,123273.18,0
1025.68,259200.0,1.0,1.0,1025.68,0.17174258892713382,1,1,62,123273.18,0
1313.77,10800.0,1.0,2.0,1313.77,0.7448279244691258,1,1,62,123273.18,0
539.89,313200.0,1.0,1.0,539.89,-0.7946190520633358,1,1,62,123273.18,0
1772.87,154800.0,1.0,1.0,1772.87,1.6580962695950536,1,1,62,123273.18,0
796.96,10800.0,1.0,2.0,796.96,-0.28324049950066466,1,1,62,123273.18,0
1580.62,432000.0,1.0,1.0,1580.62,1.2756614202148322,1,1,62,123273.18,0
1158.52,115200.0,1.0,1.0,1158.52,0.43599562087339433,1,1,62,123273.18,0
1200.38,241200.0,1.0,1.0,1200.38,0.519265960509577,1,1,62,123273.18,0
1255.23,183600.0,1.0,1.0,1255.23,0.6283767614900977,1,1,62,123273.18,0
911.77,79200.0,1.0,2.0,911.77,-0.05485378918938663,1,1,62,123273.18,0
720.26,122400.0,1.0,1.0,720.26,-0.43581658765391823,1,1,62,123273.18,0
1366.13,115200.0,1.0,1.0,1366.13,0.8489854730441502,1,1,62,123273.18,0
98.79,352800.0,1.0,1.0,98.79,-1.6720807532941067,1,1,62,123273.18,0
1216.69,255600.0,1.0,1.0,1216.69,0.5517107583945777,1,1,62,123273.18,0
1957.61,327600.0,1.0,1.0,1957.61,2.025591791439018,1,1,62,123273.18,0
1566.29,331200.0,1.0,1.0,1566.29,1.2471553531582988,1,1,62,123273.18,0
274.47,266400.0,1.0,1.0,274.47,-1.3226079088773715,1,1,62,123273.18,0
1188.76,68400.0,1.0,2.0,1188.76,0.49615078261725853,1,1,62,123273.18,0
696.0,388800.0,1.0,1.0,696.0,-0.4840759865926135,1,1,62,123273.18,0
548.4,208800.0,1.0,1.0,548.4,-0.7776904665329032,1,1,62,123273.18,0
611.0,151200.0,1.0,1.0,611.0,-0.6531629160975229,1,1,62,123273.18,0
447.26,118800.0,1.0,1.0,447.26,-0.9788840200638035,1,1,62,123273.18,0
275.95,176400.0,1.0,1.0,275.95,-1.319663807045992,1,1,62,123273.18,0
854.4,0.0,1.0,1.0,854.4,-0.4100627561699369,2,0,20,68322.91,0
1361.37,79200.0,1.0,2.0,1361.37,0.2957560400030562,2,0,20,68322.91,0
752.27,284400.0,1.0,1.0,752.27,-0.5522511966164088,2,0,20,68322.91,0
97.4,421200.0,1.0,1.0,97.4,-1.4639807960992341,2,0,20,68322.91,0
1831.32,396000.0,1.0,1.0,1831.32,0.9500344850027569,2,0,20,68322.91,0
1996.86,241200.0,1.0,1.0,1996.86,1.1805042238797658,2,0,20,68322.91,0
74.36,0.0,1.0,1.0,74.36,-1.6915665122953472,2,0,51,94284.67,0
1535.87,295200.0,1.0,1.0,1535.87,0.9517063640696941,2,0,51,94284.67,0
1549.0,399600.0,1.0,1.0,1549.0,0.9754531553107211,2,0,51,94284.67,0
846.1,338400.0,1.0,1.0,846.1,-0.29580499878811345,2,0,51,94284.67,0
632.36,82800.0,1.0,2.0,632.36,-0.6823730993103568,2,0,51,94284.67,0
1497.38,432000.0,1.0,1.0,1497.38,0.8820937216578805,2,0,51,94284.67,0
620.55,262800.0,1.0,1.0,620.55,-0.7037325512948601,2,0,51,94284.67,0
1610.68,406800.0,1.0,1.0,1610.68,1.0870070078428256,2,0,51,94284.67,0
720.6,266400.0,1.0,1.0,720.6,-0.5227830871924437,2,0,51,94284.67,0
1740.12,0.0,1.0,1.0,1740.12,1.3803842179125614,2,0,26,156137.65,0
267.51,165600.0,1.0,1.0,267.51,-1.0786895274917385,2,0,26,156137.65,0
1162.42,10800.0,1.0,2.0,1162.42,0.41569777498465527,2,0,26,156137.65,0
1163.44,183600.0,1.0,1.0,1163.44,0.41740104687627105,2,0,26,156137.65,0
1796.21,201600.0,1.0,1.0,1796.21,1.4740474732073967,2,0,26,156137.65,0
989.14,396000.0,1.0,1.0,989.14,0.12634193833838958,2,0,26,156137.65,0
404.19,86400.0,1.0,1.0,404.19,-0.8504510940152175,2,0,26,156137.65,0
532.74,410400.0,1.0,1.0,532.74,-0.6357887394395166,2,0,26,156137.65,0
622.76,169200.0,1.0,1.0,622.76,-0.485466645632402,2,0,26,156137.65,0
574.15,324000.0,1.0,1.0,574.15,-0.5666392403887212,2,0,26,156137.65,0
90.36,198000.0,1.0,1.0,90.36,-1.374507778079723,2,0,26,156137.65,0
1862.07,367200.0,1.0,1.0,1862.07,1.5840254014248656,2,0,26,156137.65,0
752.77,104400.0,1.0,1.0,752.77,-0.26836627442752564,2,0,26,156137.65,0
1504.81,43200.0,1.0,2.0,1504.81,0.9874460720144038,2,0,26,156137.65,0
178.97,432000.0,1.0,1.0,178.97,-1.2265402071816067,2,0,26,156137.65,0
1452.61,72000.0,1.0,2.0,1452.61,0.9002786281493583,2,0,26,156137.65,0
42.56,223200.0,1.0,1.0,42.56,-1.4543277745691705,2,0,26,156137.65,0
1168.93,320400.0,1.0,1.0,1168.93,0.42656865735173277,2,0,26,156137.65,0
223.66,324000.0,1.0,1.0,223.66,-1.1519135200871837,2,0,26,156137.65,0
1105.92,136800.0,1.0,1.0,1105.92,0.3213498711843667,2,0,26,156137.65,0
684.64,352800.0,1.0,1.0,684.64,-0.3821348175410417,2,0,26,156137.65,0
1776.59,280800.0,1.0,1.0,1776.59,1.4412845374098449,2,0,26,156137.65,0
714.24,0.0,1.0,1.0,714.24,-0.22075266562005083,1,1,76,129266.2,0
600.99,158400.0,1.0,1.0,600.99,-0.4888301862641896,1,1,76,129266.2,0
68.69,345600.0,1.0,1.0,68.69,-1.7488537115522695,1,1,76,129266.2,0
769.87,262800.0,1.0,1.0,769.87,-0.08906920007096968,1,1,76,129266.2,0
1041.2,324000.0,1.0,1.0,1041.2,0.55320429817516,1,1,76,129266.2,0
1527.81,79200.0,1.0,2.0,1527.81,1.70507363433979,1,1,76,129266.2,0
681.86,90000.0,1.0,1.0,681.86,-0.2974003487852359,1,1,76,129266.2,0
1055.32,57600.0,1.0,2.0,1055.32,0.5866281797777667,1,1,76,129266.2,0
1226.83,0.0,1.0,1.0,1226.83,0.387606738466651,1,1,66,16221.41,0
194.99,46800.0,1.0,2.0,194.99,-1.3009754333391355,1,1,66,16221.41,0
510.66,298800.0,1.0,1.0,510.66,-0.7843888170285325,1,1,66,16221.41,0
1102.27,360000.0,1.0,1.0,1102.27,0.18376719423486243,1,1,66,16221.41,0
1239.87,385200.0,1.0,1.0,1239.87,0.4089463953130103,1,1,66,16221.41,0
1740.74,212400.0,1.0,1.0,1740.74,1.2286085060979814,1,1,66,16221.41,0
356.09,129600.0,1.0,1.0,356.09,-1.0373390285884843,1,1,66,16221.41,0
194.28,93600.0,1.0,1.0,194.28,-1.302137331833071,1,1,66,16221.41,0
290.82,342000.0,1.0,1.0,290.82,-1.1441518661929226,1,1,66,16221.41,0
950.78,352800.0,1.0,1.0,950.78,-0.06414266892886317,1,1,66,16221.41,0
1511.0,176400.0,1.0,1.0,1511.0,0.8526443370885793,1,1,66,16221.41,0
1050.82,306000.0,1.0,1.0,1050.82,0.09957046534336007,1,1,66,16221.41,0
349.87,147600.0,1.0,1.0,349.87,-1.0475179139860573,1,1,66,16221.41,0
1992.39,172800.0,1.0,1.0,1992.39,1.640427880744173,1,1,66,16221.41,0
109.54,248400.0,1.0,1.0,109.54,-1.4408123717993664,1,1,66,16221.41,0
464.36,111600.0,1.0,1.0,464.36,-0.8601576906471244,1,1,66,16221.41,0
1678.08,151200.0,1.0,1.0,1678.08,1.1260668728163188,1,1,66,16221.41,0
1353.77,72000.0,1.0,2.0,1353.77,0.5953410973682507,1,1,66,16221.41,0
529.09,396000.0,1.0,1.0,529.09,-0.7542285504887776,1,1,66,16221.41,0
1412.16,421200.0,1.0,1.0,1412.16,0.6908949749187818,1,1,66,16221.41,0
1219.64,64800.0,1.0,2.0,1219.64,0.37584047061961723,1,1,66,16221.41,0
1548.3,309600.0,1.0,1.0,1548.3,0.9136849199389784,1,1,66,16221.41,0
534.47,50400.0,1.0,2.0,534.47,-0.7454243055629023,1,1,66,16221.41,0
1011.3,399600.0,1.0,1.0,1011.3,0.03489690410347341,1,1,66,16221.41,0
1414.33,86400.0,1.0,1.0,1414.33,0.6944461294706681,1,1,66,16221.41,0
1959.18,10800.0,1.0,2.0,1959.18,1.5860804878095414,1,1,66,16221.41,0
59.0,302400.0,1.0,1.0,59.0,-1.523519906846529,1,1,66,16221.41,0
57.51,334800.0,1.0,1.0,57.51,-1.525958257207041,1,1,66,16221.41,0
1759.87,57600.0,1.0,2.0,1759.87,1.2599143063641511,1,1,66,16221.41,0
1918.93,363600.0,1.0,1.0,1918.93,1.5202122985406792,1,1,66,16221.41,0
1633.13,176400.0,1.0,1.0,1633.13,1.052507242812956,1,1,66,16221.41,0
936.23,115200.0,1.0,1.0,936.23,-0.08795340567077482,1,1,66,16221.41,0
715.92,147600.0,1.0,1.0,715.92,-0.44848559890861495,1,1,66,16221.41,0
632.95,21600.0,1.0,2.0,632.95,-0.5842640750238324,1,1,66,16221.41,0
105.41,0.0,1.0,1.0,105.41,-1.1944157697075406,2,0,52,26285.9,0
1586.46,338400.0,1.0,1.0,1586.46,1.344777599179062,2,0,52,26285.9,0
1736.2,367200.0,1.0,1.0,1736.2,1.6015000697621484,2,0,52,26285.9,0
842.5,280800.0,1.0,1.0,842.5,0.06929176229517774,2,0,52,26285.9,0
1376.05,378000.0,1.0,1.0,1376.05,0.9840391523018938,2,0,52,26285.9,0
418.97,190800.0,1.0,1.0,418.97,-0.6568313041269841,2,0,52,26285.9,0
1859.9,93600.0,1.0,1.0,1859.9,1.813578135817496,2,0,52,26285.9,0
116.32,7200.0,1.0,2.0,116.32,-1.1757110671961108,2,0,52,26285.9,0
507.39,396000.0,1.0,1.0,507.39,-0.5052392054963144,2,0,52,26285.9,0
324.16,320400.0,1.0,1.0,324.16,-0.8193787693065113,2,0,52,26285.9,0
700.42,79200.0,1.0,2.0,700.42,-0.1742979840681514,2,0,52,26285.9,0
194.55,154800.0,1.0,1.0,194.55,-1.0415892635784079,2,0,52,26285.9,0
602.5,79200.0,1.0,2.0,602.5,-0.34217740385909434,2,0,52,26285.9,0
1784.56,18000.0,1.0,2.0,1784.56,1.684411106742234,2,0,52,26285.9,0
264.96,50400.0,1.0,3.0,264.96,-0.9208744969578986,2,0,52,26285.9,0
151.32,140400.0,1.0,1.0,151.32,-1.1157051471319461,2,0,52,26285.9,0
450.63,302400.0,1.0,1.0,450.63,-0.6025516632917998,2,0,52,26285.9,0
1315.99,3600.0,1.0,2.0,1315.99,0.8810689934717872,2,0,52,26285.9,0
341.33,316800.0,1.0,1.0,341.33,-0.7899415793778911,2,0,52,26285.9,0
1215.89,277200.0,1.0,1.0,1215.89,0.7094520620882764,2,0,52,26285.9,0
1162.18,259200.0,1.0,1.0,1162.18,0.6173686916126682,2,0,52,26285.9,0
823.59,54000.0,1.0,2.0,823.59,0.0368714209119391,2,0,52,26285.9,0
218.03,216000.0,1.0,1.0,218.03,-1.0013338634896485,2,0,52,26285.9,0
1237.5,298800.0,1.0,1.0,1237.5,0.7465014315907504,2,0,52,26285.9,0
73.02,122400.0,1.0,1.0,73.02,-1.2499469625897774,2,0,52,26285.9,0
193.03,3600.0,1.0,2.0,193.03,-1.0441952349640518,2,0,52,26285.9,0
1140.51,313200.0,1.0,1.0,1140.51,0.5802164548186552,2,0,52,26285.9,0
935.91,288000.0,1.0,1.0,935.91,0.2294389906721383,2,0,52,26285.9,0
1581.15,360000.0,1.0,1.0,1581.15,1.335673843877899,2,0,52,26285.9,0
1846.48,0.0,1.0,1.0,1846.48,1.461093735630639,0,1,75,152859.57,0
30.25,39600.0,1.0,2.0,30.25,-1.597452849119842,0,1,75,152859.57,0
733.84,410400.0,1.0,1.0,733.84,-0.4126013757026035,0,1,75,152859.57,0
592.36,421200.0,1.0,1.0,592.36,-0.6508548847903832,0,1,75,152859.57,0
1528.62,176400.0,1.0,1.0,1528.62,0.9258148241333131,0,1,75,152859.57,0
1358.46,115200.0,1.0,1.0,1358.46,0.6392639540005979,0,1,75,152859.57,0
143.51,316800.0,1.0,1.0,143.51,-1.406722057210866,0,1,75,152859.57,0
355.56,158400.0,1.0,1.0,355.56,-1.0496280750079845,0,1,75,152859.57,0
1593.52,190800.0,1.0,1.0,1593.52,1.035106969594134,0,1,75,152859.57,0
1221.96,320400.0,1.0,1.0,1221.96,0.4093968067679012,0,1,75,152859.57,0
1356.67,208800.0,1.0,1.0,1356.67,0.6362495789563011,0,1,75,152859.57,0
309.26,28800.0,1.0,2.0,309.26,-1.1275976641425915,0,1,75,152859.57,0
1042.8,356400.0,1.0,1.0,1042.8,0.10768986099346932,0,1,75,152859.57,0
357.99,399600.0,1.0,1.0,357.99,-1.045535934584721,0,1,75,152859.57,0
1506.53,327600.0,1.0,1.0,1506.53,0.888615078474923,0,1,75,152859.57,0
109.95,115200.0,1.0,1.0,109.95,-1.4632373792704212,0,1,75,152859.57,0
437.74,147600.0,1.0,1.0,437.74,-0.9112362643150687,0,1,75,152859.57,0
1283.5,349200.0,1.0,1.0,1283.5,0.5130306839891476,0,1,75,152859.57,0
1952.96,342000.0,1.0,1.0,1952.96,1.640406950556189,0,1,75,152859.57,0
1089.2,345600.0,1.0,1.0,1089.2,0.18582785096854,0,1,75,152859.57,0
1052.17,162000.0,1.0,1.0,1052.17,0.12346901974490078,0,1,75,152859.57,0
478.6,248400.0,1.0,1.0,478.6,-0.8424276809016767,0,1,75,152859.57,0
1487.68,255600.0,1.0,1.0,1487.68,0.8568715200475507,0,1,75,152859.57,0
58.14,410400.0,1.0,1.0,58.14,-1.550485854714568,0,1,75,152859.57,0
1858.96,165600.0,1.0,1.0,1858.96,1.4821101605204856,0,1,75,152859.57,0
468.11,133200.0,1.0,1.0,468.11,-0.8600929290662994,0,1,75,152859.57,0
1595.52,345600.0,1.0,1.0,1595.52,1.0384749864034042,0,1,75,152859.57,0
1129.84,212400.0,1.0,1.0,1129.84,0.2542659525329119,0,1,75,152859.57,0
492.37,3600.0,1.0,2.0,492.37,-0.8192388851698509,0,1,75,152859.57,0
356.3,396000.0,1.0,1.0,356.3,-1.0483819087885544,0,1,75,152859.57,0
1128.36,158400.0,1.0,1.0,1128.36,0.25177362009405185,0,1,75,152859.57,0
1254.82,18000.0,1.0,2.0,1254.82,0.46473332294421177,0,1,75,152859.57,0
1145.03,216000.0,1.0,1.0,1145.03,0.27984604019931975,0,1,75,152859.57,0
1923.89,25200.0,1.0,2.0,1923.89,1.5914528262334453,0,1,75,152859.57,0
880.1,0.0,1.0,1.0,880.1,0.037069391321845946,0,1,71,45385.63,0
11.06,378000.0,1.0,1.0,11.06,-1.4725489587283622,0,1,71,45385.63,0
1272.69,187200.0,1.0,1.0,1272.69,0.7190415307472018,0,1,71,45385.63,0
1146.95,226800.0,1.0,1.0,1146.95,0.5006172794638164,0,1,71,45385.63,0
1357.44,313200.0,1.0,1.0,1357.44,0.8662616301289967,0,1,71,45385.63,0
1196.91,280800.0,1.0,1.0,1196.91,0.587403310910595,0,1,71,45385.63,0
144.49,255600.0,1.0,1.0,144.49,-1.2407663291057909,0,1,71,45385.63,0
1656.74,302400.0,1.0,1.0,1656.74,1.3861787480637606,0,1,71,45385.63,0
1293.11,306000.0,1.0,1.0,1293.11,0.7545133234242074,0,1,71,45385.63,0
189.93,190800.0,1.0,1.0,189.93,-1.161832036292708,0,1,71,45385.63,0
21.29,32400.0,1.0,2.0,21.29,-1.4547783201835154,0,1,71,45385.63,0
923.56,381600.0,1.0,1.0,923.56,0.11256420570689372,0,1,71,45385.63,0
1791.13,90000.0,1.0,1.0,1791.13,1.6196290035908336,0,1,71,45385.63,0
1263.78,97200.0,1.0,1.0,1263.78,0.7035638778210448,0,1,71,45385.63,0
1497.65,104400.0,1.0,1.0,1497.65,1.1098218677021117,0,1,71,45385.63,0
142.03,198000.0,1.0,1.0,142.03,-1.2450396204860767,0,1,71,45385.63,0
1394.77,338400.0,1.0,1.0,1394.77,0.931107958269674,0,1,71,45385.63,0
1297.07,385200.0,1.0,1.0,1297.07,0.7613922802802772,0,1,71,45385.63,0
1103.9,111600.0,1.0,1.0,1103.9,0.4258346803088162,0,1,71,45385.63,0
1044.17,410400.0,1.0,1.0,1044.17,0.322077081063098,0,1,71,45385.63,0
106.97,273600.0,1.0,1.0,106.97,-1.3059427082067343,0,1,71,45385.63,0
688.45,277200.0,1.0,1.0,688.45,-0.2958478009674875,0,1,71,45385.63,0
1205.72,316800.0,1.0,1.0,1205.72,0.6027072528050328,0,1,71,45385.63,0
314.48,295200.0,1.0,1.0,314.48,-0.9454749462867781,0,1,71,45385.63,0
1235.38,216000.0,1.0,1.0,1235.38,0.6542299448128682,0,1,71,45385.63,0
33.64,118800.0,1.0,1.0,33.64,-1.4333250077662272,0,1,71,45385.63,0
311.49,180000.0,1.0,1.0,311.49,-0.9506689061351742,0,1,71,45385.63,0
1854.53,18000.0,1.0,2.0,1854.53,1.7297617977006365,0,1,71,45385.63,0
728.14,194400.0,1.0,1.0,728.14,-0.2269018924782434,0,1,71,45385.63,0
836.37,270000.0,1.0,1.0,836.37,-0.038894442848843115,0,1,71,45385.63,0
467.55,273600.0,1.0,1.0,467.55,-0.6795754700346087,0,1,71,45385.63,0
68.84,223200.0,1.0,1.0,68.84,-1.372178724601163,0,1,71,45385.63,0
200.48,0.0,1.0,1.0,200.48,-1.466572274646048,1,0,27,143141.54,0
1285.64,3600.0,1.0,2.0,1285.64,0.5610015633261679,1,0,27,143141.54,0
1383.04,406800.0,1.0,1.0,1383.04,0.7429891889468078,1,0,27,143141.54,0
1311.59,183600.0,1.0,1.0,1311.59,0.6094879995156502,1,0,27,143141.54,0
1042.78,140400.0,1.0,1.0,1042.78,0.10722831118829651,1,0,27,143141.54,0
1081.95,259200.0,1.0,1.0,1081.95,0.18041573722074503,1,0,27,143141.54,0
1086.21,180000.0,1.0,1.0,1086.21,0.188375360271504,1,0,27,143141.54,0
917.27,100800.0,1.0,1.0,917.27,-0.12728161583066178,1,0,27,143141.54,0
771.84,97200.0,1.0,1.0,771.84,-0.3990111886644367,1,0,27,143141.54,0
685.44,194400.0,1.0,1.0,685.44,-0.5604457970178587,1,0,27,143141.54,0
1314.55,64800.0,1.0,2.0,1314.55,0.6150186296166471,1,0,27,143141.54,0
1082.83,367200.0,1.0,1.0,1082.83,0.18205997860212225,1,0,27,143141.54,0
1483.71,140400.0,1.0,1.0,1483.71,0.9310866660641574,1,0,27,143141.54,0
1038.66,205200.0,1.0,1.0,1038.66,0.09953027199366593,1,0,27,143141.54,0
1296.64,7200.0,1.0,2.0,1296.64,0.5815545805933859,1,0,27,143141.54,0
1034.91,97200.0,1.0,1.0,1034.91,0.09252356156165978,1,0,27,143141.54,0
503.0,360000.0,1.0,1.0,503.0,-0.9013269306752466,1,0,27,143141.54,0
199.89,68400.0,1.0,2.0,199.89,-1.4676746637540168,1,0,27,143141.54,0
431.02,3600.0,1.0,3.0,431.02,-1.035818401847461,1,0,27,143141.54,0
1268.02,349200.0,1.0,1.0,1268.02,0.5280793665763147,1,0,27,143141.54,0
103.14,97200.0,1.0,1.0,103.14,-1.6484477928997758,1,0,27,143141.54,0
1583.83,68400.0,1.0,2.0,1583.83,1.1181564923181457,1,0,27,143141.54,0
1103.14,212400.0,1.0,1.0,1103.14,0.22000832230186795,1,0,27,143141.54,0
1826.23,18000.0,1.0,2.0,1826.23,1.5710702546430242,1,0,27,143141.54,0
120.95,306000.0,1.0,1.0,120.95,-1.6151705894880344,1,0,27,143141.54,0
602.05,28800.0,1.0,2.0,602.05,-0.7162563524645239,1,0,27,143141.54,0
877.22,36000.0,1.0,3.0,877.22,-0.20211328324448752,1,0,27,143141.54,0
321.77,378000.0,1.0,1.0,321.77,-1.2399472324332406,1,0,27,143141.54,0
400.98,151200.0,1.0,1.0,400.98,-1.0919468235481182,1,0,27,143141.54,0
373.37,324000.0,1.0,1.0,373.37,-1.1435348968888357,1,0,27,143141.54,0
755.33,122400.0,1.0,1.0,755.33,-0.4298593991264158,1,0,27,143141.54,0
433.9,68400.0,1.0,2.0,433.9,-1.0304372482356803,1,0,27,143141.54,0
1133.07,176400.0,1.0,1.0,1133.07,0.27593121382985286,1,0,27,143141.54,0
1815.0,399600.0,1.0,1.0,1815.0,1.5500874924693098,1,0,27,143141.54,0
1793.62,352800.0,1.0,1.0,1793.62,1.5101399007262983,1,0,27,143141.54,0
478.3,25200.0,1.0,2.0,478.3,-0.9474777967207272,1,0,27,143141.54,0
1641.53,25200.0,1.0,3.0,1641.53,1.2259664101652805,1,0,27,143141.54,0
1789.98,50400.0,1.0,3.0,1789.98,1.5033387204669646,1,0,27,143141.54,0
313.47,7200.0,1.0,4.0,313.47,-1.255455418189414,1,0,27,143141.54,0
1023.63,241200.0,1.0,1.0,1023.63,0.07144737658218507,1,0,27,143141.54,0
966.32,68400.0,1.0,2.0,966.32,-0.03563384338002102,1,0,27,143141.54,0
1877.05,223200.0,1.0,1.0,1877.05,1.6660251944175717,1,0,27,143141.54,0
638.01,241200.0,1.0,1.0,638.01,-0.6490666705618727,1,0,27,143141.54,0
1737.25,288000.0,1.0,1.0,1737.25,1.404815029512382,1,0,27,143141.54,0
1978.66,72000.0,1.0,2.0,1978.66,1.855879020283211,1,0,27,143141.54,0
875.84,7200.0,1.0,3.0,875.84,-0.20469175268346576,1,0,27,143141.54,0
330.28,259200.0,1.0,1.0,330.28,-1.2240466708928746,1,0,27,143141.54,0
45.45,0.0,1.0,1.0,45.45,-1.5363988768258117,1,0,37,177702.88,0
1792.85,118800.0,1.0,1.0,1792.85,1.2096734559727484,1,0,37,177702.88,0
457.35,363600.0,1.0,1.0,457.35,-0.8890901931359142,1,0,37,177702.88,0
1673.57,147600.0,1.0,1.0,1673.57,1.0222226674548291,1,0,37,177702.88,0
558.73,180000.0,1.0,1.0,558.73,-0.7297695950478301,1,0,37,177702.88,0
1140.65,90000.0,1.0,1.0,1140.65,0.1847287521549503,1,0,37,177702.88,0
475.85,363600.0,1.0,1.0,475.85,-0.8600170912950229,1,0,37,177702.88,0
1627.99,313200.0,1.0,1.0,1627.99,0.950592830594947,1,0,37,177702.88,0
1920.14,147600.0,1.0,1.0,1920.14,1.409712111828265,1,0,37,177702.88,0
751.47,342000.0,1.0,1.0,751.47,-0.4268750194362961,1,0,37,177702.88,0
756.7,43200.0,1.0,2.0,756.7,-0.4186559749699252,1,0,37,177702.88,0
1350.86,144000.0,1.0,1.0,1350.86,0.515077765018396,1,0,37,177702.88,0
517.91,28800.0,1.0,2.0,517.91,-0.7939190013800022,1,0,37,177702.88,0
1044.37,104400.0,1.0,1.0,1044.37,0.033422901060841365,1,0,37,177702.88,0
332.56,432000.0,1.0,1.0,332.56,-1.0852000514453637,1,0,37,177702.88,0
1785.5,266400.0,1.0,1.0,1785.5,1.1981227911873136,1,0,37,177702.88,0
101.63,223200.0,1.0,1.0,101.63,-1.448110938370608,1,0,37,177702.88,0
1151.78,320400.0,1.0,1.0,1151.78,0.20221975883003765,1,0,37,177702.88,0
1953.58,432000.0,1.0,1.0,1953.58,1.4622637078044487,1,0,37,177702.88,0
1053.43,0.0,1.0,1.0,1053.43,0.04716290486939706,0,0,55,17528.79,0
1408.69,162000.0,1.0,1.0,1408.69,0.6053379740728255,0,0,55,17528.79,0
1500.95,46800.0,1.0,2.0,1500.95,0.7502944338057206,0,0,55,17528.79,0
1885.29,86400.0,1.0,1.0,1885.29,1.3541592260639135,0,0,55,17528.79,0
1051.36,306000.0,1.0,1.0,1051.36,0.0439105758899139,0,0,55,17528.79,0
54.77,64800.0,1.0,2.0,54.77,-1.5219051427878,0,0,55,17528.79,0
373.71,241200.0,1.0,1.0,373.71,-1.0207950922002262,0,0,55,17528.79,0
1458.44,205200.0,1.0,1.0,1458.44,0.683503851719818,0,0,55,17528.79,0
1804.34,111600.0,1.0,1.0,1804.34,1.2269727377116713,0,0,55,17528.79,0
450.09,111600.0,1.0,1.0,450.09,-0.9007888663775674,0,0,55,17528.79,0
295.15,234000.0,1.0,1.0,295.15,-1.1442264760785728,0,0,55,17528.79,0
1228.56,388800.0,1.0,1.0,1228.56,0.32232250592101097,0,0,55,17528.79,0
465.67,7200.0,1.0,2.0,465.67,-0.8763099844933432,0,0,55,17528.79,0
645.07,288000.0,1.0,1.0,645.07,-0.5944414729381581,0,0,55,17528.79,0
1575.18,421200.0,1.0,1.0,1575.18,0.8669226367752936,0,0,55,17528.79,0
228.89,306000.0,1.0,1.0,228.89,-1.2483324268904266,0,0,55,17528.79,0
248.05,154800.0,1.0,1.0,248.05,-1.218228744162459,0,0,55,17528.79,0
1263.05,133200.0,1.0,1.0,1263.05,0.37651227717819236,0,0,55,17528.79,0
301.24,21600.0,1.0,2.0,301.24,-1.134658029950529,0,0,55,17528.79,0
1972.45,3600.0,1.0,3.0,1972.45,1.4911027013546045,0,0,55,17528.79,0
525.0,90000.0,1.0,1.0,525.0,-0.7830922654823671,0,0,55,17528.79,0
281.41,198000.0,1.0,1.0,281.41,-1.165814398869923,0,0,55,17528.79,0
1836.24,432000.0,1.0,1.0,1836.24,1.2770931698109491,0,0,55,17528.79,0
777.32,72000.0,1.0,2.0,777.32,-0.3866537881378614,0,0,55,17528.79,0
1508.94,86400.0,1.0,1.0,1508.94,0.7628481094318406,0,0,55,17528.79,0
824.66,162000.0,1.0,1.0,824.66,-0.3122744384331655,0,0,55,17528.79,0
1294.56,338400.0,1.0,1.0,1294.56,0.4260199516436543,0,0,55,17528.79,0
730.55,410400.0,1.0,1.0,730.55,-0.4601375689931347,0,0,55,17528.79,0
20.44,176400.0,1.0,1.0,20.44,-1.575843526297775,0,0,55,17528.79,0
1749.43,176400.0,1.0,1.0,1749.43,1.1406996052172724,0,0,55,17528.79,0
1920.58,338400.0,1.0,1.0,1920.58,1.409605936057127,0,0,55,17528.79,0
240.48,172800.0,1.0,1.0,240.48,-1.2301225269521623,0,0,55,17528.79,0
752.67,298800.0,1.0,1.0,752.67,-0.4253832129418488,0,0,55,17528.79,0
1931.44,298800.0,1.0,1.0,1931.44,1.426668879398762,0,0,55,17528.79,0
1952.59,396000.0,1.0,1.0,1952.59,1.459899197232609,0,0,55,17528.79,0
1706.38,302400.0,1.0,1.0,1706.38,1.0730605894845482,0,0,55,17528.79,0
998.64,86400.0,1.0,1.0,998.64,-0.03892168681459744,0,0,55,17528.79,0
573.96,122400.0,1.0,1.0,573.96,-0.7061676148372061,0,0,55,17528.79,0
495.19,0.0,1.0,1.0,495.19,-1.201362888452087,1,1,87,139414.87,0
349.28,338400.0,1.0,1.0,349.28,-1.4412682612450305,1,1,87,139414.87,0
1898.52,172800.0,1.0,1.0,1898.52,1.1059937478409798,1,1,87,139414.87,0
853.88,219600.0,1.0,1.0,853.88,-0.6116044197583655,1,1,87,139414.87,0
1419.17,97200.0,1.0,1.0,1419.17,0.31784598244931755,1,1,87,139414.87,0
1281.11,21600.0,1.0,2.0,1281.11,0.09084758776907755,1,1,87,139414.87,0
922.68,208800.0,1.0,1.0,922.68,-0.4984833886559428,1,1,87,139414.87,0
1845.57,270000.0,1.0,1.0,1845.57,1.0189333031189842,1,1,87,139414.87,0
1967.31,309600.0,1.0,1.0,1967.31,1.219098336933068,1,1,87,139414.87,0
411.31,0.0,1.0,1.0,411.31,-1.0869751643509264,0,1,62,127772.98,0
860.76,57600.0,1.0,2.0,860.76,-0.21204503179262804,0,1,62,127772.98,0
998.23,28800.0,1.0,2.0,998.23,0.055563479327161255,0,1,62,127772.98,0
903.91,331200.0,1.0,1.0,903.91,-0.12804628839538573,0,1,62,127772.98,0
517.29,108000.0,1.0,1.0,517.29,-0.8806672425608977,0,1,62,127772.98,0
1245.59,154800.0,1.0,1.0,1245.59,0.5370913858565207,0,1,62,127772.98,0
1610.71,403200.0,1.0,1.0,1610.71,1.247858968456779,0,1,62,127772.98,0
92.12,262800.0,1.0,1.0,92.12,-1.7083322652771324,0,1,62,127772.98,0
903.37,234000.0,1.0,1.0,903.37,-0.12909748935562926,0,1,62,127772.98,0
1940.08,133200.0,1.0,1.0,1940.08,1.889033154152021,0,1,62,127772.98,0
715.08,270000.0,1.0,1.0,715.08,-0.4956356908450096,0,1,62,127772.98,0
841.92,223200.0,1.0,1.0,841.92,-0.24872026529446,0,1,62,127772.98,0
801.17,108000.0,1.0,1.0,801.17,-0.32804700442395307,0,1,62,127772.98,0
1734.08,72000.0,1.0,2.0,1734.08,1.4880194545035408,0,1,62,127772.98,0
440.4,0.0,1.0,1.0,440.4,-0.6987800197534955,1,0,41,36751.13,0
628.61,176400.0,1.0,1.0,628.61,-0.41431354014411387,1,0,41,36751.13,0
521.05,421200.0,1.0,1.0,521.05,-0.5768830877068635,1,0,41,36751.13,0
1527.48,252000.0,1.0,1.0,1527.48,0.9442666868708417,1,0,41,36751.13,0
361.34,36000.0,1.0,2.0,361.34,-0.8182737760784395,1,0,41,36751.13,0
1937.5,180000.0,1.0,1.0,1937.5,1.5639837368120701,1,0,41,36751.13,0
315.9,0.0,1.0,1.0,315.9,-0.8203978317444977,2,0,46,198924.59,0
76.29,417600.0,1.0,1.0,76.29,-1.2111314015165493,2,0,46,198924.59,0
30.24,61200.0,1.0,2.0,30.24,-1.2862254330177512,2,0,46,198924.59,0
1459.01,212400.0,1.0,1.0,1459.01,1.043679005374696,2,0,46,198924.59,0
1583.5,205200.0,1.0,1.0,1583.5,1.2466856499259364,2,0,46,198924.59,0
99.43,32400.0,1.0,2.0,99.43,-1.1733968545255,2,0,46,198924.59,0
1645.46,39600.0,1.0,3.0,1645.46,1.347724220866533,2,0,46,198924.59,0
567.44,144000.0,1.0,1.0,567.44,-0.4102099341589966,2,0,46,198924.59,0
912.61,230400.0,1.0,1.0,912.61,0.152661007280088,2,0,46,198924.59,0
641.72,72000.0,1.0,2.0,641.72,-0.2890810598938658,2,0,46,198924.59,0
187.53,208800.0,1.0,1.0,187.53,-1.0297316172778155,2,0,46,198924.59,0
1329.01,205200.0,1.0,1.0,1329.01,0.8316871683463303,2,0,46,198924.59,0
725.6,111600.0,1.0,1.0,725.6,-0.15229740381740953,2,0,46,198924.59,0
55.63,169200.0,1.0,1.0,55.63,-1.2448217965396726,2,0,46,198924.59,0
685.4,140400.0,1.0,1.0,685.4,-0.217851802652335,2,0,46,198924.59,0
1477.37,360000.0,1.0,1.0,1477.37,1.0736187755888558,2,0,46,198924.59,0
1587.13,115200.0,1.0,1.0,1587.13,1.252605114298344,2,0,46,198924.59,0
310.27,306000.0,1.0,1.0,310.27,-0.8295787089942646,2,0,46,198924.59,0
1564.31,50400.0,1.0,2.0,1564.31,1.2153923933676722,2,0,46,198924.59,0
1477.48,208800.0,1.0,1.0,1477.48,1.0737981532971108,2,0,46,198924.59,0
17.71,28800.0,1.0,2.0,17.71,-1.3066581846944083,2,0,46,198924.59,0
1297.58,385200.0,1.0,1.0,1297.58,0.7804340649786261,2,0,46,198924.59,0
1771.14,306000.0,1.0,1.0,1771.14,1.5526714060798024,2,0,46,198924.59,0
1073.79,172800.0,1.0,1.0,1073.79,0.41549827106648785,2,0,46,198924.59,0
1234.23,108000.0,1.0,1.0,1234.23,0.6771288120882649,2,0,46,198924.59,0
243.5,360000.0,1.0,1.0,243.5,-0.9384609779049106,2,0,46,198924.59,0
613.13,356400.0,1.0,1.0,613.13,-0.33570295697571956,2,0,46,198924.59,0
1905.99,147600.0,1.0,1.0,1905.99,1.7725721693357648,2,0,46,198924.59,0
1514.25,68400.0,1.0,2.0,1514.25,1.1337592290473646,2,0,46,198924.59,0
13.03,302400.0,1.0,1.0,13.03,-1.3142898908274294,2,0,46,198924.59,0
323.99,313200.0,1.0,1.0,323.99,-0.8072054166555785,2,0,46,198924.59,0
895.01,241200.0,1.0,1.0,895.01,0.12396057395932461,2,0,46,198924.59,0
1029.85,140400.0,1.0,1.0,1029.85,0.3438450301509002,2,0,46,198924.59,0
122.89,75600.0,1.0,2.0,122.89,-1.1351404814740735,2,0,46,198924.59,0
451.39,54000.0,1.0,2.0,451.39,-0.5994534163677802,2,0,46,198924.59,0
1027.09,90000.0,1.0,1.0,1027.09,0.3393442803801441,2,0,46,198924.59,0
36.86,230400.0,1.0,1.0,36.86,-1.2754301563936914,2,0,46,198924.59,0
841.81,0.0,1.0,1.0,841.81,-0.734346576173896,0,0,51,91741.65,0
1204.27,241200.0,1.0,1.0,1204.27,-0.03437686530273644,0,0,51,91741.65,0
1634.43,277200.0,1.0,1.0,1634.43,0.7963326497564094,0,0,51,91741.65,0
1007.78,334800.0,1.0,1.0,1007.78,-0.4138312836911769,0,0,51,91741.65,0
1958.69,262800.0,1.0,1.0,1958.69,1.422531895044392,0,0,51,91741.65,0
859.49,64800.0,1.0,2.0,859.49,-0.7002035962914203,0,0,51,91741.65,0
422.65,309600.0,1.0,1.0,422.65,-1.5438132870075194,0,0,51,91741.65,0
1905.94,111600.0,1.0,1.0,1905.94,1.3206629929629108,0,0,51,91741.65,0
1163.58,75600.0,1.0,2.0,1163.58,-0.11295592929696344,0,0,51,91741.65,0
1580.26,0.0,1.0,1.0,1580.26,0.8786515445591229,2,0,47,41221.1,0
390.32,129600.0,1.0,1.0,390.32,-0.9670607462661627,2,0,47,41221.1,0
1499.21,345600.0,1.0,1.0,1499.21,0.7529351377055089,2,0,47,41221.1,0
1584.86,417600.0,1.0,1.0,1584.86,0.8857865904755523,2,0,47,41221.1,0
1146.66,187200.0,1.0,1.0,1146.66,0.20609591208870948,2,0,47,41221.1,0
1861.86,428400.0,1.0,1.0,1861.86,1.3154404423996864,2,0,47,41221.1,0
1533.69,277200.0,1.0,1.0,1533.69,0.8064169601399643,2,0,47,41221.1,0
1716.25,32400.0,1.0,2.0,1716.25,1.0895852172059206,2,0,47,41221.1,0
1924.03,36000.0,1.0,3.0,1924.03,1.4118721390571718,2,0,47,41221.1,0
282.84,144000.0,1.0,1.0,282.84,-1.1337726452004802,2,0,47,41221.1,0
163.18,90000.0,1.0,1.0,163.18,-1.3193769048439528,2,0,47,41221.1,0
1224.07,158400.0,1.0,1.0,1224.07,0.32616632608671364,2,0,47,41221.1,0
1399.42,219600.0,1.0,1.0,1399.42,0.5981511742271359,2,0,47,41221.1,0
152.51,169200.0,1.0,1.0,152.51,-1.3359271091761928,2,0,47,41221.1,0
134.33,201600.0,1.0,1.0,134.33,-1.3641260515154734,2,0,47,41221.1,0
297.1,237600.0,1.0,1.0,297.1,-1.1116540028595483,2,0,47,41221.1,0
1759.53,313200.0,1.0,1.0,1759.53,1.1567166926978936,2,0,47,41221.1,0
954.02,280800.0,1.0,1.0,954.02,-0.09270740211585815,2,0,47,41221.1,0
1812.58,169200.0,1.0,1.0,1812.58,1.2390023852775878,2,0,47,41221.1,0
900.05,381600.0,1.0,1.0,900.05,-0.17642010387883839,2,0,47,41221.1,0
1493.92,248400.0,1.0,1.0,1493.92,0.7447298349016149,2,0,47,41221.1,0
173.86,406800.0,1.0,1.0,173.86,-1.302811189542329,2,0,47,41221.1,0
788.63,270000.0,1.0,1.0,788.63,-0.34924332475027164,2,0,47,41221.1,0
712.47,57600.0,1.0,2.0,712.47,-0.46737486757533314,2,0,47,41221.1,0
1601.22,54000.0,1.0,2.0,1601.22,0.9111625363870285,2,0,47,41221.1,0
208.26,320400.0,1.0,1.0,208.26,-1.2494534548629421,2,0,47,41221.1,0
1004.53,360000.0,1.0,1.0,1004.53,-0.01436149575958375,2,0,47,41221.1,0
86.43,298800.0,1.0,1.0,86.43,-1.4384235948626434,2,0,47,41221.1,0
620.54,0.0,1.0,1.0,620.54,-0.32639332913352304,1,0,30,157664.76,0
346.71,194400.0,1.0,1.0,346.71,-0.743975317554901,1,0,30,157664.76,0
483.99,144000.0,1.0,1.0,483.99,-0.5346277100229038,1,0,30,157664.76,0
380.82,320400.0,1.0,1.0,380.82,-0.6919586589526543,1,0,30,157664.76,0
1749.92,396000.0,1.0,1.0,1749.92,1.3958750347540565,1,0,30,157664.76,0
1622.05,385200.0,1.0,1.0,1622.05,1.2008773761357836,1,0,30,157664.76,0
163.79,216000.0,1.0,1.0,163.79,-1.022922464770467,1,0,30,157664.76,0
1914.9,342000.0,1.0,1.0,1914.9,1.6474642559853274,1,0,30,157664.76,0
48.5,230400.0,1.0,1.0,48.5,-1.1987360259036544,1,0,30,157664.76,0
748.66,360000.0,1.0,1.0,748.66,-0.13101442851435438,1,0,30,157664.76,0
1550.45,10800.0,1.0,2.0,1550.45,1.091689667079177,1,0,30,157664.76,0
245.97,280800.0,1.0,1.0,245.97,-0.8976005942359425,1,0,30,157664.76,0
1276.66,28800.0,1.0,2.0,1276.66,0.6741686773779424,1,0,30,157664.76,0
1367.6,36000.0,1.0,3.0,1367.6,0.8128492676238614,1,0,30,157664.76,0
22.92,46800.0,1.0,3.0,22.92,-1.2377447074353303,1,0,30,157664.76,0
803.45,378000.0,1.0,1.0,803.45,-0.04746143159799266,1,0,30,157664.76,0
1840.77,428400.0,1.0,1.0,1840.77,1.5344183778796532,1,0,30,157664.76,0
27.2,352800.0,1.0,1.0,27.2,-1.231217844379991,1,0,30,157664.76,0
302.59,82800.0,1.0,2.0,302.59,-0.8112569058730225,1,0,30,157664.76,0
1377.7,230400.0,1.0,1.0,1377.7,0.828251444460059,1,0,30,157664.76,0
346.3,129600.0,1.0,1.0,346.3,-0.7446005544363703,1,0,30,157664.76,0
66.1,205200.0,1.0,1.0,66.1,-1.1718965890405777,1,0,30,157664.76,0
586.1,226800.0,1.0,1.0,586.1,-0.37891322717695225,1,0,30,157664.76,0
1271.09,18000.0,1.0,2.0,1271.09,0.6656746055979798,1,0,30,157664.76,0
1224.44,115200.0,1.0,1.0,1224.44,0.5945348482307913,1,0,30,157664.76,0
413.58,345600.0,1.0,1.0,413.58,-0.6420007071552459,1,0,30,157664.76,0
1934.91,162000.0,1.0,1.0,1934.91,1.6779788657370411,1,0,30,157664.76,0
1813.15,10800.0,1.0,2.0,1813.15,1.4922987616206662,1,0,30,157664.76,0
800.34,406800.0,1.0,1.0,800.34,-0.05220408208913859,1,0,30,157664.76,0
491.8,417600.0,1.0,1.0,491.8,-0.5227177099149136,1,0,30,157664.76,0
28.76,309600.0,1.0,1.0,28.76,-1.2288388942944004,1,0,30,157664.76,0
1223.87,0.0,1.0,1.0,1223.87,0.5500938738385309,2,0,44,94748.05,0
351.33,309600.0,1.0,1.0,351.33,-0.9381192456161965,2,0,44,94748.05,0
587.95,345600.0,1.0,1.0,587.95,-0.5345377612998583,2,0,44,94748.05,0
1031.23,370800.0,1.0,1.0,1031.23,0.22152512589372775,2,0,44,94748.05,0
256.58,316800.0,1.0,1.0,256.58,-1.0997258115826112,2,0,44,94748.05,0
100.98,176400.0,1.0,1.0,100.98,-1.3651187579084592,2,0,44,94748.05,0
1627.46,205200.0,1.0,1.0,1627.46,1.2384610923966872,2,0,44,94748.05,0
969.78,162000.0,1.0,1.0,969.78,0.11671537941735638,2,0,44,94748.05,0
1403.5,46800.0,1.0,2.0,1403.5,0.8564726331477349,2,0,44,94748.05,0
1065.23,255600.0,1.0,1.0,1065.23,0.27951587252019844,2,0,44,94748.05,0
1599.99,61200.0,1.0,2.0,1599.99,1.1916079803428885,2,0,44,94748.05,0
171.73,237600.0,1.0,1.0,171.73,-1.2444468366195534,2,0,44,94748.05,0
671.4,28800.0,1.0,2.0,671.4,-0.3922045905357708,2,0,44,94748.05,0
433.18,338400.0,1.0,1.0,433.18,-0.7985150511639427,2,0,44,94748.05,0
1746.84,349200.0,1.0,1.0,1746.84,1.442076837463395,2,0,44,94748.05,0
1165.35,280800.0,1.0,1.0,1165.35,0.45028156523320545,2,0,44,94748.05,0
362.03,75600.0,1.0,2.0,362.03,-0.9198692165308072,2,0,44,94748.05,0
1893.5,86400.0,1.0,1.0,1893.5,1.6922216286468712,2,0,44,94748.05,0
278.88,126000.0,1.0,1.0,278.88,-1.0616907042364259,2,0,44,94748.05,0
1309.32,432000.0,1.0,1.0,1309.32,0.695838264992411,2,0,44,94748.05,0
416.92,82800.0,1.0,2.0,416.92,-0.8262482729329549,2,0,44,94748.05,0
906.99,118800.0,1.0,1.0,906.99,0.00962011527982425,2,0,44,94748.05,0
1632.62,201600.0,1.0,1.0,1632.62,1.2472620410023514,2,0,44,94748.05,0
1354.96,118800.0,1.0,1.0,1354.96,0.7736823142874736,2,0,44,94748.05,0
537.18,100800.0,1.0,1.0,537.18,-0.6211315908947384,2,0,44,94748.05,0
470.53,388800.0,1.0,1.0,470.53,-0.7348105103845698,2,0,44,94748.05,0
1802.81,406800.0,1.0,1.0,1802.81,1.537539840071735,2,0,44,94748.05,0
1439.7,183600.0,1.0,1.0,1439.7,0.9182157222029773,2,0,44,94748.05,0
75.44,32400.0,1.0,2.0,75.44,-1.408680042286108,2,0,44,94748.05,0
722.29,367200.0,1.0,1.0,722.29,-0.3054060877175034,2,0,44,94748.05,0
227.95,363600.0,1.0,1.0,227.95,-1.1485574314624891,2,0,44,94748.05,0
1644.47,259200.0,1.0,1.0,1644.47,1.2674735218118713,2,0,44,94748.05,0
632.6,111600.0,1.0,1.0,632.6,-0.45838226609774313,2,0,44,94748.05,0
253.57,10800.0,1.0,2.0,253.57,-1.1048596982692487,2,0,44,94748.05,0
302.0,392400.0,1.0,1.0,302.0,-1.0222569965304258,2,0,44,94748.05,0
1778.43,237600.0,1.0,1.0,1778.43,1.495957063520166,2,0,44,94748.05,0
1121.06,0.0,1.0,1.0,1121.06,0.03427206253705057,2,0,57,59765.39,0
913.22,399600.0,1.0,1.0,913.22,-0.41328413195684277,2,0,57,59765.39,0
1005.36,356400.0,1.0,1.0,1005.36,-0.2148727204832701,2,0,57,59765.39,0
786.44,28800.0,1.0,2.0,786.44,-0.686288242512731,2,0,57,59765.39,0
1845.57,270000.0,1.0,1.0,1845.57,1.5944093723560016,2,0,57,59765.39,0
1265.22,327600.0,1.0,1.0,1265.22,0.344701724768766,2,0,57,59765.39,0
548.48,396000.0,1.0,1.0,548.48,-1.1987039086105318,2,0,57,59765.39,0
655.37,14400.0,1.0,2.0,655.37,-0.9685303056974628,2,0,57,59765.39,0
1805.58,165600.0,1.0,1.0,1805.58,1.5082961495990213,2,0,57,59765.39,0
544.23,0.0,1.0,1.0,544.23,-0.8571492047819226,2,1,87,62247.04,0
754.59,144000.0,1.0,1.0,754.59,-0.47509764739386334,2,1,87,62247.04,0
875.26,360000.0,1.0,1.0,875.26,-0.2559392454637574,2,1,87,62247.04,0
1685.27,57600.0,1.0,2.0,1685.27,1.2151844567605334,2,1,87,62247.04,0
188.7,255600.0,1.0,1.0,188.7,-1.5028555662488206,2,1,87,62247.04,0
340.74,111600.0,1.0,1.0,340.74,-1.226723607771541,2,1,87,62247.04,0
466.88,367200.0,1.0,1.0,466.88,-0.9976307029943506,2,1,87,62247.04,0
1811.1,21600.0,1.0,2.0,1811.1,1.4437143458370663,2,1,87,62247.04,0
1061.25,295200.0,1.0,1.0,1061.25,0.0818520131339091,2,1,87,62247.04,0
1827.08,270000.0,1.0,1.0,1827.08,1.4727368971161172,2,1,87,62247.04,0
1648.88,388800.0,1.0,1.0,1648.88,1.1490936782220686,2,1,87,62247.04,0
1357.05,32400.0,1.0,2.0,1357.05,0.6190779623418758,2,1,87,62247.04,0
1520.47,410400.0,1.0,1.0,1520.47,0.915878045572322,2,1,87,62247.04,0
1787.11,3600.0,1.0,2.0,1787.11,1.4001441953248988,2,1,87,62247.04,0
328.95,234000.0,1.0,1.0,328.95,-1.2481363661933191,2,1,87,62247.04,0
1702.23,108000.0,1.0,1.0,1702.23,1.2459868641255338,2,1,87,62247.04,0
212.68,414000.0,1.0,1.0,212.68,-1.4593035775334484,2,1,87,62247.04,0
1759.17,190800.0,1.0,1.0,1759.17,1.3494001350785483,2,1,87,62247.04,0
387.2,356400.0,1.0,1.0,387.2,-1.1423438998601072,2,1,87,62247.04,0
1333.14,86400.0,1.0,1.0,1333.14,0.5756531062040718,2,1,87,62247.04,0
1156.66,90000.0,1.0,1.0,1156.66,0.25513371635883186,2,1,87,62247.04,0
814.55,370800.0,1.0,1.0,814.55,-0.366199513808638,2,1,87,62247.04,0
813.39,212400.0,1.0,1.0,813.39,-0.3683062822369045,2,1,87,62247.04,0
1396.76,385200.0,1.0,1.0,1396.76,0.691198457416414,2,1,87,62247.04,0
179.33,32400.0,1.0,2.0,179.33,-1.5198731698461114,2,1,87,62247.04,0
721.53,230400.0,1.0,1.0,721.53,-0.5351405475994597,2,1,87,62247.04,0
1299.78,403200.0,1.0,1.0,1299.78,0.5150653520946133,2,1,87,62247.04,0
159.07,162000.0,1.0,1.0,159.07,-1.5566689701535945,2,1,87,62247.04,0
1496.97,122400.0,1.0,1.0,1496.97,0.8731978231031292,2,1,87,62247.04,0
1027.18,252000.0,1.0,1.0,1027.18,0.019974771451977402,2,1,87,62247.04,0
695.61,363600.0,1.0,1.0,695.61,-0.5822159248931396,2,1,87,62247.04,0
822.08,165600.0,1.0,1.0,822.08,-0.35252368082170077,2,1,87,62247.04,0
847.97,180000.0,1.0,1.0,847.97,-0.30550278891840715,2,1,87,62247.04,0
1527.32,284400.0,1.0,1.0,1527.32,0.9283188763771717,2,1,87,62247.04,0
294.09,0.0,1.0,1.0,294.09,-0.8431666228576719,2,0,30,80316.51,0
230.85,406800.0,1.0,1.0,230.85,-0.9609675880007726,2,0,30,80316.51,0
1566.57,32400.0,1.0,2.0,1566.57,1.5271586795663163,2,0,30,80316.51,0
1679.9,61200.0,1.0,2.0,1679.9,1.7382653111233632,2,0,30,80316.51,0
251.32,165600.0,1.0,1.0,251.32,-0.9228368834391143,2,0,30,80316.51,0
501.48,237600.0,1.0,1.0,501.48,-0.4568487518736791,2,0,30,80316.51,0
476.77,136800.0,1.0,1.0,476.77,-0.5028775603601754,2,0,30,80316.51,0
836.14,111600.0,1.0,1.0,836.14,0.16654263008062417,2,0,30,80316.51,0
1942.47,313200.0,1.0,1.0,1942.47,2.227370298751826,2,0,30,80316.51,0
314.7,432000.0,1.0,1.0,314.7,-0.804775131845665,2,0,30,80316.51,0
721.32,313200.0,1.0,1.0,721.32,-0.04733951441227331,2,0,30,80316.51,0
51.01,64800.0,1.0,2.0,51.01,-1.2959664110769153,2,0,30,80316.51,0
1186.37,363600.0,1.0,1.0,1186.37,0.818937190834391,2,0,30,80316.51,0
62.9,316800.0,1.0,1.0,62.9,-1.273818190400896,2,0,30,80316.51,0
1346.27,133200.0,1.0,1.0,1346.27,1.1167925723394803,2,0,30,80316.51,0
968.95,399600.0,1.0,1.0,968.95,0.41393583344329393,2,0,30,80316.51,0
588.47,360000.0,1.0,1.0,588.47,-0.29480722818932825,2,0,30,80316.51,0
782.83,57600.0,1.0,2.0,782.83,0.06723887530866493,2,0,30,80316.51,0
1397.39,367200.0,1.0,1.0,1397.39,1.2120168819238466,2,0,30,80316.51,0
608.84,432000.0,1.0,1.0,608.84,-0.25686279966363307,2,0,30,80316.51,0
942.87,385200.0,1.0,1.0,942.87,0.36535504326410234,2,0,30,80316.51,0
1267.71,68400.0,1.0,2.0,1267.71,0.9704541184868236,2,0,30,80316.51,0
334.69,241200.0,1.0,1.0,334.69,-0.7675385522566298,2,0,30,80316.51,0
579.59,187200.0,1.0,1.0,579.59,-0.3113485401828567,2,0,30,80316.51,0
1772.19,230400.0,1.0,1.0,1772.19,1.9101794647137613,2,0,30,80316.51,0
1119.97,334800.0,1.0,1.0,1119.97,0.6952499029548546,2,0,30,80316.51,0
178.04,104400.0,1.0,1.0,178.04,-1.0593399625929163,2,0,30,80316.51,0
183.33,36000.0,1.0,2.0,183.33,-1.0494859602904651,2,0,30,80316.51,0
590.73,327600.0,1.0,1.0,590.73,-0.2905973897765609,2,0,30,80316.51,0
498.71,316800.0,1.0,1.0,498.71,-0.46200859806985867,2,0,30,80316.51,0
168.29,54000.0,1.0,2.0,168.29,-1.0775018760993242,2,0,30,80316.51,0
1033.86,21600.0,1.0,3.0,1033.86,0.5348476083869793,2,0,30,80316.51,0
163.59,140400.0,1.0,1.0,163.59,-1.0862568497895924,2,0,30,80316.51,0
170.15,0.0,1.0,1.0,170.15,-1.5436440050730744,2,0,50,89837.89,0
1863.28,255600.0,1.0,1.0,1863.28,1.2300327494272523,2,0,50,89837.89,0
1459.69,306000.0,1.0,1.0,1459.69,0.5688737118171535,2,0,50,89837.89,0
1920.34,244800.0,1.0,1.0,1920.34,1.323508144471808,2,0,50,89837.89,0
282.01,169200.0,1.0,1.0,282.01,-1.3603955352223207,2,0,50,89837.89,0
530.02,424800.0,1.0,1.0,530.02,-0.9541068439324457,2,0,50,89837.89,0
614.01,342000.0,1.0,1.0,614.01,-0.8165148630387857,2,0,50,89837.89,0
1162.21,370800.0,1.0,1.0,1162.21,0.08154352398234034,2,0,50,89837.89,0
675.2,424800.0,1.0,1.0,675.2,-0.7162737234878505,2,0,50,89837.89,0
1301.22,291600.0,1.0,1.0,1301.22,0.3092689825372596,2,0,50,89837.89,0
1711.8,190800.0,1.0,1.0,1711.8,0.9818790017695358,2,0,50,89837.89,0
744.32,190800.0,1.0,1.0,744.32,-0.6030416992067482,2,0,50,89837.89,0
756.83,252000.0,1.0,1.0,756.83,-0.5825478823121216,2,0,50,89837.89,0
1548.2,147600.0,1.0,1.0,1548.2,0.713870333187529,2,0,50,89837.89,0
1962.12,428400.0,1.0,1.0,1962.12,1.3919519230375552,2,0,50,89837.89,0
1493.12,57600.0,1.0,2.0,1493.12,0.6236385638385255,2,0,50,89837.89,0
1717.08,90000.0,1.0,1.0,1717.08,0.9905286702910089,2,0,50,89837.89,0
1567.33,39600.0,1.0,2.0,1567.33,0.7452089996299115,2,0,50,89837.89,0
537.92,363600.0,1.0,1.0,537.92,-0.9411651050461508,2,0,50,89837.89,0
1693.87,320400.0,1.0,1.0,1693.87,0.9525061690820333,2,0,50,89837.89,0
1120.99,262800.0,1.0,1.0,1120.99,0.014017134502203826,2,0,50,89837.89,0
435.17,399600.0,1.0,1.0,435.17,-1.1094896203077718,2,0,50,89837.89,0
1910.05,86400.0,1.0,1.0,1910.05,1.3066511200237099,2,0,50,89837.89,0
725.95,295200.0,1.0,1.0,725.95,-0.6331353376043733,2,0,50,89837.89,0
1422.85,82800.0,1.0,2.0,1422.85,0.5085226155423297,2,0,50,89837.89,0
1739.51,61200.0,1.0,2.0,1739.51,1.0272733795593123,2,0,50,89837.89,0
236.84,421200.0,1.0,1.0,236.84,-1.4343927941456045,2,0,50,89837.89,0
249.11,277200.0,1.0,1.0,249.11,-1.414292144001954,2,0,50,89837.89,0
1007.4,216000.0,1.0,1.0,1007.4,-0.17206541234516892,2,0,50,89837.89,0
180.1,162000.0,1.0,1.0,180.1,-1.5273439668555255,2,0,50,89837.89,0
1746.75,180000.0,1.0,1.0,1746.75,1.039133909880423,2,0,50,89837.89,0
1652.5,0.0,1.0,1.0,1652.5,0.8926431170180499,1,1,69,186812.07,0
1722.2,115200.0,1.0,1.0,1722.2,1.0129625733691823,1,1,69,186812.07,0
665.68,100800.0,1.0,1.0,665.68,-0.8108525202333768,1,1,69,186812.07,0
1147.65,100800.0,1.0,1.0,1147.65,0.021147026073011697,1,1,69,186812.07,0
1676.08,403200.0,1.0,1.0,1676.08,0.9333480349629523,1,1,69,186812.07,0
457.77,54000.0,1.0,2.0,457.77,-1.1697566546661449,1,1,69,186812.07,0
1855.64,381600.0,1.0,1.0,1855.64,1.243313050492498,1,1,69,186812.07,0
1522.84,28800.0,1.0,2.0,1522.84,0.6688178557484971,1,1,69,186812.07,0
1795.24,86400.0,1.0,1.0,1795.24,1.139047696638719,1,1,69,186812.07,0
125.97,388800.0,1.0,1.0,125.97,-1.742525601829785,1,1,69,186812.07,0
1128.0,180000.0,1.0,1.0,1128.0,-0.012773738881073842,1,1,69,186812.07,0
858.79,180000.0,1.0,1.0,858.79,-0.4774968499899454,1,1,69,186812.07,0
1679.19,327600.0,1.0,1.0,1679.19,0.9387166649378739,1,1,69,186812.07,0
484.81,18000.0,1.0,2.0,484.81,-1.1230789200931948,1,1,69,186812.07,0
1810.74,54000.0,1.0,3.0,1810.74,1.165804534134308,1,1,69,186812.07,0
1928.76,417600.0,1.0,1.0,1928.76,1.3695362735684635,1,1,69,186812.07,0
827.86,172800.0,1.0,1.0,827.86,-0.530889687650498,1,1,69,186812.07,0
1124.6,342000.0,1.0,1.0,1124.6,-0.01864298065429997,1,1,69,186812.07,0
1236.08,122400.0,1.0,1.0,1236.08,0.17379909960429743,1,1,69,186812.07,0
496.97,370800.0,1.0,1.0,496.97,-1.10208774951601,1,1,69,186812.07,0
728.56,363600.0,1.0,1.0,728.56,-0.7023060723803036,1,1,69,186812.07,0
494.92,298800.0,1.0,1.0,494.92,-1.105626557055749,1,1,69,186812.07,0
1967.86,349200.0,1.0,1.0,1967.86,1.437032553960562,1,1,69,186812.07,0
799.0,295200.0,1.0,1.0,799.0,-0.5807091928197043,1,1,69,186812.07,0
760.12,399600.0,1.0,1.0,760.12,-0.6478256987441237,1,1,69,186812.07,0
1928.31,180000.0,1.0,1.0,1928.31,1.3687594621573012,1,1,69,186812.07,0
284.2,147600.0,1.0,1.0,284.2,-1.4693814471893305,1,1,69,186812.07,0
543.89,392400.0,1.0,1.0,543.89,-1.0210922130454918,1,1,69,186812.07,0
1937.86,90000.0,1.0,1.0,1937.86,1.3852451265497445,1,1,69,186812.07,0
1366.12,10800.0,1.0,2.0,1366.12,0.3982803349543871,1,1,69,186812.07,0
1009.48,216000.0,1.0,1.0,1009.48,-0.21736860210540965,1,1,69,186812.07,0
1400.29,352800.0,1.0,1.0,1400.29,0.4572662147753082,1,1,69,186812.07,0
37.18,165600.0,1.0,1.0,37.18,-1.8957991244900008,1,1,69,186812.07,0
925.42,374400.0,1.0,1.0,925.42,-0.36247697371052,1,1,69,186812.07,0
1358.41,3600.0,1.0,2.0,1358.41,0.38497096610980736,1,1,69,186812.07,0
1419.29,0.0,1.0,1.0,1419.29,0.6950609416536636,2,0,42,199662.83,0
282.11,385200.0,1.0,1.0,282.11,-1.184930261761185,2,0,42,199662.83,0
1117.27,18000.0,1.0,2.0,1117.27,0.19576008932126893,2,0,42,199662.83,0
1423.13,136800.0,1.0,1.0,1423.13,0.7014092473054631,2,0,42,199662.83,0
1955.98,172800.0,1.0,1.0,1955.98,1.5823193167224436,2,0,42,199662.83,0
390.08,72000.0,1.0,2.0,390.08,-1.0064337614422372,2,0,42,199662.83,0
375.04,158400.0,1.0,1.0,375.04,-1.0312979585784507,2,0,42,199662.83,0
1027.96,104400.0,1.0,1.0,1027.96,0.04811238677903284,2,0,42,199662.83,0
1039.28,0.0,1.0,1.0,1039.28,0.4103124646765849,1,0,21,63775.63,0
212.44,252000.0,1.0,1.0,212.44,-1.282587312239239,1,0,21,63775.63,0
761.5,403200.0,1.0,1.0,761.5,-0.1584235665164845,1,0,21,63775.63,0
1237.19,39600.0,1.0,2.0,1237.19,0.8155199955766512,1,0,21,63775.63,0
267.91,208800.0,1.0,1.0,267.91,-1.1690161852672483,1,0,21,63775.63,0
1963.46,90000.0,1.0,1.0,1963.46,2.302509402209924,1,0,21,63775.63,0
744.75,378000.0,1.0,1.0,744.75,-0.19271807484136,1,0,21,63775.63,0
1159.13,126000.0,1.0,1.0,1159.13,0.6556973496160674,1,0,21,63775.63,0
56.17,327600.0,1.0,1.0,56.17,-1.602539719160331,1,0,21,63775.63,0
465.49,342000.0,1.0,1.0,465.49,-0.7644843073670154,1,0,21,63775.63,0
1169.01,421200.0,1.0,1.0,1169.01,0.6759259909444116,1,0,21,63775.63,0
619.06,57600.0,1.0,2.0,619.06,-0.45005997044456014,1,0,21,63775.63,0
1619.44,298800.0,1.0,1.0,1619.44,1.5981513870503021,1,0,21,63775.63,0
675.89,381600.0,1.0,1.0,675.89,-0.3337043341399228,1,0,21,63775.63,0
590.02,381600.0,1.0,1.0,590.02,-0.5095174344298964,1,0,21,63775.63,0
1363.8,169200.0,1.0,1.0,1363.8,1.074745529846053,1,0,21,63775.63,0
820.88,14400.0,1.0,2.0,820.88,-0.03684697521313488,1,0,21,63775.63,0
543.83,331200.0,1.0,1.0,543.83,-0.6040883800732395,1,0,21,63775.63,0
315.17,147600.0,1.0,1.0,315.17,-1.0722544859577787,1,0,21,63775.63,0
1294.31,219600.0,1.0,1.0,1294.31,0.9324693875478084,1,0,21,63775.63,0
697.68,414000.0,1.0,1.0,697.68,-0.2890907618175923,1,0,21,63775.63,0
1037.79,0.0,1.0,1.0,1037.79,-0.29883549273771454,1,1,89,84467.07,0
1745.16,306000.0,1.0,1.0,1745.16,0.9623139435988449,1,1,89,84467.07,0
1808.74,237600.0,1.0,1.0,1808.74,1.0756688797175358,1,1,89,84467.07,0
406.56,403200.0,1.0,1.0,406.56,-1.424237133602787,1,1,89,84467.07,0
1521.07,241200.0,1.0,1.0,1521.07,0.5627903884740025,1,1,89,84467.07,0
1076.56,306000.0,1.0,1.0,1076.56,-0.22971358532466568,1,1,89,84467.07,0
1955.16,97200.0,1.0,1.0,1955.16,1.3367168467904949,1,1,89,84467.07,0
410.64,187200.0,1.0,1.0,410.64,-1.4169630200550636,1,1,89,84467.07,0
1961.12,241200.0,1.0,1.0,1961.12,1.3473427577572672,1,1,89,84467.07,0
873.43,21600.0,1.0,2.0,873.43,-0.5918681649690459,1,1,89,84467.07,0
438.8,259200.0,1.0,1.0,438.8,-1.366757373608031,1,1,89,84467.07,0
1317.18,79200.0,1.0,2.0,1317.18,0.19928082689426224,1,1,89,84467.07,0
295.63,410400.0,1.0,1.0,295.63,-1.6220110100363572,1,1,89,84467.07,0
1833.7,7200.0,1.0,2.0,1833.7,1.120169339068315,1,1,89,84467.07,0
1062.89,147600.0,1.0,1.0,1062.89,-0.2540854314514742,1,1,89,84467.07,0
904.93,111600.0,1.0,1.0,904.93,-0.5357077294902984,1,1,89,84467.07,0
1275.89,399600.0,1.0,1.0,1275.89,0.12566608464291362,1,1,89,84467.07,0
715.91,3600.0,1.0,2.0,715.91,-0.872705999782135,1,1,89,84467.07,0
1040.41,309600.0,1.0,1.0,1040.41,-0.2941643708026566,1,1,89,84467.07,0
1935.34,241200.0,1.0,1.0,1935.34,1.3013803442130731,1,1,89,84467.07,0
1696.59,140400.0,1.0,1.0,1696.59,0.8757199007035188,1,1,89,84467.07,0
194.66,0.0,1.0,1.0,194.66,-1.204264237625817,1,0,37,59642.6,0
1259.46,216000.0,1.0,1.0,1259.46,0.5241347076563151,1,0,37,59642.6,0
832.25,226800.0,1.0,1.0,832.25,-0.16931881733803095,1,0,37,59642.6,0
1961.4,61200.0,1.0,2.0,1961.4,1.6635339898232382,1,0,37,59642.6,0
226.76,316800.0,1.0,1.0,226.76,-1.1521590477840096,1,0,37,59642.6,0
240.73,72000.0,1.0,2.0,240.73,-1.129482739307684,1,0,37,59642.6,0
1128.72,36000.0,1.0,2.0,1128.72,0.3119156260389353,1,0,37,59642.6,0
1573.2,414000.0,1.0,1.0,1573.2,1.033402067811101,1,0,37,59642.6,0
1628.32,32400.0,1.0,2.0,1628.32,1.1228736585924224,1,0,37,59642.6,0
1576.97,176400.0,1.0,1.0,1576.97,1.039521586991899,1,0,37,59642.6,0
978.77,158400.0,1.0,1.0,978.77,0.06851459124831197,1,0,37,59642.6,0
1433.72,118800.0,1.0,1.0,1433.72,0.8069960902679457,1,0,37,59642.6,0
1549.72,111600.0,1.0,1.0,1549.72,0.9952889881386513,1,0,37,59642.6,0
1956.09,140400.0,1.0,1.0,1956.09,1.6549147201017427,1,0,37,59642.6,0
1312.77,367200.0,1.0,1.0,1312.77,0.6106682799449987,1,0,37,59642.6,0
993.48,396000.0,1.0,1.0,993.48,0.09239207855588166,1,0,37,59642.6,0
334.11,234000.0,1.0,1.0,334.11,-0.9779069565217661,1,0,37,59642.6,0
166.8,118800.0,1.0,1.0,166.8,-1.2494869974075227,1,0,37,59642.6,0
155.33,36000.0,1.0,2.0,155.33,-1.268105269291807,1,0,37,59642.6,0
187.11,270000.0,1.0,1.0,187.11,-1.216519508133781,1,0,37,59642.6,0
943.09,327600.0,1.0,1.0,943.09,0.010598293006701915,1,0,37,59642.6,0
159.43,219600.0,1.0,1.0,159.43,-1.2614500892808596,1,0,37,59642.6,0
1449.02,190800.0,1.0,1.0,1449.02,0.8318312742112369,1,0,37,59642.6,0
473.99,342000.0,1.0,1.0,473.99,-0.7508516931238842,1,0,37,59642.6,0
698.12,370800.0,1.0,1.0,698.12,-0.38704059657421835,1,0,37,59642.6,0
101.18,0.0,1.0,1.0,101.18,-2.0528216501946677,1,1,78,124689.49,0
811.15,226800.0,1.0,1.0,811.15,-0.700554815460503,1,1,78,124689.49,0
1169.0,414000.0,1.0,1.0,1169.0,-0.018964485151305752,1,1,78,124689.49,0
1088.07,172800.0,1.0,1.0,1088.07,-0.1731103715057095,1,1,78,124689.49,0
167.32,162000.0,1.0,1.0,167.32,-1.9268460055205017,1,1,78,124689.49,0
425.94,331200.0,1.0,1.0,425.94,-1.434257235855657,1,1,78,124689.49,0
864.36,169200.0,1.0,1.0,864.36,-0.599206704587924,1,1,78,124689.49,0
1190.49,288000.0,1.0,1.0,1190.49,0.021967123618694684,1,1,78,124689.49,0
1166.17,414000.0,1.0,1.0,1166.17,-0.02435473423548901,1,1,78,124689.49,0
1405.94,334800.0,1.0,1.0,1405.94,0.43233078622905263,1,1,78,124689.49,0
1674.47,194400.0,1.0,1.0,1674.47,0.9437949510968149,1,1,78,124689.49,0
1856.88,334800.0,1.0,1.0,1856.88,1.2912279318197455,1,1,78,124689.49,0
1084.6,32400.0,1.0,2.0,1084.6,-0.17971961684921356,1,1,78,124689.49,0
1111.54,162000.0,1.0,1.0,1111.54,-0.12840749305843582,1,1,78,124689.49,0
1547.63,360000.0,1.0,1.0,1547.63,0.7022051299527083,1,1,78,124689.49,0
1669.23,378000.0,1.0,1.0,1669.23,0.9338144192236272,1,1,78,124689.49,0
1607.77,432000.0,1.0,1.0,1607.77,0.8167526846957432,1,1,78,124689.49,0
283.43,316800.0,1.0,1.0,283.43,-1.705693418536567,1,1,78,124689.49,0
1837.7,147600.0,1.0,1.0,1837.7,1.2546961376732304,1,1,78,124689.49,0
1498.15,291600.0,1.0,1.0,1498.15,0.6079614816539823,1,1,78,124689.49,0
1637.63,327600.0,1.0,1.0,1637.63,0.8736264789196715,1,1,78,124689.49,0
885.69,255600.0,1.0,1.0,885.69,-0.5585798448827537,1,1,78,124689.49,0
1966.01,262800.0,1.0,1.0,1966.01,1.499085840850464,1,1,78,124689.49,0
1140.51,43200.0,1.0,2.0,1140.51,-0.07322886550762554,1,1,78,124689.49,0
1624.49,280800.0,1.0,1.0,1624.49,0.8485989619704947,1,1,78,124689.49,0
410.05,320400.0,1.0,1.0,410.05,-1.464522627356602,1,1,78,124689.49,0
1633.9,43200.0,1.0,2.0,1633.9,0.8665220163458184,1,1,78,124689.49,0
1339.47,396000.0,1.0,1.0,1339.47,0.30572659660867435,1,1,78,124689.49,0
1560.12,158400.0,1.0,1.0,1560.12,0.725994603826012,1,1,78,124689.49,0
470.46,39600.0,1.0,2.0,470.46,-1.349460808566666,1,1,78,124689.49,0
1318.31,154800.0,1.0,1.0,1318.31,0.26542353278488595,1,1,78,124689.49,0
1262.59,0.0,1.0,1.0,1262.59,0.5590826485142489,1,1,77,98364.02,0
1229.87,252000.0,1.0,1.0,1229.87,0.5008068811397854,1,1,77,98364.02,0
1590.11,39600.0,1.0,2.0,1590.11,1.1424102564141352,1,1,77,98364.02,0
997.07,190800.0,1.0,1.0,997.07,0.08617978319433658,1,1,77,98364.02,0
852.52,342000.0,1.0,1.0,852.52,-0.17127016099816644,1,1,77,98364.02,0
701.77,151200.0,1.0,1.0,701.77,-0.4397625794486667,1,1,77,98364.02,0
972.05,241200.0,1.0,1.0,972.05,0.0416180564306116,1,1,77,98364.02,0
1177.04,284400.0,1.0,1.0,1177.04,0.40671431419623716,1,1,77,98364.02,0
1411.17,133200.0,1.0,1.0,1411.17,0.8237102009744505,1,1,77,98364.02,0
36.01,255600.0,1.0,1.0,36.01,-1.6255105894493636,1,1,77,98364.02,0
1720.85,162000.0,1.0,1.0,1720.85,1.3752639797190664,1,1,77,98364.02,0
1785.81,140400.0,1.0,1.0,1785.81,1.4909606132351163,1,1,77,98364.02,0
1348.07,316800.0,1.0,1.0,1348.07,0.7113263097357997,1,1,77,98364.02,0
564.52,7200.0,1.0,2.0,564.52,-0.6842109007244953,1,1,77,98364.02,0
1793.72,144000.0,1.0,1.0,1793.72,1.5050486731352388,1,1,77,98364.02,0
893.59,309600.0,1.0,1.0,893.59,-0.09812267426010965,1,1,77,98364.02,0
114.33,194400.0,1.0,1.0,114.33,-1.4860192049515646,1,1,77,98364.02,0
859.08,154800.0,1.0,1.0,859.08,-0.15958651081551106,1,1,77,98364.02,0
514.31,324000.0,1.0,1.0,514.31,-0.7736371317719223,1,1,77,98364.02,0
1149.85,97200.0,1.0,1.0,1149.85,0.35828772144221316,1,1,77,98364.02,0
1377.87,324000.0,1.0,1.0,1377.87,0.7644014279435933,1,1,77,98364.02,0
133.66,244800.0,1.0,1.0,133.66,-1.4515916198859051,1,1,77,98364.02,0
367.16,28800.0,1.0,2.0,367.16,-1.0357177909758433,1,1,77,98364.02,0
316.95,338400.0,1.0,1.0,316.95,-1.1251440220232702,1,1,77,98364.02,0
149.64,194400.0,1.0,1.0,149.64,-1.4231305330080346,1,1,77,98364.02,0
113.19,248400.0,1.0,1.0,113.19,-1.488049595379648,1,1,77,98364.02,0
1514.36,432000.0,1.0,1.0,1514.36,1.0074961556006996,1,1,77,98364.02,0
374.01,108000.0,1.0,1.0,374.01,-1.0235176379649915,1,1,77,98364.02,0
775.01,349200.0,1.0,1.0,775.01,-0.309318899665485,1,1,77,98364.02,0
1840.92,216000.0,1.0,1.0,1840.92,1.5891139610348317,1,1,77,98364.02,0
1954.94,273600.0,1.0,1.0,1954.94,1.7921886247278735,1,1,77,98364.02,0
822.79,248400.0,1.0,1.0,822.79,-0.22422060610949895,1,1,77,98364.02,0
1459.05,100800.0,1.0,1.0,1459.05,0.9089865989539524,1,1,77,98364.02,0
746.93,385200.0,1.0,1.0,746.93,-0.35933062178880215,1,1,77,98364.02,0
800.43,7200.0,1.0,2.0,800.43,-0.2640447552076959,1,1,77,98364.02,0
431.34,183600.0,1.0,1.0,431.34,-0.9214103719632193,1,1,77,98364.02,0
544.39,0.0,1.0,1.0,544.39,-0.8790830110096771,2,1,66,42397.49,0
697.72,205200.0,1.0,1.0,697.72,-0.5968875861915293,2,1,66,42397.49,0
942.71,86400.0,1.0,1.0,942.71,-0.14599697687699192,2,1,66,42397.49,0
488.27,154800.0,1.0,1.0,488.27,-0.9823687818359632,2,1,66,42397.49,0
1957.03,277200.0,1.0,1.0,1957.03,1.7208031490053768,2,1,66,42397.49,0
839.96,313200.0,1.0,1.0,839.96,-0.33510269591478414,2,1,66,42397.49,0
1893.06,356400.0,1.0,1.0,1893.06,1.6030698852890986,2,1,66,42397.49,0
471.1,295200.0,1.0,1.0,471.1,-1.0139692216985314,2,1,66,42397.49,0
1240.11,306000.0,1.0,1.0,1240.11,0.40135135248397524,2,1,66,42397.49,0
1146.02,399600.0,1.0,1.0,1146.02,0.22818388674902776,2,1,66,42397.49,0
621.93,0.0,1.0,1.0,621.93,-0.6822641644920191,0,1,69,34493.86,0
732.21,21600.0,1.0,2.0,732.21,-0.4935669773115534,0,1,69,34493.86,0
231.32,118800.0,1.0,1.0,231.32,-1.3506265899958427,0,1,69,34493.86,0
308.31,212400.0,1.0,1.0,308.31,-1.2188910401135065,0,1,69,34493.86,0
724.53,255600.0,1.0,1.0,724.53,-0.5067080219030115,0,1,69,34493.86,0
563.77,396000.0,1.0,1.0,563.77,-0.7817802000960804,0,1,69,34493.86,0
1197.52,291600.0,1.0,1.0,1197.52,0.30261263972637203,0,1,69,34493.86,0
1052.1,255600.0,1.0,1.0,1052.1,0.05378832924592849,0,1,69,34493.86,0
772.79,46800.0,1.0,2.0,772.79,-0.42413161409262634,0,1,69,34493.86,0
324.71,140400.0,1.0,1.0,324.71,-1.1908294344754973,0,1,69,34493.86,0
23.92,273600.0,1.0,1.0,23.92,-1.705503236905786,0,1,69,34493.86,0
1525.34,151200.0,1.0,1.0,1525.34,0.8635367592539401,0,1,69,34493.86,0
1502.0,244800.0,1.0,1.0,1502.0,0.8236003034252128,0,1,69,34493.86,0
1986.85,241200.0,1.0,1.0,1986.85,1.6532142969367172,0,1,69,34493.86,0
1794.82,172800.0,1.0,1.0,1794.82,1.3246368499448349,0,1,69,34493.86,0
997.45,367200.0,1.0,1.0,997.45,-0.03972183832219281,0,1,69,34493.86,0
685.02,194400.0,1.0,1.0,685.02,-0.57431253646141,0,1,69,34493.86,0
1765.46,90000.0,1.0,1.0,1765.46,1.2743997315587408,0,1,69,34493.86,0
1698.13,277200.0,1.0,1.0,1698.13,1.1591931518265977,0,1,69,34493.86,0
899.71,403200.0,1.0,1.0,899.71,-0.20696216363066858,0,1,69,34493.86,0
559.41,90000.0,1.0,1.0,559.41,-0.7892404806193559,0,1,69,34493.86,0
857.05,424800.0,1.0,1.0,857.05,-0.27995655975978245,0,1,69,34493.86,0
979.83,291600.0,1.0,1.0,979.83,-0.0698709536479074,0,1,69,34493.86,0
245.65,403200.0,1.0,1.0,245.65,-1.326106906532875,0,1,69,34493.86,0
1966.37,133200.0,1.0,1.0,1966.37,1.6181715113594963,0,1,69,34493.86,0
1297.18,266400.0,1.0,1.0,1297.18,0.4731382261827124,0,1,69,34493.86,0
1616.75,349200.0,1.0,1.0,1616.75,1.0199459892155505,0,1,69,34493.86,0
1114.63,133200.0,1.0,1.0,1114.63,0.1607817561084108,0,1,69,34493.86,0
1636.17,226800.0,1.0,1.0,1636.17,1.053175036867388,0,1,69,34493.86,0
920.78,277200.0,1.0,1.0,920.78,-0.17090984467988513,0,1,69,34493.86,0
1918.36,187200.0,1.0,1.0,1918.36,1.5360228719277393,0,1,69,34493.86,0
452.75,126000.0,1.0,1.0,452.75,-0.9717435816772854,0,1,69,34493.86,0
667.14,126000.0,1.0,1.0,667.14,-0.6049065309008979,0,1,69,34493.86,0
207.5,18000.0,1.0,2.0,207.5,-1.3913843611115362,0,1,69,34493.86,0
1875.8,28800.0,1.0,3.0,1875.8,1.463199583150077,0,1,69,34493.86,0
1547.55,0.0,1.0,1.0,1547.55,1.0464900231720184,2,0,19,52240.59,0
1462.56,432000.0,1.0,1.0,1462.56,0.9068550895150487,2,0,19,52240.59,0
209.75,151200.0,1.0,1.0,209.75,-1.151458138332798,2,0,19,52240.59,0
417.26,82800.0,1.0,2.0,417.26,-0.8105280867601679,2,0,19,52240.59,0
1100.19,356400.0,1.0,1.0,1100.19,0.3114966837111167,2,0,19,52240.59,0
1324.56,68400.0,1.0,2.0,1324.56,0.680126993919545,2,0,19,52240.59,0
215.06,68400.0,1.0,2.0,215.06,-1.1427340355240143,2,0,19,52240.59,0
553.15,334800.0,1.0,1.0,553.15,-0.5872666308871752,2,0,19,52240.59,0
1090.22,201600.0,1.0,1.0,1090.22,0.2951164002829488,2,0,19,52240.59,0
1237.35,324000.0,1.0,1.0,1237.35,0.5368446952464735,2,0,19,52240.59,0
1513.74,3600.0,1.0,2.0,1513.74,0.9909416397511203,2,0,19,52240.59,0
573.46,7200.0,1.0,3.0,573.46,-0.5538981698614891,2,0,19,52240.59,0
633.87,50400.0,1.0,4.0,633.87,-0.45464712453595024,2,0,19,52240.59,0
1993.26,18000.0,1.0,5.0,1993.26,1.7787724832290615,2,0,19,52240.59,0
387.7,21600.0,1.0,3.0,387.7,-0.8590939020196106,2,0,19,52240.59,0
1556.92,147600.0,1.0,1.0,1556.92,1.0618845322715105,2,0,19,52240.59,0
1890.42,72000.0,1.0,2.0,1890.42,1.6098107632939775,2,0,19,52240.59,0
1330.59,306000.0,1.0,1.0,1330.59,0.6900340259227399,2,0,19,52240.59,0
1813.84,338400.0,1.0,1.0,1813.84,1.4839930998106174,2,0,19,52240.59,0
1973.62,97200.0,1.0,1.0,1973.62,1.7465048035370632,2,0,19,52240.59,0
617.66,399600.0,1.0,1.0,617.66,-0.48127946098234964,2,0,19,52240.59,0
1084.77,93600.0,1.0,1.0,1084.77,0.28616228346414074,2,0,19,52240.59,0
571.46,108000.0,1.0,1.0,571.46,-0.5571840842904094,2,0,19,52240.59,0
828.46,180000.0,1.0,1.0,828.46,-0.13494408017414555,2,0,19,52240.59,0
1313.74,241200.0,1.0,1.0,1313.74,0.6623501968590861,2,0,19,52240.59,0
1426.32,183600.0,1.0,1.0,1426.32,0.847314320063012,2,0,19,52240.59,0
895.62,399600.0,1.0,1.0,895.62,-0.02460307365100052,2,0,19,52240.59,0
162.64,136800.0,1.0,1.0,162.64,-1.2288578527060166,2,0,19,52240.59,0
1083.41,381600.0,1.0,1.0,1083.41,0.2839278616524751,2,0,19,52240.59,0
110.5,284400.0,1.0,1.0,110.5,-1.31452164186797,2,0,19,52240.59,0
410.01,169200.0,1.0,1.0,410.01,-0.8224395265650041,2,0,19,52240.59,0
198.93,316800.0,1.0,1.0,198.93,-1.169234935393257,2,0,19,52240.59,0
50.68,374400.0,1.0,1.0,50.68,-1.4128033424369772,2,0,19,52240.59,0
119.75,248400.0,1.0,1.0,119.75,-1.2993242876342133,2,0,19,52240.59,0
147.98,10800.0,1.0,2.0,147.98,-1.2529436054700025,2,0,19,52240.59,0
106.11,201600.0,1.0,1.0,106.11,-1.32173422403945,2,0,19,52240.59,0
1344.2,324000.0,1.0,1.0,1344.2,0.712394673611543,2,0,19,52240.59,0
532.41,345600.0,1.0,1.0,532.41,-0.6213415635150792,2,0,19,52240.59,0
1683.48,133200.0,1.0,1.0,1683.48,1.2698171973335897,2,0,19,52240.59,0
1153.37,0.0,1.0,1.0,1153.37,0.17400855836198637,1,1,90,71015.86,0
1399.97,108000.0,1.0,1.0,1399.97,0.5818426674871157,1,1,90,71015.86,0
1454.92,36000.0,1.0,2.0,1454.92,0.6727205437905458,1,1,90,71015.86,0
113.84,295200.0,1.0,1.0,113.84,-1.545195786564394,1,1,90,71015.86,0
860.55,259200.0,1.0,1.0,860.55,-0.3102655042252816,1,1,90,71015.86,0
252.58,288000.0,1.0,1.0,252.58,-1.3157436198976447,1,1,90,71015.86,0
194.52,313200.0,1.0,1.0,194.52,-1.4117649028490031,1,1,90,71015.86,0
1836.23,165600.0,1.0,1.0,1836.23,1.3033418907106713,1,1,90,71015.86,0
1772.97,72000.0,1.0,2.0,1772.97,1.1987206995376962,1,1,90,71015.86,0
1567.07,64800.0,1.0,2.0,1567.07,0.858197410531759,1,1,90,71015.86,0
1966.53,270000.0,1.0,1.0,1966.53,1.5188357448023353,1,1,90,71015.86,0
1595.5,298800.0,1.0,1.0,1595.5,0.9052157549049441,1,1,90,71015.86,0
1829.51,194400.0,1.0,1.0,1829.51,1.292228163162736,1,1,90,71015.86,0
1328.7,126000.0,1.0,1.0,1328.7,0.4639743099958426,1,1,90,71015.86,0
1415.78,111600.0,1.0,1.0,1415.78,0.6079896961378386,1,1,90,71015.86,0
393.78,165600.0,1.0,1.0,393.78,-1.082223035110669,1,1,90,71015.86,0
1361.74,208800.0,1.0,1.0,1361.74,0.5186168037731915,1,1,90,71015.86,0
303.9,291600.0,1.0,1.0,303.9,-1.2308691410643047,1,1,90,71015.86,0
1401.63,136800.0,1.0,1.0,1401.63,0.5845880228040166,1,1,90,71015.86,0
59.82,417600.0,1.0,1.0,59.82,-1.634535602358958,1,1,90,71015.86,0
598.51,378000.0,1.0,1.0,598.51,-0.7436347254545955,1,1,90,71015.86,0
1106.37,46800.0,1.0,2.0,1106.37,0.0962786186666049,1,1,90,71015.86,0
984.06,50400.0,1.0,2.0,984.06,-0.10600114567684407,1,1,90,71015.86,0
817.34,334800.0,1.0,1.0,817.34,-0.3817274338899077,1,1,90,71015.86,0
434.67,385200.0,1.0,1.0,434.67,-1.0145979875756868,1,1,90,71015.86,0
9050.49,0.0,1.0,1.0,9050.49,-1.2846998038636777,1,0,21,149650.85,1
9166.24,1500.0,2.0,2.0,18216.73,-0.9293491037821668,1,0,21,149650.85,1
9767.96,2280.0,2.0,3.0,18934.199999999997,0.9179219394406971,1,0,21,149650.85,1
9835.01,3360.0,2.0,4.0,19602.97,1.1237643968097313,1,0,21,149650.85,1
9716.2,1740.0,2.0,5.0,19551.21,0.7590195443113802,1,0,21,149650.85,1
9616.24,2220.0,2.0,6.0,19332.440000000002,0.4521438986945494,1,0,21,149650.85,1
9130.25,1080.0,3.0,7.0,28462.690000000002,-1.039837844135804,1,0,21,149650.85,1
9185.29,1740.0,3.0,8.0,27931.78,-0.8708659000106492,1,0,21,149650.85,1
9752.97,3360.0,2.0,9.0,18938.260000000002,0.8719028725359734,1,0,21,149650.85,1
988.51,0.0,1.0,1.0,988.51,0.46854923322769443,0,0,21,106809.84,0
1804.54,126000.0,1.0,1.0,1804.54,1.9324954925304931,0,0,21,106809.84,0
719.81,68400.0,1.0,2.0,719.81,-0.013494760099342714,0,0,21,106809.84,0
731.52,108000.0,1.0,1.0,731.52,0.0075128140050846086,0,0,21,106809.84,0
278.18,378000.0,1.0,1.0,278.18,-0.8057727235270291,0,0,21,106809.84,0
168.81,277200.0,1.0,1.0,168.81,-1.0019809540822135,0,0,21,106809.84,0
168.04,428400.0,1.0,1.0,168.04,-1.0033623231736235,0,0,21,106809.84,0
1292.55,176400.0,1.0,1.0,1292.55,1.0139926858929431,0,0,21,106809.84,0
394.03,54000.0,1.0,2.0,394.03,-0.5979394647740064,0,0,21,106809.84,0
779.55,0.0,1.0,1.0,779.55,-0.49468786894597194,0,0,38,189796.41,0
1615.01,396000.0,1.0,1.0,1615.01,0.8559766921315896,0,0,38,189796.41,0
1404.78,309600.0,1.0,1.0,1404.78,0.5161037949547819,0,0,38,189796.41,0
1195.8,162000.0,1.0,1.0,1195.8,0.17825173743678122,0,0,38,189796.41,0
1775.47,424800.0,1.0,1.0,1775.47,1.1153878374533353,0,0,38,189796.41,0
556.78,309600.0,1.0,1.0,556.78,-0.854833829579932,0,0,38,189796.41,0
1484.14,7200.0,1.0,2.0,1484.14,0.6444028632131251,0,0,38,189796.41,0
1470.39,208800.0,1.0,1.0,1470.39,0.6221736269662473,0,0,38,189796.41,0
10.3,190800.0,1.0,1.0,10.3,-1.7383125949758407,0,0,38,189796.41,0
1323.64,244800.0,1.0,1.0,1323.64,0.3849270510222978,0,0,38,189796.41,0
372.44,212400.0,1.0,1.0,372.44,-1.1528510957435276,0,0,38,189796.41,0
1873.73,424800.0,1.0,1.0,1873.73,1.274242001352841,0,0,38,189796.41,0
250.01,7200.0,1.0,2.0,250.01,-1.3507802152857271,0,0,38,189796.41,0
484.93,0.0,1.0,1.0,484.93,-0.8469958623853647,1,1,75,86064.94,0
208.24,72000.0,1.0,2.0,208.24,-1.3683516792013688,1,1,75,86064.94,0
905.13,115200.0,1.0,1.0,905.13,-0.055229935802962635,1,1,75,86064.94,0
135.3,244800.0,1.0,1.0,135.3,-1.5057895818308795,1,1,75,86064.94,0
1433.14,208800.0,1.0,1.0,1433.14,0.9396780292012598,1,1,75,86064.94,0
426.92,72000.0,1.0,2.0,426.92,-0.9563017676710505,1,1,75,86064.94,0
417.15,288000.0,1.0,1.0,417.15,-0.974710984954987,1,1,75,86064.94,0
1009.8,255600.0,1.0,1.0,1009.8,0.14199552715605687,1,1,75,86064.94,0
1025.29,25200.0,1.0,2.0,1025.29,0.17118270993273804,1,1,75,86064.94,0
773.77,295200.0,1.0,1.0,773.77,-0.30274629019578597,1,1,75,86064.94,0
1415.25,100800.0,1.0,1.0,1415.25,0.9059686231409093,1,1,75,86064.94,0
16.5,36000.0,1.0,2.0,16.5,-1.7296396343725011,1,1,75,86064.94,0
342.91,205200.0,1.0,1.0,342.91,-1.1145984251964849,1,1,75,86064.94,0
1249.63,331200.0,1.0,1.0,1249.63,0.5938975313737095,1,1,75,86064.94,0
307.4,68400.0,1.0,2.0,307.4,-1.1815084871977728,1,1,75,86064.94,0
1862.02,46800.0,1.0,2.0,1862.02,1.7477993299929317,1,1,75,86064.94,0
1364.25,266400.0,1.0,1.0,1364.25,0.8098713783629404,1,1,75,86064.94,0
466.25,133200.0,1.0,1.0,466.25,-0.8821938336099228,1,1,75,86064.94,0
420.32,234000.0,1.0,1.0,420.32,-0.9687378817011407,1,1,75,86064.94,0
700.75,259200.0,1.0,1.0,700.75,-0.44033493360141895,1,1,75,86064.94,0
1176.13,230400.0,1.0,1.0,1176.13,0.45540444331134267,1,1,75,86064.94,0
1441.99,414000.0,1.0,1.0,1441.99,0.9563537275597894,1,1,75,86064.94,0
971.3,10800.0,1.0,2.0,971.3,0.06945152864719804,1,1,75,86064.94,0
1280.56,32400.0,1.0,3.0,1280.56,0.652177683941995,1,1,75,86064.94,0
846.91,165600.0,1.0,1.0,846.91,-0.1649315356259695,1,1,75,86064.94,0
1411.35,313200.0,1.0,1.0,1411.35,0.8986200103049469,1,1,75,86064.94,0
1974.03,280800.0,1.0,1.0,1974.03,1.9588552591611728,1,1,75,86064.94,0
1326.89,284400.0,1.0,1.0,1326.89,0.7394754359138247,1,1,75,86064.94,0
984.44,324000.0,1.0,1.0,984.44,0.09421070112528668,1,1,75,86064.94,0
870.42,349200.0,1.0,1.0,870.42,-0.12063259004302739,1,1,75,86064.94,0
1349.09,82800.0,1.0,2.0,1349.09,0.7813060012877637,1,1,75,86064.94,0
1886.41,327600.0,1.0,1.0,1886.41,1.7937564241132193,1,1,75,86064.94,0
352.09,273600.0,1.0,1.0,352.09,-1.0973009211364508,1,1,75,86064.94,0
202.71,0.0,1.0,1.0,202.71,-0.42983321283263065,2,1,79,24279.0,1
398.03,51.0,2.0,2.0,600.74,0.9712003062449281,2,1,79,24279.0,1
289.59,230.0,3.0,3.0,890.3299999999999,0.1933584323519807,2,1,79,24279.0,1
368.81,142.0,4.0,4.0,1259.1399999999999,0.7616047736448553,2,1,79,24279.0,1
137.29,44.0,5.0,5.0,1396.43,-0.899091930926292,2,1,79,24279.0,1
152.11,287.0,6.0,6.0,1548.54,-0.7927878312297455,2,1,79,24279.0,1
481.88,95.0,7.0,7.0,2030.42,1.572657712422756,2,1,79,24279.0,1
447.15,145.0,8.0,8.0,2477.5699999999997,1.3235388607047363,2,1,79,24279.0,1
116.36,153.0,9.0,9.0,2593.93,-1.0492231594450985,2,1,79,24279.0,1
182.82,300.0,10.0,10.0,2776.75,-0.5725045045306272,2,1,79,24279.0,1
112.22,103.0,11.0,11.0,2888.97,-1.0789194464048626,2,1,79,24279.0,1
522.64,0.0,1.0,1.0,522.64,-1.1220747677945768,1,0,30,150881.84,0
1298.3,367200.0,1.0,1.0,1298.3,0.5215528982776142,1,0,30,150881.84,0
607.82,248400.0,1.0,1.0,607.82,-0.9415778946851869,1,0,30,150881.84,0
857.14,208800.0,1.0,1.0,857.14,-0.4132674884438975,1,0,30,150881.84,0
354.36,111600.0,1.0,1.0,354.36,-1.4786609829489334,1,0,30,150881.84,0
343.89,64800.0,1.0,2.0,343.89,-1.5008469686434076,1,0,30,150881.84,0
1024.11,410400.0,1.0,1.0,1024.11,-0.05945717025799955,1,0,30,150881.84,0
908.81,388800.0,1.0,1.0,908.81,-0.3037784835887418,1,0,30,150881.84,0
952.02,180000.0,1.0,1.0,952.02,-0.21221626373599778,1,0,30,150881.84,0
1345.93,385200.0,1.0,1.0,1345.93,0.6224811216422567,1,0,30,150881.84,0
1113.0,208800.0,1.0,1.0,1113.0,0.1289012125864906,1,0,30,150881.84,0
1027.32,10800.0,1.0,2.0,1027.32,-0.052655163182616274,1,0,30,150881.84,0
1597.91,140400.0,1.0,1.0,1597.91,1.1564280820332409,1,0,30,150881.84,0
292.78,248400.0,1.0,1.0,292.78,-1.6091493305196802,1,0,30,150881.84,0
1401.4,223200.0,1.0,1.0,1401.4,0.7400223467112618,1,0,30,150881.84,0
1222.9,3600.0,1.0,2.0,1222.9,0.3617798971922894,1,0,30,150881.84,0
1983.67,46800.0,1.0,3.0,1983.67,1.9738555740581079,1,0,30,150881.84,0
1052.86,241200.0,1.0,1.0,1052.86,0.0014642326757284907,1,0,30,150881.84,0
1324.95,248400.0,1.0,1.0,1324.95,0.578024390040531,1,0,30,150881.84,0
1811.57,270000.0,1.0,1.0,1811.57,1.609174758583513,1,0,30,150881.84,0
1515.08,0.0,1.0,1.0,1515.08,1.147453938278366,0,0,40,145907.28,0
100.25,259200.0,1.0,1.0,100.25,-1.4305066325806386,0,0,40,145907.28,0
1496.76,147600.0,1.0,1.0,1496.76,1.114073081455895,0,0,40,145907.28,0
1656.26,424800.0,1.0,1.0,1656.26,1.4046978993152923,0,0,40,145907.28,0
366.6,64800.0,1.0,2.0,366.6,-0.9451905182430178,0,0,40,145907.28,0
242.86,154800.0,1.0,1.0,242.86,-1.170657069728421,0,0,40,145907.28,0
171.58,410400.0,1.0,1.0,171.58,-1.3005362986752416,0,0,40,145907.28,0
263.77,421200.0,1.0,1.0,263.77,-1.1325569760516814,0,0,40,145907.28,0
188.3,262800.0,1.0,1.0,188.3,-1.2700708005272219,0,0,40,145907.28,0
1706.66,295200.0,1.0,1.0,1706.66,1.496531697560519,0,0,40,145907.28,0
1085.78,46800.0,1.0,2.0,1085.78,0.36522676393956166,0,0,40,145907.28,0
1242.97,165600.0,1.0,1.0,1242.97,0.6516425327127197,0,0,40,145907.28,0
1952.13,306000.0,1.0,1.0,1952.13,1.9438023811965461,0,0,40,145907.28,0
341.71,28800.0,1.0,2.0,341.71,-0.9905425666224562,0,0,40,145907.28,0
1087.43,342000.0,1.0,1.0,1087.43,0.3682332275725901,0,0,40,145907.28,0
1232.32,266400.0,1.0,1.0,1232.32,0.6322371765359007,0,0,40,145907.28,0
1336.36,417600.0,1.0,1.0,1336.36,0.8218083743421183,0,0,40,145907.28,0
635.09,244800.0,1.0,1.0,635.09,-0.455975111678318,0,0,40,145907.28,0
669.18,388800.0,1.0,1.0,669.18,-0.393859750920783,0,0,40,145907.28,0
832.17,108000.0,1.0,1.0,832.17,-0.09687580695273793,0,0,40,145907.28,0
914.38,57600.0,1.0,2.0,914.38,0.052918965938930244,0,0,40,145907.28,0
391.76,277200.0,1.0,1.0,391.76,-0.8993465030872658,0,0,40,145907.28,0
348.24,172800.0,1.0,1.0,348.24,-0.9786442590323503,0,0,40,145907.28,0
328.91,151200.0,1.0,1.0,328.91,-1.0138654360180692,0,0,40,145907.28,0
183.66,100800.0,1.0,1.0,183.66,-1.2785253406831318,0,0,40,145907.28,0
1120.26,306000.0,1.0,1.0,1120.26,0.42805274337399446,0,0,40,145907.28,0
1337.02,147600.0,1.0,1.0,1337.02,0.8230109597953298,0,0,40,145907.28,0
661.68,421200.0,1.0,1.0,661.68,-0.407525494707275,0,0,40,145907.28,0
1266.91,61200.0,1.0,2.0,1266.91,0.6952635868792023,0,0,40,145907.28,0
1193.14,219600.0,1.0,1.0,1193.14,0.5608473309952666,0,0,40,145907.28,0
1196.91,241200.0,1.0,1.0,1196.91,0.5677166448719433,0,0,40,145907.28,0
322.18,255600.0,1.0,1.0,322.18,-1.0261281634424815,0,0,40,145907.28,0
1207.05,93600.0,1.0,1.0,1207.05,0.5861927304712803,0,0,40,145907.28,0
1846.98,18000.0,1.0,2.0,1846.98,1.7522086533099273,0,0,40,145907.28,0
544.46,118800.0,1.0,1.0,544.46,-0.6211119595942878,0,0,40,145907.28,0
986.16,0.0,1.0,1.0,986.16,-0.40796333535596413,0,0,22,164418.89,0
661.02,403200.0,1.0,1.0,661.02,-1.0576735523794634,0,0,22,164418.89,0
837.37,190800.0,1.0,1.0,837.37,-0.7052825922635314,0,0,22,164418.89,0
1147.76,187200.0,1.0,1.0,1147.76,-0.08504652699342033,0,0,22,164418.89,0
798.82,396000.0,1.0,1.0,798.82,-0.7823150363376407,0,0,22,164418.89,0
1634.02,255600.0,1.0,1.0,1634.02,0.8866213395559023,0,0,22,164418.89,0
347.11,97200.0,1.0,1.0,347.11,-1.6849434491188575,0,0,22,164418.89,0
1457.45,111600.0,1.0,1.0,1457.45,0.5337907649731403,0,0,22,164418.89,0
1306.09,108000.0,1.0,1.0,1306.09,0.23133601179396537,0,0,22,164418.89,0
1655.03,75600.0,1.0,2.0,1655.03,0.9286045211381859,0,0,22,164418.89,0
1652.73,194400.0,1.0,1.0,1652.73,0.924008551712234,0,0,22,164418.89,0
1499.52,194400.0,1.0,1.0,1499.52,0.6178570405165326,0,0,22,164418.89,0
1804.49,428400.0,1.0,1.0,1804.49,1.227262603922009,0,0,22,164418.89,0
1714.91,93600.0,1.0,1.0,1714.91,1.0482595860190593,0,0,22,164418.89,0
1743.79,205200.0,1.0,1.0,1743.79,1.1059689760284048,0,0,22,164418.89,0
1011.26,284400.0,1.0,1.0,1011.26,-0.3578073211857918,0,0,22,164418.89,0
130.14,136800.0,1.0,1.0,130.14,-2.118503225792256,0,0,22,164418.89,0
1038.1,79200.0,1.0,2.0,1038.1,-0.30417435623250805,0,0,22,164418.89,0
1975.95,0.0,1.0,1.0,1975.95,1.4584764862751878,1,1,77,100471.43,0
40.1,381600.0,1.0,1.0,40.1,-1.4528259672218695,1,1,77,100471.43,0
42.24,39600.0,1.0,2.0,42.24,-1.4496076459415617,1,1,77,100471.43,0
1573.94,32400.0,1.0,3.0,1573.94,0.8538982909964462,1,1,77,100471.43,0
1866.04,327600.0,1.0,1.0,1866.04,1.2931841068739627,1,1,77,100471.43,0
1682.9,378000.0,1.0,1.0,1682.9,1.0177619763713666,1,1,77,100471.43,0
123.95,360000.0,1.0,1.0,123.95,-1.326724920794859,1,1,77,100471.43,0
737.63,410400.0,1.0,1.0,737.63,-0.40381865757091395,1,1,77,100471.43,0
1997.75,367200.0,1.0,1.0,1997.75,1.4912612544577617,1,1,77,100471.43,0
215.19,223200.0,1.0,1.0,215.19,-1.1895101387316456,1,1,77,100471.43,0
1098.0,187200.0,1.0,1.0,1098.0,0.1381376227022139,1,1,77,100471.43,0
1236.4,28800.0,1.0,2.0,1236.4,0.3462757840080966,1,1,77,100471.43,0
941.97,100800.0,1.0,1.0,941.97,-0.09651409195498875,1,1,77,100471.43,0
1310.24,432000.0,1.0,1.0,1310.24,0.4573229070632003,1,1,77,100471.43,0
846.37,363600.0,1.0,1.0,846.37,-0.2402858276547169,1,1,77,100471.43,0
1880.53,187200.0,1.0,1.0,1880.53,1.3149754504962332,1,1,77,100471.43,0
1102.08,226800.0,1.0,1.0,1102.08,0.14427348757308084,1,1,77,100471.43,0
709.93,57600.0,1.0,2.0,709.93,-0.44547636760106535,1,1,77,100471.43,0
1219.82,79200.0,1.0,2.0,1219.82,0.3213413135279552,1,1,77,100471.43,0
342.46,388800.0,1.0,1.0,342.46,-0.9981102558602607,1,1,77,100471.43,0
55.41,158400.0,1.0,1.0,55.41,-1.4298014350716306,1,1,77,100471.43,0
381.84,82800.0,1.0,2.0,381.84,-0.9388871287488039,1,1,77,100471.43,0
403.62,280800.0,1.0,1.0,403.62,-0.9061324383352046,1,1,77,100471.43,0
280.94,309600.0,1.0,1.0,280.94,-1.090629473226864,1,1,77,100471.43,0
1606.2,302400.0,1.0,1.0,1606.2,0.9024137323528607,1,1,77,100471.43,0
1703.41,169200.0,1.0,1.0,1703.41,1.0486067284550633,1,1,77,100471.43,0
354.44,93600.0,1.0,1.0,354.44,-0.9800936722443324,1,1,77,100471.43,0
337.68,277200.0,1.0,1.0,337.68,-1.0052988426452472,1,1,77,100471.43,0
1942.64,370800.0,1.0,1.0,1942.64,1.4083819620475944,1,1,77,100471.43,0
1646.27,28800.0,1.0,2.0,1646.27,0.9626745424939496,1,1,77,100471.43,0
841.22,428400.0,1.0,1.0,841.22,-0.24803085316573778,1,1,77,100471.43,0
916.47,25200.0,1.0,2.0,916.47,-0.13486324739790786,1,1,77,100471.43,0
1789.2,111600.0,1.0,1.0,1789.2,1.177625318472633,1,1,77,100471.43,0
684.6,0.0,1.0,1.0,684.6,-0.5282077245968101,1,0,18,102911.89,0
1303.51,313200.0,1.0,1.0,1303.51,0.7912485757781499,1,0,18,102911.89,0
774.43,241200.0,1.0,1.0,774.43,-0.3366988469527543,1,0,18,102911.89,0
1214.16,97200.0,1.0,1.0,1214.16,0.6007630117405636,1,0,18,102911.89,0
1250.75,316800.0,1.0,1.0,1250.75,0.6787693552003876,1,0,18,102911.89,0
1343.09,414000.0,1.0,1.0,1343.09,0.8756293102449396,1,0,18,102911.89,0
542.88,414000.0,1.0,1.0,542.88,-0.8303410669069027,1,0,18,102911.89,0
1504.49,118800.0,1.0,1.0,1504.49,1.219718510420278,1,0,18,102911.89,0
874.33,28800.0,1.0,2.0,874.33,-0.12372170260630873,1,0,18,102911.89,0
298.94,259200.0,1.0,1.0,298.94,-1.3503975693280426,1,0,18,102911.89,0
438.24,306000.0,1.0,1.0,438.24,-1.0534234331172334,1,0,18,102911.89,0
533.31,378000.0,1.0,1.0,533.31,-0.8507433819358865,1,0,18,102911.89,0
701.29,381600.0,1.0,1.0,701.29,-0.4926262577385302,1,0,18,102911.89,0
1940.29,252000.0,1.0,1.0,1940.29,2.1488019889606274,1,0,18,102911.89,0
699.52,208800.0,1.0,1.0,699.52,-0.4963997266623861,1,0,18,102911.89,0
970.07,212400.0,1.0,1.0,970.07,0.0803867238174018,1,0,18,102911.89,0
250.16,352800.0,1.0,1.0,250.16,-1.4543918145854962,1,0,18,102911.89,0
1423.24,320400.0,1.0,1.0,1423.24,1.0465013634918627,1,0,18,102911.89,0
920.09,396000.0,1.0,1.0,920.09,-0.02616580545622526,1,0,18,102911.89,0
367.79,259200.0,1.0,1.0,367.79,-1.203616023900087,1,0,18,102911.89,0
1109.55,39600.0,1.0,2.0,1109.55,0.37774460263063686,1,0,18,102911.89,0
1333.96,345600.0,1.0,1.0,1333.96,0.856165032688553,1,0,18,102911.89,0
1955.34,86400.0,1.0,1.0,1955.34,2.1808871343301366,1,0,18,102911.89,0
1379.02,406800.0,1.0,1.0,1379.02,0.9522285974958685,1,0,18,102911.89,0
393.26,291600.0,1.0,1.0,393.26,-1.1493164456568041,1,0,18,102911.89,0
662.1,277200.0,1.0,1.0,662.1,-0.5761755499000636,1,0,18,102911.89,0
900.29,180000.0,1.0,1.0,900.29,-0.06837749172308845,1,0,18,102911.89,0
343.79,97200.0,1.0,1.0,343.79,-1.2547817042235574,1,0,18,102911.89,0
926.05,316800.0,1.0,1.0,926.05,-0.013459661509230284,1,0,18,102911.89,0
256.7,0.0,1.0,1.0,256.7,-1.6337620581413763,0,1,68,130140.0,0
1208.81,54000.0,1.0,2.0,1208.81,0.10295033947938347,0,1,68,130140.0,0
1968.46,194400.0,1.0,1.0,1968.46,1.488602809102232,0,1,68,130140.0,0
1540.08,201600.0,1.0,1.0,1540.08,0.7072090028269264,0,1,68,130140.0,0
1474.94,68400.0,1.0,2.0,1474.94,0.5883892807559303,0,1,68,130140.0,0
1085.07,356400.0,1.0,1.0,1085.07,-0.12275970671443118,0,1,68,130140.0,0
1886.39,262800.0,1.0,1.0,1886.39,1.33890163332135,0,1,68,130140.0,0
490.16,79200.0,1.0,2.0,490.16,-1.207915384596783,0,1,68,130140.0,0
1630.88,378000.0,1.0,1.0,1630.88,0.8728342832083585,0,1,68,130140.0,0
707.09,262800.0,1.0,1.0,707.09,-0.8122205379762546,0,1,68,130140.0,0
1324.55,205200.0,1.0,1.0,1324.55,0.3140678499567724,0,1,68,130140.0,0
362.29,313200.0,1.0,1.0,362.29,-1.4411588273542026,0,1,68,130140.0,0
1775.75,25200.0,1.0,2.0,1775.75,1.1370868643631824,0,1,68,130140.0,0
336.87,208800.0,1.0,1.0,336.87,-1.4875266095931452,0,1,68,130140.0,0
843.55,284400.0,1.0,1.0,843.55,-0.5633083599933232,0,1,68,130140.0,0
284.87,295200.0,1.0,1.0,284.87,-1.5823780917499124,0,1,68,130140.0,0
1279.34,410400.0,1.0,1.0,1279.34,0.23160178248932153,0,1,68,130140.0,0
1877.96,176400.0,1.0,1.0,1877.96,1.3235247488101662,0,1,68,130140.0,0
1399.74,273600.0,1.0,1.0,1399.74,0.4512194450215286,0,1,68,130140.0,0
765.19,14400.0,1.0,2.0,765.19,-0.7062422473357128,0,1,68,130140.0,0
576.87,342000.0,1.0,1.0,576.87,-1.049750538100374,0,1,68,130140.0,0
354.51,28800.0,1.0,2.0,354.51,-1.4553500683384266,0,1,68,130140.0,0
1917.97,316800.0,1.0,1.0,1917.97,1.3965056680619403,0,1,68,130140.0,0
922.0,280800.0,1.0,1.0,922.0,-0.42021030662412356,0,1,68,130140.0,0
886.09,28800.0,1.0,2.0,886.09,-0.48571255132122937,0,1,68,130140.0,0
1463.3,61200.0,1.0,2.0,1463.3,0.5671571412885307,0,1,68,130140.0,0
1969.53,28800.0,1.0,2.0,1969.53,1.490554560754304,0,1,68,130140.0,0
1618.86,82800.0,1.0,2.0,1618.86,0.8509089982944285,0,1,68,130140.0,0
1646.27,97200.0,1.0,1.0,1646.27,0.9009066737928322,0,1,68,130140.0,0
1331.06,144000.0,1.0,1.0,1331.06,0.3259425258960138,0,1,68,130140.0,0
1194.21,165600.0,1.0,1.0,1194.21,0.07631896179690671,0,1,68,130140.0,0
926.83,313200.0,1.0,1.0,926.83,-0.41140006318533145,0,1,68,130140.0,0
722.02,403200.0,1.0,1.0,722.02,-0.7849872181954752,0,1,68,130140.0,0
1477.69,0.0,1.0,1.0,1477.69,1.0306447284045448,2,1,62,143104.96,0
1475.34,129600.0,1.0,1.0,1475.34,1.0268742254881962,2,1,62,143104.96,0
468.0,151200.0,1.0,1.0,468.0,-0.5893719054711271,2,1,62,143104.96,0
738.15,194400.0,1.0,1.0,738.15,-0.15592451702367016,2,1,62,143104.96,0
42.59,180000.0,1.0,1.0,42.59,-1.271929201489756,2,1,62,143104.96,0
512.47,309600.0,1.0,1.0,512.47,-0.5180211545392062,2,1,62,143104.96,0
1720.3,320400.0,1.0,1.0,1720.3,1.4199050316110504,2,1,62,143104.96,0
1691.79,144000.0,1.0,1.0,1691.79,1.3741616111237767,2,1,62,143104.96,0
411.0,14400.0,1.0,2.0,411.0,-0.6808266570591524,2,1,62,143104.96,0
646.51,68400.0,1.0,3.0,646.51,-0.3029580860679972,2,1,62,143104.96,0
110.43,241200.0,1.0,1.0,110.43,-1.1630820024067448,2,1,62,143104.96,0
287.55,183600.0,1.0,1.0,287.55,-0.8788983953669021,2,1,62,143104.96,0
800.62,172800.0,1.0,1.0,800.62,-0.05569331822184658,2,1,62,143104.96,0
1743.07,367200.0,1.0,1.0,1743.07,1.4564387981664775,2,1,62,143104.96,0
689.09,180000.0,1.0,1.0,689.09,-0.2346397821624161,2,1,62,143104.96,0
507.94,129600.0,1.0,1.0,507.94,-0.5252894005864651,2,1,62,143104.96,0
1691.7,18000.0,1.0,2.0,1691.7,1.3740172088844274,2,1,62,143104.96,0
257.22,388800.0,1.0,1.0,257.22,-0.927561950027688,2,1,62,143104.96,0
37.91,327600.0,1.0,1.0,37.91,-1.2794381179359309,2,1,62,143104.96,0
510.99,306000.0,1.0,1.0,510.99,-0.5203957691418426,2,1,62,143104.96,0
668.1,39600.0,1.0,2.0,668.1,-0.2683175933173749,2,1,62,143104.96,0
1888.83,320400.0,1.0,1.0,1888.83,1.6903062471396453,2,1,62,143104.96,0
65.24,0.0,1.0,1.0,65.24,-1.5965941966518526,2,0,52,179869.74,0
701.11,205200.0,1.0,1.0,701.11,-0.5204572262591156,2,0,52,179869.74,0
1344.18,417600.0,1.0,1.0,1344.18,0.5678649174974031,2,0,52,179869.74,0
1583.3,320400.0,1.0,1.0,1583.3,0.9725480639901,2,0,52,179869.74,0
1690.84,176400.0,1.0,1.0,1690.84,1.154547167259691,2,0,52,179869.74,0
1150.76,298800.0,1.0,1.0,1150.76,0.2405237741609297,2,0,52,179869.74,0
729.56,176400.0,1.0,1.0,729.56,-0.47230886762028484,2,0,52,179869.74,0
35.65,234000.0,1.0,1.0,35.65,-1.6466718744066158,2,0,52,179869.74,0
392.66,327600.0,1.0,1.0,392.66,-1.0424734379338916,2,0,52,179869.74,0
1137.29,356400.0,1.0,1.0,1137.29,0.2177273456595219,2,0,52,179869.74,0
930.07,385200.0,1.0,1.0,930.07,-0.1329687132908656,2,0,52,179869.74,0
1665.31,381600.0,1.0,1.0,1665.31,1.1113405733739494,2,0,52,179869.74,0
1762.25,61200.0,1.0,2.0,1762.25,1.2754003936357514,2,0,52,179869.74,0
1950.65,277200.0,1.0,1.0,1950.65,1.594245763321366,2,0,52,179869.74,0
1630.21,129600.0,1.0,1.0,1630.21,1.051937853225515,2,0,52,179869.74,0
789.47,248400.0,1.0,1.0,789.47,-0.37091807092248663,2,0,52,179869.74,0
245.76,226800.0,1.0,1.0,245.76,-1.2910848222588214,2,0,52,179869.74,0
151.5,230400.0,1.0,1.0,151.5,-1.4506090502129934,2,0,52,179869.74,0
1809.06,234000.0,1.0,1.0,1809.06,1.3546209443522248,2,0,52,179869.74,0
1927.09,266400.0,1.0,1.0,1927.09,1.5543731682587698,2,0,52,179869.74,0
1066.02,82800.0,1.0,2.0,1066.02,0.09711105320997976,2,0,52,179869.74,0
1587.2,230400.0,1.0,1.0,1587.2,0.9791483662288151,2,0,52,179869.74,0
86.99,82800.0,1.0,2.0,86.99,-1.5597848187820962,2,0,52,179869.74,0
1250.48,190800.0,1.0,1.0,1250.48,0.40928842524930276,2,0,52,179869.74,0
746.39,320400.0,1.0,1.0,746.39,-0.44382602488244566,2,0,52,179869.74,0
605.35,3600.0,1.0,2.0,605.35,-0.6825200319974088,2,0,52,179869.74,0
819.3,32400.0,1.0,3.0,819.3,-0.32043422072226446,2,0,52,179869.74,0
390.78,86400.0,1.0,1.0,390.78,-1.0456551220899901,2,0,52,179869.74,0
900.77,270000.0,1.0,1.0,900.77,-0.18255559934069854,2,0,52,179869.74,0
925.34,205200.0,1.0,1.0,925.34,-0.14097369523679426,2,0,52,179869.74,0
243.3,338400.0,1.0,1.0,243.3,-1.2952480898247798,2,0,52,179869.74,0
1678.25,406800.0,1.0,1.0,1678.25,1.1332400377249678,2,0,52,179869.74,0
961.01,122400.0,1.0,1.0,961.01,-0.08060631553039377,2,0,52,179869.74,0
1340.58,234000.0,1.0,1.0,1340.58,0.561772330815512,2,0,52,179869.74,0
1565.8,0.0,1.0,1.0,1565.8,0.7852019960592499,2,0,42,153233.65,0
1018.6,403200.0,1.0,1.0,1018.6,-0.1245964094707856,2,0,42,153233.65,0
1976.09,79200.0,1.0,2.0,1976.09,1.467367909445431,2,0,42,153233.65,0
950.42,198000.0,1.0,1.0,950.42,-0.237955428639349,2,0,42,153233.65,0
716.05,54000.0,1.0,2.0,716.05,-0.6276291353353914,2,0,42,153233.65,0
262.41,75600.0,1.0,2.0,262.41,-1.3818706351245824,2,0,42,153233.65,0
1707.54,79200.0,1.0,2.0,1707.54,1.0208650552694605,2,0,42,153233.65,0
551.4,50400.0,1.0,2.0,551.4,-0.9013833522040324,2,0,42,153233.65,0
975.39,0.0,1.0,1.0,975.39,0.13280942710328167,0,1,73,163486.04,0
1793.94,295200.0,1.0,1.0,1793.94,1.5017313068961926,0,1,73,163486.04,0
1580.12,388800.0,1.0,1.0,1580.12,1.1441442610989654,0,1,73,163486.04,0
603.88,309600.0,1.0,1.0,603.88,-0.48849430212750977,0,1,73,163486.04,0
93.86,126000.0,1.0,1.0,93.86,-1.3414385781423903,0,1,73,163486.04,0
1123.67,403200.0,1.0,1.0,1123.67,0.3807890695633549,0,1,73,163486.04,0
358.45,122400.0,1.0,1.0,358.45,-0.8989450955519481,0,1,73,163486.04,0
1151.3,36000.0,1.0,2.0,1151.3,0.42699676797967395,0,1,73,163486.04,0
1682.07,255600.0,1.0,1.0,1682.07,1.3146428080965675,0,1,73,163486.04,0
252.39,334800.0,1.0,1.0,252.39,-1.0763171004030094,0,1,73,163486.04,0
185.98,313200.0,1.0,1.0,185.98,-1.1873794692711874,0,1,73,163486.04,0
454.54,75600.0,1.0,2.0,454.54,-0.7382466612115892,0,1,73,163486.04,0
1179.81,284400.0,1.0,1.0,1179.81,0.47467615566875326,0,1,73,163486.04,0
236.85,201600.0,1.0,1.0,236.85,-1.1023057950606134,0,1,73,163486.04,0
1771.71,403200.0,1.0,1.0,1771.71,1.4645544290172647,0,1,73,163486.04,0
724.35,216000.0,1.0,1.0,724.35,-0.2870233854350023,0,1,73,163486.04,0
1326.51,129600.0,1.0,1.0,1326.51,0.7200134469345527,0,1,73,163486.04,0
1483.57,61200.0,1.0,2.0,1483.57,0.9826765346387546,0,1,73,163486.04,0
392.33,151200.0,1.0,1.0,392.33,-0.8422850585506853,0,1,73,163486.04,0
65.25,162000.0,1.0,1.0,65.25,-1.3892852032488288,0,1,73,163486.04,0
1622.91,417600.0,1.0,1.0,1622.91,1.2157051519869244,0,1,73,163486.04,0
303.27,25200.0,1.0,2.0,303.27,-0.9912267024506995,0,1,73,163486.04,0
1002.82,154800.0,1.0,1.0,1002.82,0.17868265068488284,0,1,73,163486.04,0
580.79,237600.0,1.0,1.0,580.79,-0.527109421795726,0,1,73,163486.04,0
161.86,180000.0,1.0,1.0,161.86,-1.2277171343382023,0,1,73,163486.04,0
1551.74,284400.0,1.0,1.0,1551.74,1.096682282052453,0,1,73,163486.04,0
1532.0,414000.0,1.0,1.0,1532.0,1.0636696158657668,0,1,73,163486.04,0
230.2,0.0,1.0,1.0,230.2,-0.7864201300331576,2,1,89,49696.94,0
1099.71,14400.0,1.0,2.0,1099.71,1.4080303272115697,2,1,89,49696.94,0
70.91,126000.0,1.0,1.0,70.91,-1.1884327731706863,2,1,89,49696.94,0
322.07,223200.0,1.0,1.0,322.07,-0.5545606189210679,2,1,89,49696.94,0
457.67,140400.0,1.0,1.0,457.67,-0.21233628337301783,2,1,89,49696.94,0
1047.8,381600.0,1.0,1.0,1047.8,1.277020996398153,2,1,89,49696.94,0
564.27,327600.0,1.0,1.0,564.27,0.056698481888207274,2,1,89,49696.94,0
1525.86,0.0,1.0,1.0,1525.86,1.245846794235259,0,1,79,89174.96,0
369.81,381600.0,1.0,1.0,369.81,-0.8587986972119647,0,1,79,89174.96,0
1090.46,169200.0,1.0,1.0,1090.46,0.45317982742922025,0,1,79,89174.96,0
607.84,266400.0,1.0,1.0,607.84,-0.42545345580442806,0,1,79,89174.96,0
515.68,180000.0,1.0,1.0,515.68,-0.5932352372946545,0,1,79,89174.96,0
698.08,403200.0,1.0,1.0,698.08,-0.2611671280952481,0,1,79,89174.96,0
1887.79,136800.0,1.0,1.0,1887.79,1.904758037450945,0,1,79,89174.96,0
382.06,50400.0,1.0,2.0,382.06,-0.8364969738693511,0,1,79,89174.96,0
1081.85,64800.0,1.0,2.0,1081.85,0.43750490187984015,0,1,79,89174.96,0
1888.52,302400.0,1.0,1.0,1888.52,1.9060870381072803,0,1,79,89174.96,0
285.84,104400.0,1.0,1.0,285.84,-1.0116701836674151,0,1,79,89174.96,0
1019.15,360000.0,1.0,1.0,1019.15,0.3233564893425444,0,1,79,89174.96,0
1197.67,14400.0,1.0,2.0,1197.67,0.6483608690260863,0,1,79,89174.96,0
313.8,72000.0,1.0,2.0,313.8,-0.9607676379809272,0,1,79,89174.96,0
733.7,284400.0,1.0,1.0,733.7,-0.19631917826146053,0,1,79,89174.96,0
207.15,237600.0,1.0,1.0,207.15,-1.154929172224988,0,1,79,89174.96,0
579.76,259200.0,1.0,1.0,579.76,-0.47657446735223147,0,1,79,89174.96,0
259.99,32400.0,1.0,2.0,259.99,-1.0587313712924404,0,1,79,89174.96,0
1624.69,57600.0,1.0,2.0,1624.69,1.425771636516933,0,1,79,89174.96,0
216.14,302400.0,1.0,1.0,216.14,-1.1385624381147759,0,1,79,89174.96,0
790.32,374400.0,1.0,1.0,790.32,-0.09323970269747815,0,1,79,89174.96,0
829.2,385200.0,1.0,1.0,829.2,-0.022456763631288935,0,1,79,89174.96,0
1343.33,237600.0,1.0,1.0,1343.33,0.9135420136860943,0,1,79,89174.96,0
550.65,154800.0,1.0,1.0,550.65,-0.5295706442096587,0,1,79,89174.96,0
19.51,183600.0,1.0,1.0,19.51,-1.4965369573685,0,1,79,89174.96,0
87.8,54000.0,1.0,2.0,87.8,-1.372211676791595,0,1,79,89174.96,0
1760.03,100800.0,1.0,1.0,1760.03,1.672164717103817,0,1,79,89174.96,0
872.88,277200.0,1.0,1.0,872.88,0.05706480988751616,0,1,79,89174.96,0
801.86,334800.0,1.0,1.0,801.86,-0.07223056903431403,0,1,79,89174.96,0
895.63,302400.0,1.0,1.0,895.63,0.09848229609522718,0,1,79,89174.96,0
1650.54,129600.0,1.0,1.0,1650.54,1.4728328241419584,0,1,79,89174.96,0
1198.03,0.0,1.0,1.0,1198.03,0.4564952670187757,2,1,82,30996.53,0
1832.52,370800.0,1.0,1.0,1832.52,1.5039191485498933,2,1,82,30996.53,0
328.67,219600.0,1.0,1.0,328.67,-0.9786548939733475,2,1,82,30996.53,0
46.02,356400.0,1.0,1.0,46.02,-1.4452569840216862,2,1,82,30996.53,0
1945.75,417600.0,1.0,1.0,1945.75,1.6908406226562913,2,1,82,30996.53,0
349.6,262800.0,1.0,1.0,349.6,-0.9441033930191225,2,1,82,30996.53,0
1356.36,140400.0,1.0,1.0,1356.36,0.7178683748105797,2,1,82,30996.53,0
1957.99,28800.0,1.0,2.0,1957.99,1.7110465649247917,2,1,82,30996.53,0
1001.38,201600.0,1.0,1.0,1001.38,0.1318630327785288,2,1,82,30996.53,0
1493.84,57600.0,1.0,2.0,1493.84,0.9448220466303059,2,1,82,30996.53,0
565.13,406800.0,1.0,1.0,565.13,-0.588303822992169,2,1,82,30996.53,0
835.95,392400.0,1.0,1.0,835.95,-0.14123084217882706,2,1,82,30996.53,0
110.84,298800.0,1.0,1.0,110.84,-1.338251332237029,2,1,82,30996.53,0
364.92,118800.0,1.0,1.0,364.92,-0.9188129489379601,2,1,82,30996.53,0
1051.74,388800.0,1.0,1.0,1051.74,0.2149979390401044,2,1,82,30996.53,0
1997.57,421200.0,1.0,1.0,1997.57,1.7763857148420505,2,1,82,30996.53,0
662.83,111600.0,1.0,1.0,662.83,-0.42701946354506937,2,1,82,30996.53,0
1509.3,223200.0,1.0,1.0,1509.3,0.9703436044302257,2,1,82,30996.53,0
804.88,428400.0,1.0,1.0,804.88,-0.19252157962019237,2,1,82,30996.53,0
741.63,198000.0,1.0,1.0,741.63,-0.2969354561302133,2,1,82,30996.53,0
235.94,43200.0,1.0,2.0,235.94,-1.1317347164045608,2,1,82,30996.53,0
904.01,352800.0,1.0,1.0,904.01,-0.028876558617214113,2,1,82,30996.53,0
291.48,403200.0,1.0,1.0,291.48,-1.040048602548963,2,1,82,30996.53,0
552.02,316800.0,1.0,1.0,552.02,-0.6099459719415188,2,1,82,30996.53,0
695.56,165600.0,1.0,1.0,695.56,-0.3729883777241528,2,1,82,30996.53,0
645.87,403200.0,1.0,1.0,645.87,-0.45501723976024655,2,1,82,30996.53,0
1832.96,28800.0,1.0,2.0,1832.96,1.504645505951702,2,1,82,30996.53,0
1205.82,223200.0,1.0,1.0,1205.82,0.4693550946553458,2,1,82,30996.53,0
10.95,39600.0,1.0,2.0,10.95,-1.5031509705704045,2,1,82,30996.53,0
1115.51,367200.0,1.0,1.0,1115.51,0.3202702379340812,2,1,82,30996.53,0
1693.3,0.0,1.0,1.0,1693.3,1.647451436370705,2,0,39,142985.75,0
1356.84,356400.0,1.0,1.0,1356.84,0.9385141654269232,2,0,39,142985.75,0
1445.32,57600.0,1.0,2.0,1445.32,1.1249457463967436,2,0,39,142985.75,0
1542.88,309600.0,1.0,1.0,1542.88,1.3305093205311889,2,0,39,142985.75,0
634.2,230400.0,1.0,1.0,634.2,-0.5841227883708958,2,0,39,142985.75,0
1230.18,367200.0,1.0,1.0,1230.18,0.6716355030666449,2,0,39,142985.75,0
260.65,50400.0,1.0,2.0,260.65,-1.3712104587062988,2,0,39,142985.75,0
584.94,136800.0,1.0,1.0,584.94,-0.6879159583366887,2,0,39,142985.75,0
283.77,255600.0,1.0,1.0,283.77,-1.3224955157584883,2,0,39,142985.75,0
295.58,306000.0,1.0,1.0,295.58,-1.2976112823582446,2,0,39,142985.75,0
1114.3,194400.0,1.0,1.0,1114.3,0.42747081497009404,2,0,39,142985.75,0
719.58,104400.0,1.0,1.0,719.58,-0.40422305528767627,2,0,39,142985.75,0
600.92,392400.0,1.0,1.0,600.92,-0.6542453360051143,2,0,39,142985.75,0
959.29,36000.0,1.0,2.0,959.29,0.10085735016299788,2,0,39,142985.75,0
949.6,97200.0,1.0,1.0,949.6,0.08044005789810696,2,0,39,142985.75,0
619.55,0.0,1.0,1.0,619.55,-0.3689510477732659,1,0,34,115051.08,0
688.88,64800.0,1.0,2.0,688.88,-0.24961737666663447,1,0,34,115051.08,0
169.68,316800.0,1.0,1.0,169.68,-1.1432859478272146,1,0,34,115051.08,0
1422.13,172800.0,1.0,1.0,1422.13,1.0124829311213,1,0,34,115051.08,0
432.31,10800.0,1.0,2.0,432.31,-0.6912363005931946,1,0,34,115051.08,0
321.11,97200.0,1.0,1.0,321.11,-0.8826383520436116,1,0,34,115051.08,0
1671.93,72000.0,1.0,2.0,1671.93,1.4424490502967868,1,0,34,115051.08,0
192.26,378000.0,1.0,1.0,192.26,-1.1044203154373728,1,0,34,115051.08,0
268.29,255600.0,1.0,1.0,268.29,-0.9735543264825596,1,0,34,115051.08,0
1573.9,291600.0,1.0,1.0,1573.9,1.2737157490046613,1,0,34,115051.08,0
541.04,198000.0,1.0,1.0,541.04,-0.504085715573376,1,0,34,115051.08,0
270.99,270000.0,1.0,1.0,270.99,-0.9689069745138895,1,0,34,115051.08,0
1554.79,100800.0,1.0,1.0,1554.79,1.2408228245152952,1,0,34,115051.08,0
1140.3,432000.0,1.0,1.0,1140.3,0.5273854476656249,1,0,34,115051.08,0
136.35,399600.0,1.0,1.0,136.35,-1.2006549260182433,1,0,34,115051.08,0
958.93,345600.0,1.0,1.0,958.93,0.21520388227387907,1,0,34,115051.08,0
922.1,7200.0,1.0,2.0,922.1,0.15181055893827794,1,0,34,115051.08,0
838.16,396000.0,1.0,1.0,838.16,0.007329549956731059,1,0,34,115051.08,0
1838.97,36000.0,1.0,2.0,1838.97,1.7299652254251832,1,0,34,115051.08,0
1030.31,97200.0,1.0,1.0,1030.31,0.33806609839376006,1,0,34,115051.08,0
477.93,349200.0,1.0,1.0,477.93,-0.6127132647373671,1,0,34,115051.08,0
853.01,381600.0,1.0,1.0,853.01,0.03288998578441718,1,0,34,115051.08,0
277.86,205200.0,1.0,1.0,277.86,-0.9570820456158287,1,0,34,115051.08,0
255.18,75600.0,1.0,2.0,255.18,-0.9961198021526585,1,0,34,115051.08,0
789.26,385200.0,1.0,1.0,789.26,-0.0768391579202958,1,0,34,115051.08,0
214.29,21600.0,1.0,2.0,214.29,-1.0665013658559637,1,0,34,115051.08,0
1584.39,90000.0,1.0,1.0,1584.39,1.29177157202368,1,0,34,115051.08,0
1248.32,28800.0,1.0,2.0,1248.32,0.7133139512418303,1,0,34,115051.08,0
203.55,241200.0,1.0,1.0,203.55,-1.0849874992424517,1,0,34,115051.08,0
1637.67,25200.0,1.0,2.0,1637.67,1.3834793175387718,1,0,34,115051.08,0
1296.23,183600.0,1.0,1.0,1296.23,0.7957786300636783,1,0,34,115051.08,0
838.69,144000.0,1.0,1.0,838.69,0.00824180793576647,1,0,34,115051.08,0
1846.4,262800.0,1.0,1.0,1846.4,1.7427540495463756,1,0,34,115051.08,0
1089.02,39600.0,1.0,2.0,1089.02,0.4391201850902888,1,0,34,115051.08,0
1744.0,136800.0,1.0,1.0,1744.0,1.5664989230308835,1,0,34,115051.08,0
217.84,90000.0,1.0,1.0,217.84,-1.0603909586378972,1,0,34,115051.08,0
62.91,3600.0,1.0,2.0,62.91,-1.3270628995660727,1,0,34,115051.08,0
271.13,165600.0,1.0,1.0,271.13,-0.9686660007081067,1,0,34,115051.08,0
1626.73,374400.0,1.0,1.0,1626.73,1.364648935858308,1,0,34,115051.08,0
1030.25,198000.0,1.0,1.0,1030.25,0.3379628239055675,1,0,34,115051.08,0
33.33,14400.0,1.0,2.0,33.33,-1.3779772222450595,1,0,34,115051.08,0
9082.79,0.0,1.0,1.0,9082.79,-0.5907415114921616,1,1,90,107176.42,1
9516.82,1740.0,2.0,2.0,18599.61,0.8685753378401844,1,1,90,107176.42,1
9010.67,2700.0,2.0,3.0,18527.489999999998,-0.833226895391547,1,1,90,107176.42,1
9159.44,3420.0,2.0,4.0,18170.11,-0.3330251405009304,1,1,90,107176.42,1
9045.24,840.0,2.0,5.0,18204.68,-0.7169939541630169,1,1,90,107176.42,1
9735.97,1020.0,3.0,6.0,27940.65,1.6054121637074839,1,1,90,107176.42,1
549.47,0.0,1.0,1.0,549.47,-0.4387664936092249,1,0,42,41106.98,0
1630.6,370800.0,1.0,1.0,1630.6,1.272753886142706,1,0,42,41106.98,0
1756.77,57600.0,1.0,2.0,1756.77,1.4724916848471183,1,0,42,41106.98,0
598.93,122400.0,1.0,1.0,598.93,-0.36046712352188076,1,0,42,41106.98,0
1390.44,316800.0,1.0,1.0,1390.44,0.8925602605831308,1,0,42,41106.98,0
124.52,324000.0,1.0,1.0,124.52,-1.1114983439654107,1,0,42,41106.98,0
146.29,255600.0,1.0,1.0,146.29,-1.0770345896831324,1,0,42,41106.98,0
431.08,90000.0,1.0,1.0,431.08,-0.6261878932178114,1,0,42,41106.98,0
172.67,154800.0,1.0,1.0,172.67,-1.0352728148569266,1,0,42,41106.98,0
1441.89,46800.0,1.0,2.0,1441.89,0.9740099692566825,1,0,42,41106.98,0
456.3,432000.0,1.0,1.0,456.3,-0.5862624966629626,1,0,42,41106.98,0
737.19,39600.0,1.0,2.0,737.19,-0.1415898305927213,1,0,42,41106.98,0
159.79,270000.0,1.0,1.0,159.79,-1.0556629460078566,1,0,42,41106.98,0
460.55,306000.0,1.0,1.0,460.55,-0.5795343866170424,1,0,42,41106.98,0
1608.01,39600.0,1.0,2.0,1608.01,1.2369920023927443,1,0,42,41106.98,0
158.34,316800.0,1.0,1.0,158.34,-1.0579584188470528,1,0,42,41106.98,0
730.24,378000.0,1.0,1.0,730.24,-0.15259226937369674,1,0,42,41106.98,0
566.52,334800.0,1.0,1.0,566.52,-0.4117748991897098,1,0,42,41106.98,0
52.61,273600.0,1.0,1.0,52.61,-1.2253379659423804,1,0,42,41106.98,0
322.33,36000.0,1.0,2.0,322.33,-0.7983483561575342,1,0,42,41106.98,0
973.6,248400.0,1.0,1.0,973.6,0.2326672272792774,1,0,42,41106.98,0
1949.62,406800.0,1.0,1.0,1949.62,1.7777895724602266,1,0,42,41106.98,0
812.39,241200.0,1.0,1.0,812.39,-0.022541859897851013,1,0,42,41106.98,0
1959.9,248400.0,1.0,1.0,1959.9,1.7940636833477706,1,0,42,41106.98,0
1475.68,180000.0,1.0,1.0,1475.68,1.0275024018335397,1,0,42,41106.98,0
1868.91,0.0,1.0,1.0,1868.91,1.5125106340285963,0,0,58,35272.26,0
112.8,259200.0,1.0,1.0,112.8,-1.4701353668501647,0,0,58,35272.26,0
1268.5,165600.0,1.0,1.0,1268.5,0.49275077537075773,0,0,58,35272.26,0
817.98,273600.0,1.0,1.0,817.98,-0.2724300369450421,0,0,58,35272.26,0
1591.13,86400.0,1.0,1.0,1591.13,1.0407182029598694,0,0,58,35272.26,0
43.69,3600.0,1.0,2.0,43.69,-1.5875144974972946,0,0,58,35272.26,0
27.59,72000.0,1.0,3.0,27.59,-1.6148593680430734,0,0,58,35272.26,0
1093.81,140400.0,1.0,1.0,1093.81,0.19605043775323328,0,0,58,35272.26,0
1412.46,7200.0,1.0,2.0,1412.46,0.7372580774682952,0,0,58,35272.26,0
934.15,115200.0,1.0,1.0,934.15,-0.07512235922434947,0,0,58,35272.26,0
276.71,324000.0,1.0,1.0,276.71,-1.1917442034241619,0,0,58,35272.26,0
1071.16,406800.0,1.0,1.0,1071.16,0.1575807906810661,0,0,58,35272.26,0
101.17,176400.0,1.0,1.0,101.17,-1.4898882143313703,0,0,58,35272.26,0
747.44,104400.0,1.0,1.0,747.44,-0.39223793559716963,0,0,58,35272.26,0
1299.46,248400.0,1.0,1.0,1299.46,0.5453344518985416,0,0,58,35272.26,0
737.6,288000.0,1.0,1.0,737.6,-0.4089505769742172,0,0,58,35272.26,0
242.7,158400.0,1.0,1.0,242.7,-1.2495081194031648,0,0,58,35272.26,0
1237.66,291600.0,1.0,1.0,1237.66,0.44037091154269414,0,0,58,35272.26,0
472.86,248400.0,1.0,1.0,472.86,-0.8585953613400276,0,0,58,35272.26,0
400.93,158400.0,1.0,1.0,400.93,-0.9807640904305797,0,0,58,35272.26,0
1509.53,284400.0,1.0,1.0,1509.53,0.9021255671502064,0,0,58,35272.26,0
1886.62,392400.0,1.0,1.0,1886.62,1.542589991628953,0,0,58,35272.26,0
733.17,82800.0,1.0,2.0,733.17,-0.4164746624722174,0,0,58,35272.26,0
945.93,57600.0,1.0,2.0,945.93,-0.05511474586849379,0,0,58,35272.26,0
75.46,244800.0,1.0,1.0,75.46,-1.5335550852464,0,0,58,35272.26,0
297.93,50400.0,1.0,2.0,297.93,-1.1557033243569923,0,0,58,35272.26,0
905.26,313200.0,1.0,1.0,905.26,-0.12419026668196168,0,0,58,35272.26,0
448.19,108000.0,1.0,1.0,448.19,-0.90049585552415,0,0,58,35272.26,0
1347.75,82800.0,1.0,2.0,1347.75,0.6273520791442354,0,0,58,35272.26,0
694.48,82800.0,1.0,2.0,694.48,-0.48218727374030373,0,0,58,35272.26,0
1664.71,129600.0,1.0,1.0,1664.71,1.1656893566715725,0,0,58,35272.26,0
779.93,3600.0,1.0,2.0,779.93,-0.33705564714795483,0,0,58,35272.26,0
1029.21,68400.0,1.0,3.0,1029.21,0.08633126773725042,0,0,58,35272.26,0
961.14,39600.0,1.0,2.0,961.14,-0.02928148617897203,0,0,58,35272.26,0
1701.31,201600.0,1.0,1.0,1701.31,1.2278522300862005,0,0,58,35272.26,0
267.02,230400.0,1.0,1.0,267.02,-1.2082020789265593,0,0,58,35272.26,0
1528.9,349200.0,1.0,1.0,1528.9,0.9350243337633581,0,0,58,35272.26,0
1668.4,244800.0,1.0,1.0,1668.4,1.1719565971879655,0,0,58,35272.26,0
1829.43,284400.0,1.0,1.0,1829.43,1.445456255820686,0,0,58,35272.26,0
1930.31,140400.0,1.0,1.0,1930.31,1.6167947987187101,0,0,58,35272.26,0
816.04,183600.0,1.0,1.0,816.04,-0.2757250089238503,0,0,58,35272.26,0
1804.17,25200.0,1.0,2.0,1804.17,1.4025536825296065,0,0,58,35272.26,0
1486.75,129600.0,1.0,1.0,1486.75,0.8634351229866756,0,0,58,35272.26,0
923.76,0.0,1.0,1.0,923.76,-0.607749617886059,0,1,80,154845.35,0
516.03,392400.0,1.0,1.0,516.03,-1.4368901830556622,0,1,80,154845.35,0
849.41,64800.0,1.0,2.0,849.41,-0.7589442835235152,0,1,80,154845.35,0
1965.64,111600.0,1.0,1.0,1965.64,1.51096858297948,0,1,80,154845.35,0
1326.98,356400.0,1.0,1.0,1326.98,0.21221962324823918,0,1,80,154845.35,0
447.65,162000.0,1.0,1.0,447.65,-1.5759445372760958,0,1,80,154845.35,0
1504.79,424800.0,1.0,1.0,1504.79,0.5738056823873927,0,1,80,154845.35,0
671.77,151200.0,1.0,1.0,671.77,-1.120184638652469,0,1,80,154845.35,0
1374.33,194400.0,1.0,1.0,1374.33,0.3085083578539357,0,1,80,154845.35,0
887.26,118800.0,1.0,1.0,887.26,-0.681974302428993,0,1,80,154845.35,0
1181.18,180000.0,1.0,1.0,1181.18,-0.0842724043232618,0,1,80,154845.35,0
1738.48,284400.0,1.0,1.0,1738.48,1.0490266832322768,0,1,80,154845.35,0
760.45,410400.0,1.0,1.0,760.45,-0.9398491585081565,0,1,80,154845.35,0
1346.68,374400.0,1.0,1.0,1346.68,0.25228061737141194,0,1,80,154845.35,0
1730.25,3600.0,1.0,2.0,1730.25,1.032290542032596,0,1,80,154845.35,0
785.51,14400.0,1.0,3.0,785.51,-0.8888883202986791,0,1,80,154845.35,0
1142.04,338400.0,1.0,1.0,1142.04,-0.16386566878930145,0,1,80,154845.35,0
567.36,367200.0,1.0,1.0,567.36,-1.332507907505284,0,1,80,154845.35,0
1954.99,262800.0,1.0,1.0,1954.99,1.4893112435169524,0,1,80,154845.35,0
1160.15,338400.0,1.0,1.0,1160.15,-0.12703802393799885,0,1,80,154845.35,0
1810.99,432000.0,1.0,1.0,1810.99,1.1964796113475686,0,1,80,154845.35,0
1620.58,237600.0,1.0,1.0,1620.58,0.8092707843935937,0,1,80,154845.35,0
1014.2,280800.0,1.0,1.0,1014.2,-0.42383508445967644,0,1,80,154845.35,0
1851.09,118800.0,1.0,1.0,1851.09,1.2780250866947371,0,1,80,154845.35,0
1346.42,381600.0,1.0,1.0,1346.42,0.2517518935911061,0,1,80,154845.35,0
768.16,151200.0,1.0,1.0,768.16,-0.9241704648690876,0,1,80,154845.35,0
1463.86,111600.0,1.0,1.0,1463.86,0.49057235804924765,0,1,80,154845.35,0
1996.37,363600.0,1.0,1.0,1996.37,1.5734596667056264,0,1,80,154845.35,0
1367.08,399600.0,1.0,1.0,1367.08,0.29376509859540767,0,1,80,154845.35,0
1580.86,194400.0,1.0,1.0,1580.86,0.7284980591868719,0,1,80,154845.35,0
246.93,162000.0,1.0,1.0,246.93,-1.984119295672198,0,1,80,154845.35,0
730.09,0.0,1.0,1.0,730.09,-0.10908005496570336,1,0,38,129235.87,0
182.2,183600.0,1.0,1.0,182.2,-0.8957227977942293,1,0,38,129235.87,0
1844.71,406800.0,1.0,1.0,1844.71,1.4912552933916883,1,0,38,129235.87,0
697.43,10800.0,1.0,2.0,697.43,-0.15597222671693028,1,0,38,129235.87,0
1750.91,75600.0,1.0,2.0,1750.91,1.3565802869536887,1,0,38,129235.87,0
73.78,241200.0,1.0,1.0,73.78,-1.0513887274105185,1,0,38,129235.87,0
1969.14,223200.0,1.0,1.0,1969.14,1.66990786323263,1,0,38,129235.87,0
125.25,410400.0,1.0,1.0,125.25,-0.977489765988729,1,0,38,129235.87,0
930.54,158400.0,1.0,1.0,930.54,0.17871957233170657,1,0,38,129235.87,0
1719.67,64800.0,1.0,2.0,1719.67,1.311726905278602,1,0,38,129235.87,0
436.07,97200.0,1.0,1.0,436.07,-0.5312244621394849,1,0,38,129235.87,0
235.67,324000.0,1.0,1.0,235.67,-0.8189523010539322,1,0,38,129235.87,0
161.27,410400.0,1.0,1.0,161.27,-0.9257734149024097,1,0,38,129235.87,0
978.38,410400.0,1.0,1.0,978.38,0.24740669715040503,1,0,38,129235.87,0
255.84,187200.0,1.0,1.0,255.84,-0.7899928673667844,1,0,38,129235.87,0
1608.98,0.0,1.0,1.0,1608.98,0.9079629783569669,2,0,37,25920.06,0
554.39,61200.0,1.0,2.0,554.39,-1.0810217299000413,2,0,37,25920.06,0
1147.79,316800.0,1.0,1.0,1147.79,0.03814640736629785,2,0,37,25920.06,0
1649.01,338400.0,1.0,1.0,1649.01,0.9834606199726925,2,0,37,25920.06,0
1259.79,324000.0,1.0,1.0,1259.79,0.24938137766260723,2,0,37,25920.06,0
1491.22,18000.0,1.0,2.0,1491.22,0.6858644953025617,2,0,37,25920.06,0
1495.15,18000.0,1.0,3.0,1495.15,0.6932765795281377,2,0,37,25920.06,0
1555.83,151200.0,1.0,1.0,1555.83,0.807720668792245,2,0,37,25920.06,0
1319.8,111600.0,1.0,1.0,1319.8,0.362561829157978,2,0,37,25920.06,0
1675.27,277200.0,1.0,1.0,1675.27,1.032987676401095,2,0,37,25920.06,0
571.2,262800.0,1.0,1.0,571.2,-1.0493176240903899,2,0,37,25920.06,0
155.46,428400.0,1.0,1.0,155.46,-1.8334142897242083,2,0,37,25920.06,0
1911.67,349200.0,1.0,1.0,1911.67,1.4788443458479483,2,0,37,25920.06,0
739.53,428400.0,1.0,1.0,739.53,-0.7318427798941599,2,0,37,25920.06,0
1471.39,385200.0,1.0,1.0,1471.39,0.648464589400992,2,0,37,25920.06,0
523.29,79200.0,1.0,2.0,523.29,-1.1396771546876774,2,0,37,25920.06,0
971.54,396000.0,1.0,1.0,971.54,-0.29426576687231404,2,0,37,25920.06,0
1519.86,248400.0,1.0,1.0,1519.86,0.7398802948497606,2,0,37,25920.06,0
347.21,118800.0,1.0,1.0,347.21,-1.4717687044178036,2,0,37,25920.06,0
1964.41,129600.0,1.0,1.0,1964.41,1.578313384539264,2,0,37,25920.06,0
265.0,291600.0,1.0,1.0,265.0,-1.6268189446683357,2,0,37,25920.06,0
1467.77,216000.0,1.0,1.0,1467.77,0.6416371733967718,2,0,37,25920.06,0
643.81,252000.0,1.0,1.0,643.81,-0.9123732384366844,2,0,37,25920.06,0
1658.52,266400.0,1.0,1.0,1658.52,1.0013967321826738,2,0,37,25920.06,0
1065.19,428400.0,1.0,1.0,1065.19,-0.11763938322723015,2,0,37,25920.06,0
1092.03,385200.0,1.0,1.0,1092.03,-0.06701843141693617,2,0,37,25920.06,0
997.2,259200.0,1.0,1.0,997.2,-0.245870326356213,2,0,37,25920.06,0
319.64,331200.0,1.0,1.0,319.64,-1.5237664555880648,2,0,37,25920.06,0
743.36,154800.0,1.0,1.0,743.36,-0.7246192983206343,2,0,37,25920.06,0
897.28,302400.0,1.0,1.0,897.28,-0.43432209628484914,2,0,37,25920.06,0
1871.9,259200.0,1.0,1.0,1871.9,1.4038370711275534,2,0,37,25920.06,0
1924.13,0.0,1.0,1.0,1924.13,1.6130112994136603,1,1,66,48256.31,0
863.05,158400.0,1.0,1.0,863.05,-0.14633969089606697,1,1,66,48256.31,0
765.32,266400.0,1.0,1.0,765.32,-0.30838343150277847,1,1,66,48256.31,0
33.42,68400.0,1.0,2.0,33.42,-1.521929054648714,1,1,66,48256.31,0
1268.14,129600.0,1.0,1.0,1268.14,0.5253302045543868,1,1,66,48256.31,0
1029.02,226800.0,1.0,1.0,1029.02,0.1288511371863636,1,1,66,48256.31,0
1253.17,270000.0,1.0,1.0,1253.17,0.5005088109507597,1,1,66,48256.31,0
617.86,248400.0,1.0,1.0,617.86,-0.5528832779149928,1,1,66,48256.31,0
113.07,284400.0,1.0,1.0,113.07,-1.3898633231504576,1,1,66,48256.31,0
469.54,172800.0,1.0,1.0,469.54,-0.7988090694507287,1,1,66,48256.31,0
1700.07,313200.0,1.0,1.0,1700.07,1.2415028524645162,1,1,66,48256.31,0
1507.29,284400.0,1.0,1.0,1507.29,0.9218590141941604,1,1,66,48256.31,0
1284.04,284400.0,1.0,1.0,1284.04,0.5516936085822871,1,1,66,48256.31,0
1485.08,262800.0,1.0,1.0,1485.08,0.8850331523413509,1,1,66,48256.31,0
991.69,262800.0,1.0,1.0,991.69,0.06695517037117343,1,1,66,48256.31,0
324.5,414000.0,1.0,1.0,324.5,-1.0392963726083821,1,1,66,48256.31,0
1792.62,97200.0,1.0,1.0,1792.62,1.3949577608155974,1,1,66,48256.31,0
266.52,115200.0,1.0,1.0,266.52,-1.1354316031453426,1,1,66,48256.31,0
274.07,252000.0,1.0,1.0,274.07,-1.1229131314214023,1,1,66,48256.31,0
80.81,151200.0,1.0,1.0,80.81,-1.4433528460397702,1,1,66,48256.31,0
843.25,230400.0,1.0,1.0,843.25,-0.17916959025156562,1,1,66,48256.31,0
1892.11,424800.0,1.0,1.0,1892.11,1.5599197146983532,1,1,66,48256.31,0
1813.05,302400.0,1.0,1.0,1813.05,1.4288322478778621,1,1,66,48256.31,0
246.01,32400.0,1.0,2.0,246.01,-1.1694387362656091,1,1,66,48256.31,0
690.83,270000.0,1.0,1.0,690.83,-0.43189349225990475,1,1,66,48256.31,0
1062.51,205200.0,1.0,1.0,1062.51,0.18438009321745716,1,1,66,48256.31,0
565.25,172800.0,1.0,1.0,565.25,-0.640114641808568,1,1,66,48256.31,0
1363.6,205200.0,1.0,1.0,1363.6,0.683610113265291,1,1,66,48256.31,0
1501.98,277200.0,1.0,1.0,1501.98,0.9130546320942767,1,1,66,48256.31,0
285.04,370800.0,1.0,1.0,285.04,-1.104724040717876,1,1,66,48256.31,0
420.14,201600.0,1.0,1.0,420.14,-0.8807180102669732,1,1,66,48256.31,0
1714.7,432000.0,1.0,1.0,1714.7,1.2657605003216348,1,1,66,48256.31,0
550.02,0.0,1.0,1.0,550.02,-0.9781593069070001,1,1,66,26774.86,0
491.03,133200.0,1.0,1.0,491.03,-1.1682388013921234,1,1,66,26774.86,0
1126.85,18000.0,1.0,2.0,1126.85,0.8805210593220835,1,1,66,26774.86,0
683.58,338400.0,1.0,1.0,683.58,-0.5477979357689585,1,1,66,26774.86,0
1347.25,392400.0,1.0,1.0,1347.25,1.590701099744548,1,1,66,26774.86,0
840.19,270000.0,1.0,1.0,840.19,-0.04316410577548239,1,1,66,26774.86,0
936.18,356400.0,1.0,1.0,936.18,0.2661379907769327,1,1,66,26774.86,0
207.13,0.0,1.0,1.0,207.13,-1.450227987345281,0,0,48,169336.98,0
1784.38,82800.0,1.0,2.0,1784.38,1.3016409964504294,0,0,48,169336.98,0
746.02,306000.0,1.0,1.0,746.02,-0.5100126272706763,0,0,48,169336.98,0
1648.56,162000.0,1.0,1.0,1648.56,1.0646723197161554,0,0,48,169336.98,0
232.96,324000.0,1.0,1.0,232.96,-1.4051617163980987,0,0,48,169336.98,0
794.28,252000.0,1.0,1.0,794.28,-0.42581215356138424,0,0,48,169336.98,0
701.73,136800.0,1.0,1.0,701.73,-0.587286539010928,0,0,48,169336.98,0
1314.62,115200.0,1.0,1.0,1314.62,0.48203854038584015,0,0,48,169336.98,0
607.34,223200.0,1.0,1.0,607.34,-0.7519712201841581,0,0,48,169336.98,0
1673.25,334800.0,1.0,1.0,1673.25,1.1077496030954017,0,0,48,169336.98,0
1985.41,104400.0,1.0,1.0,1985.41,1.652383251522518,0,0,48,169336.98,0
152.34,172800.0,1.0,1.0,152.34,-1.5458215214217856,0,0,48,169336.98,0
312.27,295200.0,1.0,1.0,312.27,-1.2667875023516015,0,0,48,169336.98,0
1753.58,86400.0,1.0,1.0,1753.58,1.2479034375974205,0,0,48,169336.98,0
896.77,108000.0,1.0,1.0,896.77,-0.24699519230018763,0,0,48,169336.98,0
1662.45,90000.0,1.0,1.0,1662.45,1.088906562978113,0,0,48,169336.98,0
571.76,100800.0,1.0,1.0,571.76,-0.8140485690150038,0,0,48,169336.98,0
1865.83,291600.0,1.0,1.0,1865.83,1.4437489240016486,0,0,48,169336.98,0
198.53,309600.0,1.0,1.0,198.53,-1.4652326304016408,0,0,48,169336.98,0
1790.09,3600.0,1.0,2.0,1790.09,1.3116033815494772,0,0,48,169336.98,0
1158.89,10800.0,1.0,3.0,1158.89,0.21033237025015755,0,0,48,169336.98,0
1822.27,277200.0,1.0,1.0,1822.27,1.3677486621952506,0,0,48,169336.98,0
1033.59,291600.0,1.0,1.0,1033.59,-0.008281789629127925,0,0,48,169336.98,0
1534.48,378000.0,1.0,1.0,1534.48,0.8656339848476092,0,0,48,169336.98,0
319.12,266400.0,1.0,1.0,319.12,-1.2548361296846176,0,0,48,169336.98,0
885.19,133200.0,1.0,1.0,885.19,-0.2671991186481693,0,0,48,169336.98,0
1309.23,212400.0,1.0,1.0,1309.23,0.47263446758656386,0,0,48,169336.98,0
1393.14,118800.0,1.0,1.0,1393.14,0.6190344209422769,0,0,48,169336.98,0
1526.75,50400.0,1.0,2.0,1526.75,0.8521472533562534,0,0,48,169336.98,0
1149.12,255600.0,1.0,1.0,1149.12,0.193286397847758,0,0,48,169336.98,0
915.18,151200.0,1.0,1.0,915.18,-0.21487478780395752,0,0,48,169336.98,0
469.04,360000.0,1.0,1.0,469.04,-0.9932668172416612,0,0,48,169336.98,0
526.65,374400.0,1.0,1.0,526.65,-0.8927531560234201,0,0,48,169336.98,0
1063.0,162000.0,1.0,1.0,1063.0,0.043030600171748326,0,0,48,169336.98,0
1326.13,320400.0,1.0,1.0,1326.13,0.5021203359182473,0,0,48,169336.98,0
925.28,313200.0,1.0,1.0,925.28,-0.19725305584241892,0,0,48,169336.98,0
162.1,295200.0,1.0,1.0,162.1,-1.5287929962787543,0,0,48,169336.98,0
1233.12,0.0,1.0,1.0,1233.12,0.450341267667991,2,0,26,77964.84,0
915.46,342000.0,1.0,1.0,915.46,-0.3129620879489181,2,0,26,77964.84,0
1525.55,205200.0,1.0,1.0,1525.55,1.1530196038861265,2,0,26,77964.84,0
517.34,338400.0,1.0,1.0,517.34,-1.2696023068565678,2,0,26,77964.84,0
846.04,223200.0,1.0,1.0,846.04,-0.47977099982616395,2,0,26,77964.84,0
530.96,14400.0,1.0,2.0,530.96,-1.2368748885366587,2,0,26,77964.84,0
958.37,61200.0,1.0,3.0,958.37,-0.2098538999821563,2,0,26,77964.84,0
680.26,115200.0,1.0,1.0,680.26,-0.8781227919755414,2,0,26,77964.84,0
1427.13,363600.0,1.0,1.0,1427.13,0.9165267616654624,2,0,26,77964.84,0
1450.61,403200.0,1.0,1.0,1450.61,0.9729467163021334,2,0,26,77964.84,0
955.04,410400.0,1.0,1.0,955.04,-0.2178555375009007,2,0,26,77964.84,0
732.9,28800.0,1.0,2.0,732.9,-0.7516344439314877,2,0,26,77964.84,0
854.84,180000.0,1.0,1.0,854.84,-0.4586255313081609,2,0,26,77964.84,0
1008.39,230400.0,1.0,1.0,1008.39,-0.08966113461050801,2,0,26,77964.84,0
1435.41,428400.0,1.0,1.0,1435.41,0.9364227252255833,2,0,26,77964.84,0
1534.9,396000.0,1.0,1.0,1534.9,1.1754866641865047,2,0,26,77964.84,0
1365.2,43200.0,1.0,2.0,1365.2,0.7677155269700169,2,0,26,77964.84,0
1796.16,93600.0,1.0,1.0,1796.16,1.8032667897562138,2,0,26,77964.84,0
1240.66,97200.0,1.0,1.0,1240.66,0.46845908955728033,2,0,26,77964.84,0
115.99,410400.0,1.0,1.0,115.99,-2.2340038738679846,2,0,26,77964.84,0
835.45,313200.0,1.0,1.0,835.45,-0.5052176488722604,2,0,26,77964.84,0
287.9,0.0,1.0,1.0,287.9,-0.1528491310886153,0,0,40,60552.3,1
289.46,134.0,2.0,2.0,577.3599999999999,-0.13832549158865223,0,0,40,60552.3,1
299.78,51.0,3.0,3.0,877.1399999999999,-0.042246030281204446,0,0,40,60552.3,1
148.21,156.0,4.0,4.0,1025.35,-1.4533665681077421,0,0,40,60552.3,1
168.24,31.0,5.0,5.0,1193.59,-1.2668867609383447,0,0,40,60552.3,1
126.86,291.0,6.0,6.0,1320.45,-1.652135608700185,0,0,40,60552.3,1
252.45,195.0,7.0,7.0,1572.8999999999999,-0.482889528699955,0,0,40,60552.3,1
359.36,135.0,8.0,8.0,1932.26,0.5124452783135385,0,0,40,60552.3,1
369.38,300.0,9.0,9.0,2301.64,0.6057317320248394,0,0,40,60552.3,1
419.33,242.0,10.0,10.0,2720.97,1.0707674967832717,0,0,40,60552.3,1
415.92,179.0,11.0,11.0,3136.89,1.0390203104404039,0,0,40,60552.3,1
356.03,296.0,12.0,12.0,3492.92,0.4814428939963093,0,0,40,60552.3,1
463.21,90.0,13.0,13.0,3956.13,1.4792914078463346,0,0,40,60552.3,1
1554.88,0.0,1.0,1.0,1554.88,1.265858195128807,1,0,23,100955.25,0
644.87,122400.0,1.0,1.0,644.87,-0.8067308618614839,1,0,23,100955.25,0
1739.92,316800.0,1.0,1.0,1739.92,1.6872951893436874,1,0,23,100955.25,0
1297.34,21600.0,1.0,2.0,1297.34,0.6792991620002921,1,0,23,100955.25,0
1539.19,399600.0,1.0,1.0,1539.19,1.2301235083625321,1,0,23,100955.25,0
1528.45,291600.0,1.0,1.0,1528.45,1.205662671149671,1,0,23,100955.25,0
951.66,270000.0,1.0,1.0,951.66,-0.1080027195399147,1,0,23,100955.25,0
345.15,388800.0,1.0,1.0,345.15,-1.4893567584572687,1,0,23,100955.25,0
869.59,313200.0,1.0,1.0,869.59,-0.29492086759014824,1,0,23,100955.25,0
1155.44,147600.0,1.0,1.0,1155.44,0.35611547480243494,1,0,23,100955.25,0
1036.46,162000.0,1.0,1.0,1036.46,0.08513312735492909,1,0,23,100955.25,0
1395.28,327600.0,1.0,1.0,1395.28,0.9023619549823793,1,0,23,100955.25,0
127.85,374400.0,1.0,1.0,127.85,-1.9842673661253052,1,0,23,100955.25,0
771.03,370800.0,1.0,1.0,771.03,-0.5193957386981176,1,0,23,100955.25,0
1540.42,295200.0,1.0,1.0,1540.42,1.2329248891606532,1,0,23,100955.25,0
1031.98,277200.0,1.0,1.0,1031.98,0.07492972412274862,1,0,23,100955.25,0
1087.72,406800.0,1.0,1.0,1087.72,0.20188010273027912,1,0,23,100955.25,0
462.32,183600.0,1.0,1.0,462.32,-1.222496768119193,1,0,23,100955.25,0
1504.73,93600.0,1.0,1.0,1504.73,1.1516392951078587,1,0,23,100955.25,0
590.39,154800.0,1.0,1.0,590.39,-0.9308115333099637,1,0,23,100955.25,0
1009.17,187200.0,1.0,1.0,1009.17,0.022978914362472746,1,0,23,100955.25,0
216.96,374400.0,1.0,1.0,216.96,-1.7813152987102165,1,0,23,100955.25,0
1341.07,172800.0,1.0,1.0,1341.07,0.7788962207822675,1,0,23,100955.25,0
891.98,320400.0,1.0,1.0,891.98,-0.24392662688288944,1,0,23,100955.25,0
447.21,129600.0,1.0,1.0,447.21,-1.2569104785741583,1,0,23,100955.25,0
775.6,352800.0,1.0,1.0,775.6,-0.5089873563831477,1,0,23,100955.25,0
786.45,291600.0,1.0,1.0,786.45,-0.4842759891802107,1,0,23,100955.25,0
1429.77,266400.0,1.0,1.0,1429.77,0.9809144945979826,1,0,23,100955.25,0
1235.17,144000.0,1.0,1.0,1235.17,0.5377041667001459,1,0,23,100955.25,0
664.37,223200.0,1.0,1.0,664.37,-0.7623187272571272,1,0,23,100955.25,0
1342.54,0.0,1.0,1.0,1342.54,0.89269303070175,2,1,76,138307.3,0
1817.36,129600.0,1.0,1.0,1817.36,1.7141157631435855,2,1,76,138307.3,0
1353.84,338400.0,1.0,1.0,1353.84,0.9122416530777929,2,1,76,138307.3,0
1070.34,75600.0,1.0,2.0,1070.34,0.4217961270947668,2,1,76,138307.3,0
110.47,133200.0,1.0,1.0,110.47,-1.2387468959222603,2,1,76,138307.3,0
646.27,428400.0,1.0,1.0,646.27,-0.3118308013130703,2,1,76,138307.3,0
188.46,360000.0,1.0,1.0,188.46,-1.1038268021959243,2,1,76,138307.3,0
167.82,111600.0,1.0,1.0,167.82,-1.1395333124473872,2,1,76,138307.3,0
561.96,136800.0,1.0,1.0,561.96,-0.4576842838373345,2,1,76,138307.3,0
141.81,306000.0,1.0,1.0,141.81,-1.1845297432439252,2,1,76,138307.3,0
565.85,280800.0,1.0,1.0,565.85,-0.45095471383354624,2,1,76,138307.3,0
1251.7,21600.0,1.0,2.0,1251.7,0.7355428663973477,2,1,76,138307.3,0
743.58,399600.0,1.0,1.0,743.58,-0.1434877532234467,2,1,76,138307.3,0
1655.48,360000.0,1.0,1.0,1655.48,1.434068772857405,2,1,76,138307.3,0
1331.46,187200.0,1.0,1.0,1331.46,0.8735250009737362,2,1,76,138307.3,0
275.42,349200.0,1.0,1.0,275.42,-0.9533889082294906,2,1,76,138307.3,0
1790.51,0.0,1.0,1.0,1790.51,1.1717879597079852,0,0,57,96755.27,0
677.67,212400.0,1.0,1.0,677.67,-0.6968237831414663,0,0,57,96755.27,0
509.26,68400.0,1.0,2.0,509.26,-0.9796073851087537,0,0,57,96755.27,0
1150.43,172800.0,1.0,1.0,1150.43,0.09700541741702083,0,0,57,96755.27,0
1651.81,100800.0,1.0,1.0,1651.81,0.9388915426729945,0,0,57,96755.27,0
693.82,219600.0,1.0,1.0,693.82,-0.6697057071853371,0,0,57,96755.27,0
185.44,50400.0,1.0,2.0,185.44,-1.523345797252017,0,0,57,96755.27,0
1530.08,136800.0,1.0,1.0,1530.08,0.7344900946148156,0,0,57,96755.27,0
1652.65,187200.0,1.0,1.0,1652.65,0.9403020184502795,0,0,57,96755.27,0
1454.17,93600.0,1.0,1.0,1454.17,0.6070267419318589,0,0,57,96755.27,0
950.14,306000.0,1.0,1.0,950.14,-0.2393090985738824,0,0,57,96755.27,0
1371.02,100800.0,1.0,1.0,1371.02,0.4674064313589715,0,0,57,96755.27,0
1969.02,140400.0,1.0,1.0,1969.02,1.4715308537592913,0,0,57,96755.27,0
125.06,270000.0,1.0,1.0,125.06,-1.6247321394335077,0,0,57,96755.27,0
1419.43,428400.0,1.0,1.0,1419.43,0.5486934937141547,0,0,57,96755.27,0
445.5,54000.0,1.0,2.0,445.5,-1.086669213155985,0,0,57,96755.27,0
1286.03,248400.0,1.0,1.0,1286.03,0.3246965071786986,0,0,57,96755.27,0
476.37,82800.0,1.0,2.0,476.37,-1.0348342283407712,0,0,57,96755.27,0
1450.34,46800.0,1.0,2.0,1450.34,0.6005956440425723,0,0,57,96755.27,0
1791.14,385200.0,1.0,1.0,1791.14,1.1728458165409488,0,0,57,96755.27,0
458.25,82800.0,1.0,2.0,458.25,-1.065260205822199,0,0,57,96755.27,0
861.74,172800.0,1.0,1.0,861.74,-0.38774488275479924,0,0,57,96755.27,0
155.37,417600.0,1.0,1.0,155.37,-1.5738374718031503,0,0,57,96755.27,0
1178.21,162000.0,1.0,1.0,1178.21,0.14365186633722293,0,0,57,96755.27,0
898.02,432000.0,1.0,1.0,898.02,-0.3268257622787397,0,0,57,96755.27,0
1847.56,39600.0,1.0,2.0,1847.56,1.2675827729152396,0,0,57,96755.27,0
18.96,288000.0,1.0,1.0,18.96,-1.8028886632072099,0,0,57,96755.27,0
1579.28,79200.0,1.0,2.0,1579.28,0.8171036758557785,0,0,57,96755.27,0
842.59,280800.0,1.0,1.0,842.59,-0.41990037220123083,0,0,57,96755.27,0
1992.47,216000.0,1.0,1.0,1992.47,1.5109066358751568,0,0,57,96755.27,0
1460.09,248400.0,1.0,1.0,1460.09,0.6169672378860558,0,0,57,96755.27,0
1824.41,0.0,1.0,1.0,1824.41,0.9800325969660426,1,0,47,112623.16,0
811.42,198000.0,1.0,1.0,811.42,-0.5900719847850452,1,0,47,112623.16,0
1643.05,36000.0,1.0,2.0,1643.05,0.6989299533601062,1,0,47,112623.16,0
1780.1,212400.0,1.0,1.0,1780.1,0.9113534056439259,1,0,47,112623.16,0
1242.15,244800.0,1.0,1.0,1242.15,0.07754679377905331,1,0,47,112623.16,0
1903.04,244800.0,1.0,1.0,1903.04,1.1019067746608746,1,0,47,112623.16,0
623.33,194400.0,1.0,1.0,623.33,-0.8816059296231601,1,0,47,112623.16,0
1124.44,334800.0,1.0,1.0,1124.44,-0.10490022970382468,1,0,47,112623.16,0
151.34,277200.0,1.0,1.0,151.34,-1.6131764895898884,1,0,47,112623.16,0
1327.83,396000.0,1.0,1.0,1327.83,0.21034826325499378,1,0,47,112623.16,0
735.28,331200.0,1.0,1.0,735.28,-0.7080867360210177,1,0,47,112623.16,0
1515.32,64800.0,1.0,2.0,1515.32,0.5009522258138654,1,0,47,112623.16,0
672.26,428400.0,1.0,1.0,672.26,-0.8057658747508705,1,0,47,112623.16,0
1698.34,244800.0,1.0,1.0,1698.34,0.7846278203923747,1,0,47,112623.16,0
984.88,259200.0,1.0,1.0,984.88,-0.3212141078558122,1,0,47,112623.16,0
306.03,237600.0,1.0,1.0,306.03,-1.373411558296316,1,0,47,112623.16,0
1927.6,158400.0,1.0,1.0,1927.6,1.139974049291233,1,0,47,112623.16,0
1955.78,208800.0,1.0,1.0,1955.78,1.183652217006359,1,0,47,112623.16,0
134.58,126000.0,1.0,1.0,134.58,-1.639153994590084,1,0,47,112623.16,0
1330.64,25200.0,1.0,2.0,1330.64,0.21470368026278341,1,0,47,112623.16,0
387.04,262800.0,1.0,1.0,387.04,-1.2478484508938188,1,0,47,112623.16,0
1195.09,93600.0,1.0,1.0,1195.09,0.0046051836770716024,1,0,47,112623.16,0
1842.18,385200.0,1.0,1.0,1842.18,1.0075755721362978,1,0,47,112623.16,0
1840.36,21600.0,1.0,2.0,1840.36,1.0047546258892595,1,0,47,112623.16,0
101.26,158400.0,1.0,1.0,101.26,-1.6907990104973942,1,0,47,112623.16,0
186.84,345600.0,1.0,1.0,186.84,-1.558152538067994,1,0,47,112623.16,0
716.16,90000.0,1.0,1.0,716.16,-0.7377221713195703,1,0,47,112623.16,0
1833.15,133200.0,1.0,1.0,1833.15,0.9935793388336864,1,0,47,112623.16,0
1771.34,226800.0,1.0,1.0,1771.34,0.897775664366974,1,0,47,112623.16,0
1118.13,327600.0,1.0,1.0,1118.13,-0.11468054334053311,1,0,47,112623.16,0
182.4,381600.0,1.0,1.0,182.4,-1.5650344069343942,1,0,47,112623.16,0
1926.94,392400.0,1.0,1.0,1926.94,1.1389510687840654,1,0,47,112623.16,0
1953.68,165600.0,1.0,1.0,1953.68,1.1803972790290078,1,0,47,112623.16,0
1167.94,14400.0,1.0,2.0,1167.94,-0.03747651445868671,1,0,47,112623.16,0
1809.83,133200.0,1.0,1.0,1809.83,0.9574340275804306,1,0,47,112623.16,0
1001.45,0.0,1.0,1.0,1001.45,0.015226483329318667,0,1,79,15436.44,0
722.48,82800.0,1.0,2.0,722.48,-0.4275826799515454,0,1,79,15436.44,0
1113.59,270000.0,1.0,1.0,1113.59,0.19322633840447384,0,1,79,15436.44,0
73.03,320400.0,1.0,1.0,73.03,-1.4584548565037094,0,1,79,15436.44,0
1232.74,363600.0,1.0,1.0,1232.74,0.38235316854719525,0,1,79,15436.44,0
119.12,39600.0,1.0,2.0,119.12,-1.3852961859096848,0,1,79,15436.44,0
1767.64,219600.0,1.0,1.0,1767.64,1.231400096313386,0,1,79,15436.44,0
1201.3,201600.0,1.0,1.0,1201.3,0.3324484472741179,0,1,79,15436.44,0
1117.19,414000.0,1.0,1.0,1117.19,0.19894061946627678,0,1,79,15436.44,0
818.55,295200.0,1.0,1.0,818.55,-0.2750907406161596,0,1,79,15436.44,0
1742.74,118800.0,1.0,1.0,1742.74,1.19187631896925,0,1,79,15436.44,0
964.95,270000.0,1.0,1.0,964.95,-0.042709977436181344,0,1,79,15436.44,0
897.88,61200.0,1.0,2.0,897.88,-0.14917020821815638,0,1,79,15436.44,0
1271.0,230400.0,1.0,1.0,1271.0,0.4430832778317988,0,1,79,15436.44,0
1798.94,403200.0,1.0,1.0,1798.94,1.2810825955451708,0,1,79,15436.44,0
55.38,378000.0,1.0,1.0,55.38,-1.4864707067094922,0,1,79,15436.44,0
167.07,140400.0,1.0,1.0,167.07,-1.3091851367670622,0,1,79,15436.44,0
185.43,10800.0,1.0,2.0,185.43,-1.2800423033518682,0,1,79,15436.44,0
1493.62,36000.0,1.0,3.0,1493.62,0.7964480694925004,0,1,79,15436.44,0
128.87,54000.0,1.0,2.0,128.87,-1.369820008033969,0,1,79,15436.44,0
161.13,18000.0,1.0,3.0,161.13,-1.3186137005190366,0,1,79,15436.44,0
1522.23,298800.0,1.0,1.0,1522.23,0.8418607309308829,0,1,79,15436.44,0
1713.88,46800.0,1.0,2.0,1713.88,1.1460668324571317,0,1,79,15436.44,0
1912.36,104400.0,1.0,1.0,1912.36,1.4611141949978559,0,1,79,15436.44,0
834.15,90000.0,1.0,1.0,834.15,-0.25032885601501437,0,1,79,15436.44,0
1771.57,187200.0,1.0,1.0,1771.57,1.2376381864725203,0,1,79,15436.44,0
1114.15,0.0,1.0,1.0,1114.15,0.21960122080630726,2,1,81,121372.65,0
657.06,230400.0,1.0,1.0,657.06,-0.604802389368578,2,1,81,121372.65,0
400.69,306000.0,1.0,1.0,400.69,-1.0671891262049458,2,1,81,121372.65,0
482.7,306000.0,1.0,1.0,482.7,-0.9192765924141334,2,1,81,121372.65,0
1514.88,403200.0,1.0,1.0,1514.88,0.9423544175627047,2,1,81,121372.65,0
1744.6,115200.0,1.0,1.0,1744.6,1.35667544258923,2,1,81,121372.65,0
819.72,212400.0,1.0,1.0,819.72,-0.3114302061419774,2,1,81,121372.65,0
1450.77,208800.0,1.0,1.0,1450.77,0.826726170503456,2,1,81,121372.65,0
1037.63,219600.0,1.0,1.0,1037.63,0.08159040400746635,2,1,81,121372.65,0
190.9,352800.0,1.0,1.0,190.9,-1.4455645738817469,2,1,81,121372.65,0
45.2,396000.0,1.0,1.0,45.2,-1.7083478463280501,2,1,81,121372.65,0
526.8,327600.0,1.0,1.0,526.8,-0.8397382100196107,2,1,81,121372.65,0
1231.77,180000.0,1.0,1.0,1231.77,0.43173964568711826,2,1,81,121372.65,0
818.62,82800.0,1.0,2.0,818.62,-0.31341415672324674,2,1,81,121372.65,0
562.8,306000.0,1.0,1.0,562.8,-0.7748089182689798,2,1,81,121372.65,0
854.46,75600.0,1.0,2.0,854.46,-0.24877343960261863,2,1,81,121372.65,0
1467.57,212400.0,1.0,1.0,1467.57,0.8570265066537504,2,1,81,121372.65,0
1724.94,352800.0,1.0,1.0,1724.94,1.3212168349276356,2,1,81,121372.65,0
1073.39,378000.0,1.0,1.0,1073.39,0.146086833813093,2,1,81,121372.65,0
1823.12,284400.0,1.0,1.0,1823.12,1.4982934422631058,2,1,81,121372.65,0
1161.78,136800.0,1.0,1.0,1161.78,0.3055062809752667,2,1,81,121372.65,0
1055.2,144000.0,1.0,1.0,1055.2,0.11327950556464914,2,1,81,121372.65,0
1498.89,126000.0,1.0,1.0,1498.89,0.9135149904767994,2,1,81,121372.65,0
1989.99,129600.0,1.0,1.0,1989.99,1.7992587454416553,2,1,81,121372.65,0
1832.18,428400.0,1.0,1.0,1832.18,1.514633980687015,2,1,81,121372.65,0
722.32,198000.0,1.0,1.0,722.32,-0.48710001215618426,2,1,81,121372.65,0
408.64,356400.0,1.0,1.0,408.64,-1.0528505742766812,2,1,81,121372.65,0
386.61,205200.0,1.0,1.0,386.61,-1.0925836936451923,2,1,81,121372.65,0
1483.95,126000.0,1.0,1.0,1483.95,0.8865693344002875,2,1,81,121372.65,0
202.68,28800.0,1.0,2.0,202.68,-1.4243182667477905,2,1,81,121372.65,0
480.15,111600.0,1.0,1.0,480.15,-0.9238757505798031,2,1,81,121372.65,0
913.45,0.0,1.0,1.0,913.45,-0.3002596453639187,0,1,82,92562.33,0
1726.53,385200.0,1.0,1.0,1726.53,1.1243835882844504,0,1,82,92562.33,0
1259.76,140400.0,1.0,1.0,1259.76,0.30652959830800375,0,1,82,92562.33,0
67.78,198000.0,1.0,1.0,67.78,-1.7820056523981793,0,1,82,92562.33,0
1467.73,406800.0,1.0,1.0,1467.73,0.6709255412679234,0,1,82,92562.33,0
1139.02,226800.0,1.0,1.0,1139.02,0.09497424824318339,0,1,82,92562.33,0
1968.82,43200.0,1.0,2.0,1968.82,1.5489135350063763,0,1,82,92562.33,0
620.31,176400.0,1.0,1.0,620.31,-0.8138867392681879,0,1,82,92562.33,0
592.56,320400.0,1.0,1.0,592.56,-0.8625090762261037,0,1,82,92562.33,0
1109.81,273600.0,1.0,1.0,1109.81,0.04379376310658069,0,1,82,92562.33,0
455.4,10800.0,1.0,2.0,455.4,-1.102834832519716,0,1,82,92562.33,0
411.42,54000.0,1.0,3.0,411.42,-1.1798946660119372,0,1,82,92562.33,0
701.68,169200.0,1.0,1.0,701.68,-0.6713137822135711,0,1,82,92562.33,0
1251.85,25200.0,1.0,2.0,1251.85,0.2926700420796391,0,1,82,92562.33,0
1118.72,280800.0,1.0,1.0,1118.72,0.05940547562171707,0,1,82,92562.33,0
1757.56,302400.0,1.0,1.0,1757.56,1.1787529978629776,0,1,82,92562.33,0
289.77,54000.0,1.0,2.0,289.77,-1.3930444782977198,0,1,82,92562.33,0
1176.52,104400.0,1.0,1.0,1176.52,0.16068010899712376,0,1,82,92562.33,0
1531.93,241200.0,1.0,1.0,1531.93,0.7834139748786694,0,1,82,92562.33,0
1807.51,72000.0,1.0,2.0,1807.51,1.2662732043872262,0,1,82,92562.33,0
1933.61,280800.0,1.0,1.0,1933.61,1.487220112149143,0,1,82,92562.33,0
1121.83,100800.0,1.0,1.0,1121.83,0.06485468167357701,0,1,82,92562.33,0
814.22,396000.0,1.0,1.0,814.22,-0.47412611370027885,0,1,82,92562.33,0
728.63,172800.0,1.0,1.0,728.63,-0.6240931702850725,0,1,82,92562.33,0
282.5,302400.0,1.0,1.0,282.5,-1.4057826545025505,0,1,82,92562.33,0
1814.7,169200.0,1.0,1.0,1814.7,1.2788712080891154,0,1,82,92562.33,0
1748.43,219600.0,1.0,1.0,1748.43,1.1627558109647518,0,1,82,92562.33,0
504.12,309600.0,1.0,1.0,504.12,-1.0174697782281967,0,1,82,92562.33,0
1835.83,39600.0,1.0,2.0,1835.83,1.315894270428602,0,1,82,92562.33,0
317.1,370800.0,1.0,1.0,317.1,-1.345158046980248,0,1,82,92562.33,0
909.92,226800.0,1.0,1.0,909.92,-0.30644475705622315,0,1,82,92562.33,0
1970.56,133200.0,1.0,1.0,1970.56,1.551962286945359,0,1,82,92562.33,0
376.35,270000.0,1.0,1.0,376.35,-1.2413427869890223,0,1,82,92562.33,0
1835.25,97200.0,1.0,1.0,1835.25,1.3148780197822745,0,1,82,92562.33,0
1116.88,230400.0,1.0,1.0,1116.88,0.05618150805405721,0,1,82,92562.33,0
654.17,198000.0,1.0,1.0,654.17,-0.7545587273980966,0,1,82,92562.33,0
1245.69,151200.0,1.0,1.0,1245.69,0.2818767593531254,0,1,82,92562.33,0
645.08,194400.0,1.0,1.0,645.08,-0.7704858280448516,0,1,82,92562.33,0
88.05,0.0,1.0,1.0,88.05,-1.7048640549772145,1,0,19,148198.54,0
755.06,36000.0,1.0,2.0,755.06,-0.5652484860210106,1,0,19,148198.54,0
1738.4,158400.0,1.0,1.0,1738.4,1.1148306335984757,1,0,19,148198.54,0
1862.55,54000.0,1.0,2.0,1862.55,1.3269463033574187,1,0,19,148198.54,0
980.4,208800.0,1.0,1.0,980.4,-0.18024530419676366,1,0,19,148198.54,0
999.79,136800.0,1.0,1.0,999.79,-0.14711664663231816,1,0,19,148198.54,0
1195.38,3600.0,1.0,2.0,1195.38,0.18705736744864623,1,0,19,148198.54,0
381.25,255600.0,1.0,1.0,381.25,-1.203919114394676,1,0,19,148198.54,0
1900.36,136800.0,1.0,1.0,1900.36,1.3915463313363605,1,0,19,148198.54,0
1760.26,288000.0,1.0,1.0,1760.26,1.1521793934932036,1,0,19,148198.54,0
813.73,273600.0,1.0,1.0,813.73,-0.4650082416008962,1,0,19,148198.54,0
643.07,316800.0,1.0,1.0,643.07,-0.7565882673847161,1,0,19,148198.54,0
1520.45,270000.0,1.0,1.0,1520.45,0.7424535878960055,1,0,19,148198.54,0
1755.94,97200.0,1.0,1.0,1755.94,1.1447984857738431,1,0,19,148198.54,0
562.71,86400.0,1.0,1.0,562.71,-0.8938868193124542,1,0,19,148198.54,0
1136.38,64800.0,1.0,2.0,1136.38,0.08625330368885849,1,0,19,148198.54,0
366.46,3600.0,1.0,3.0,366.46,-1.229188472072765,1,0,19,148198.54,0
255.17,0.0,1.0,1.0,255.17,-1.1229388008735093,2,0,19,150563.01,0
948.66,111600.0,1.0,1.0,948.66,-0.0032361783008309692,2,0,19,150563.01,0
48.85,57600.0,1.0,2.0,48.85,-1.456061189212483,2,0,19,150563.01,0
1587.5,90000.0,1.0,1.0,1587.5,1.0282290532156002,2,0,19,150563.01,0
1008.76,406800.0,1.0,1.0,1008.76,0.09380073299798804,2,0,19,150563.01,0
64.94,288000.0,1.0,1.0,64.94,-1.4300824221110187,2,0,19,150563.01,0
399.07,428400.0,1.0,1.0,399.07,-0.8905991746522106,2,0,19,150563.01,0
1921.24,414000.0,1.0,1.0,1921.24,1.5670826102350317,2,0,19,150563.01,0
505.4,392400.0,1.0,1.0,505.4,-0.7189197274242002,2,0,19,150563.01,0
1985.15,378000.0,1.0,1.0,1985.15,1.6702711127493002,2,0,19,150563.01,0
1858.17,302400.0,1.0,1.0,1858.17,1.465250364051729,2,0,19,150563.01,0
1321.25,187200.0,1.0,1.0,1321.25,0.5983442340257408,2,0,19,150563.01,0
1610.58,374400.0,1.0,1.0,1610.58,1.065493810499739,2,0,19,150563.01,0
1052.52,432000.0,1.0,1.0,1052.52,0.16445522947779365,2,0,19,150563.01,0
720.7,255600.0,1.0,1.0,720.7,-0.3712983130708603,2,0,19,150563.01,0
1116.59,64800.0,1.0,2.0,1116.59,0.2679020665312932,2,0,19,150563.01,0
1712.11,216000.0,1.0,1.0,1712.11,1.2294232215508052,2,0,19,150563.01,0
1343.97,183600.0,1.0,1.0,1343.97,0.6350277385966088,2,0,19,150563.01,0
540.12,273600.0,1.0,1.0,540.12,-0.6628611324109723,2,0,19,150563.01,0
667.34,370800.0,1.0,1.0,667.34,-0.45745288190455385,2,0,19,150563.01,0
204.55,388800.0,1.0,1.0,204.55,-1.2046693907228638,2,0,19,150563.01,0
1121.87,414000.0,1.0,1.0,1121.87,0.27642710632593154,2,0,19,150563.01,0
973.14,57600.0,1.0,2.0,973.14,0.03628900620158317,2,0,19,150563.01,0
1424.57,244800.0,1.0,1.0,1424.57,0.7651637627344591,2,0,19,150563.01,0
656.67,90000.0,1.0,1.0,656.67,-0.47468056648955226,2,0,19,150563.01,0
140.05,147600.0,1.0,1.0,140.05,-1.3088105018505483,2,0,19,150563.01,0
96.6,298800.0,1.0,1.0,96.6,-1.3789644751605927,2,0,19,150563.01,0
1434.48,136800.0,1.0,1.0,1434.48,0.781164358258108,2,0,19,150563.01,0
149.81,180000.0,1.0,1.0,149.81,-1.293052094957429,2,0,19,150563.01,0
1650.1,111600.0,1.0,1.0,1650.1,1.1293024416899107,2,0,19,150563.01,0
1286.7,0.0,1.0,1.0,1286.7,0.7038429523770666,1,0,36,130473.4,0
1603.01,46800.0,1.0,2.0,1603.01,1.1984875519293319,1,0,36,130473.4,0
156.48,417600.0,1.0,1.0,156.48,-1.0635915874919266,1,0,36,130473.4,0
589.74,295200.0,1.0,1.0,589.74,-0.38606093970331906,1,0,36,130473.4,0
1086.94,205200.0,1.0,1.0,1086.94,0.39145888229847126,1,0,36,130473.4,0
462.44,403200.0,1.0,1.0,462.44,-0.5851322859238096,1,0,36,130473.4,0
193.32,118800.0,1.0,1.0,193.32,-1.0059813094497987,1,0,36,130473.4,0
607.9,302400.0,1.0,1.0,607.9,-0.35766238787799226,1,0,36,130473.4,0
112.98,118800.0,1.0,1.0,112.98,-1.1316167529325498,1,0,36,130473.4,0
1918.39,295200.0,1.0,1.0,1918.39,1.6916778203583838,1,0,36,130473.4,0
331.35,356400.0,1.0,1.0,331.35,-0.7901304224206211,1,0,36,130473.4,0
1276.71,327600.0,1.0,1.0,1276.71,0.6882206212793235,1,0,36,130473.4,0
1321.64,248400.0,1.0,1.0,1321.64,0.7584820162965007,1,0,36,130473.4,0
1751.15,64800.0,1.0,2.0,1751.15,1.4301484256850545,1,0,36,130473.4,0
95.39,61200.0,1.0,2.0,95.39,-1.1591239405210685,1,0,36,130473.4,0
1449.52,50400.0,1.0,2.0,1449.52,0.958460364722866,1,0,36,130473.4,0
66.69,280800.0,1.0,1.0,66.69,-1.204004911742813,1,0,36,130473.4,0
294.28,223200.0,1.0,1.0,294.28,-0.8481003737512857,1,0,36,130473.4,0
306.12,100800.0,1.0,1.0,306.12,-0.8295850183761827,1,0,36,130473.4,0
551.82,241200.0,1.0,1.0,551.82,-0.44536011840466233,1,0,36,130473.4,0
1018.71,18000.0,1.0,2.0,1018.71,0.28476101935562703,1,0,36,130473.4,0
1924.23,370800.0,1.0,1.0,1924.23,1.700810394293401,1,0,36,130473.4,0
961.52,0.0,1.0,1.0,961.52,0.23547883365863947,1,0,24,164201.35,0
334.58,183600.0,1.0,1.0,334.58,-0.8727956579061861,1,0,24,164201.35,0
1390.16,324000.0,1.0,1.0,1390.16,0.9932080869593491,1,0,24,164201.35,0
963.22,64800.0,1.0,2.0,963.22,0.23848401220149884,1,0,24,164201.35,0
35.59,367200.0,1.0,1.0,35.59,-1.401335853511774,1,0,24,164201.35,0
758.18,270000.0,1.0,1.0,758.18,-0.12397587510901241,1,0,24,164201.35,0
1371.94,21600.0,1.0,2.0,1371.94,0.9609996439882337,1,0,24,164201.35,0
476.52,424800.0,1.0,1.0,476.52,-0.6218809270982757,1,0,24,164201.35,0
1113.79,356400.0,1.0,1.0,1113.79,0.5046544434946301,1,0,24,164201.35,0
1129.04,421200.0,1.0,1.0,1129.04,0.531612662776162,1,0,24,164201.35,0
1602.18,79200.0,1.0,2.0,1602.18,1.3680068838164237,1,0,24,164201.35,0
1419.25,118800.0,1.0,1.0,1419.25,1.0446319950839236,1,0,24,164201.35,0
13.05,18000.0,1.0,2.0,13.05,-1.44118098548592,1,0,24,164201.35,0
1447.28,374400.0,1.0,1.0,1447.28,1.0941820859994211,1,0,24,164201.35,0
1551.66,133200.0,1.0,1.0,1551.66,1.2787000485309818,1,0,24,164201.35,0
29.89,147600.0,1.0,1.0,29.89,-1.4114120403907726,1,0,24,164201.35,0
685.5,122400.0,1.0,1.0,685.5,-0.2524560965766672,1,0,24,164201.35,0
49.5,136800.0,1.0,1.0,49.5,-1.3767464220228487,1,0,24,164201.35,0
1921.67,403200.0,1.0,1.0,1921.67,1.9327859971447265,1,0,24,164201.35,0
1591.52,244800.0,1.0,1.0,1591.52,1.3491626466006117,1,0,24,164201.35,0
841.66,252000.0,1.0,1.0,841.66,0.02359606886621913,1,0,24,164201.35,0
1553.76,396000.0,1.0,1.0,1553.76,1.2824123279074549,1,0,24,164201.35,0
80.97,367200.0,1.0,1.0,80.97,-1.321115263938271,1,0,24,164201.35,0
588.87,75600.0,1.0,2.0,588.87,-0.4232739804569573,1,0,24,164201.35,0
632.75,68400.0,1.0,2.0,632.75,-0.3457050190095069,1,0,24,164201.35,0
769.63,90000.0,1.0,1.0,769.63,-0.10373511374681299,1,0,24,164201.35,0
174.09,136800.0,1.0,1.0,174.09,-1.1565021898729433,1,0,24,164201.35,0
1000.26,396000.0,1.0,1.0,1000.26,0.3039615493941506,1,0,24,164201.35,0
405.42,7200.0,1.0,2.0,405.42,-0.7475681002731553,1,0,24,164201.35,0
486.58,417600.0,1.0,1.0,486.58,-0.6040973411328848,1,0,24,164201.35,0
297.64,345600.0,1.0,1.0,297.64,-0.9380964198904345,1,0,24,164201.35,0
1489.59,0.0,1.0,1.0,1489.59,0.5709471601363525,0,1,65,47355.04,0
1679.57,309600.0,1.0,1.0,1679.57,0.879041920311721,0,1,65,47355.04,0
1058.07,54000.0,1.0,2.0,1058.07,-0.12885835050095168,0,1,65,47355.04,0
1512.27,136800.0,1.0,1.0,1512.27,0.6077278168411496,0,1,65,47355.04,0
1348.28,381600.0,1.0,1.0,1348.28,0.3417816134452201,0,1,65,47355.04,0
1170.3,208800.0,1.0,1.0,1170.3,0.05314751819302464,0,1,65,47355.04,0
1288.58,144000.0,1.0,1.0,1288.58,0.24496480545243396,0,1,65,47355.04,0
997.36,61200.0,1.0,2.0,997.36,-0.22731309779143805,0,1,65,47355.04,0
61.4,54000.0,1.0,2.0,61.4,-1.7451800929158614,0,1,65,47355.04,0
1897.58,176400.0,1.0,1.0,1897.58,1.232593550303468,0,1,65,47355.04,0
712.36,230400.0,1.0,1.0,712.36,-0.6895038897167988,0,1,65,47355.04,0
1888.8,90000.0,1.0,1.0,1888.8,1.2183548304680132,0,1,65,47355.04,0
1395.56,226800.0,1.0,1.0,1395.56,0.4184566332425221,0,1,65,47355.04,0
853.08,126000.0,1.0,1.0,853.08,-0.4612951590510557,0,1,65,47355.04,0
684.02,313200.0,1.0,1.0,684.02,-0.735463493377026,0,1,65,47355.04,0
1811.32,3600.0,1.0,2.0,1811.32,1.0927038039473922,0,1,65,47355.04,0
187.42,302400.0,1.0,1.0,187.42,-1.5408106767810055,0,1,65,47355.04,0
1818.06,255600.0,1.0,1.0,1818.06,1.1036342107459078,0,1,65,47355.04,0
1860.46,298800.0,1.0,1.0,1860.46,1.1723952268077862,0,1,65,47355.04,0
64.97,162000.0,1.0,1.0,64.97,-1.7393905451012175,0,1,65,47355.04,0
1111.43,399600.0,1.0,1.0,1111.43,-0.042323260475908474,0,1,65,47355.04,0
135.13,316800.0,1.0,1.0,135.13,-1.6256105241837322,0,1,65,47355.04,0
1655.6,0.0,1.0,1.0,1655.6,1.1819447244209078,0,1,81,178190.34,0
485.04,25200.0,1.0,2.0,485.04,-0.8211934685045744,0,1,81,178190.34,0
593.14,399600.0,1.0,1.0,593.14,-0.6362057372859743,0,1,81,178190.34,0
1316.23,126000.0,1.0,1.0,1316.23,0.6011927693454561,0,1,81,178190.34,0
140.57,176400.0,1.0,1.0,140.57,-1.4106728743590722,0,1,81,178190.34,0
1920.13,140400.0,1.0,1.0,1920.13,1.634625617476008,0,1,81,178190.34,0
1202.53,208800.0,1.0,1.0,1202.53,0.4066219549184917,0,1,81,178190.34,0
743.3,50400.0,1.0,2.0,743.3,-0.37924220611312504,0,1,81,178190.34,0
1610.86,374400.0,1.0,1.0,1610.86,1.105382734645513,0,1,81,178190.34,0
1522.35,259200.0,1.0,1.0,1522.35,0.9539186820076009,0,1,81,178190.34,0
160.31,277200.0,1.0,1.0,160.31,-1.3768925060495887,0,1,81,178190.34,0
890.82,198000.0,1.0,1.0,890.82,-0.12679641416707588,0,1,81,178190.34,0
533.09,262800.0,1.0,1.0,533.09,-0.7389671920470929,0,1,81,178190.34,0
1860.14,417600.0,1.0,1.0,1860.14,1.5319668386064074,0,1,81,178190.34,0
1861.07,194400.0,1.0,1.0,1861.07,1.533558314924939,0,1,81,178190.34,0
372.09,165600.0,1.0,1.0,372.09,-1.0144808342875613,0,1,81,178190.34,0
999.74,334800.0,1.0,1.0,999.74,0.05959455423560615,0,1,81,178190.34,0
715.44,255600.0,1.0,1.0,715.44,-0.42691804507473635,0,1,81,178190.34,0
812.9,7200.0,1.0,2.0,812.9,-0.26013817195202815,0,1,81,178190.34,0
1710.52,309600.0,1.0,1.0,1710.52,1.2759273904572217,0,1,81,178190.34,0
944.99,194400.0,1.0,1.0,944.99,-0.03409719677473946,0,1,81,178190.34,0
307.14,162000.0,1.0,1.0,307.14,-1.1256274868559988,0,1,81,178190.34,0
374.06,183600.0,1.0,1.0,374.06,-1.0111096425160475,0,1,81,178190.34,0
360.08,97200.0,1.0,1.0,360.08,-1.035033125239785,0,1,81,178190.34,0
989.59,338400.0,1.0,1.0,989.59,0.04222521592044622,0,1,81,178190.34,0
1811.98,82800.0,1.0,2.0,1811.98,1.449552323014476,0,1,81,178190.34,0
1260.37,140400.0,1.0,1.0,1260.37,0.5056015143420238,0,1,81,178190.34,0
1573.53,417600.0,1.0,1.0,1573.53,1.0415012174726144,0,1,81,178190.34,0
404.86,360000.0,1.0,1.0,404.86,-0.9584026848700449,0,1,81,178190.34,0
39.69,122400.0,1.0,1.0,39.69,-1.5833052732983173,0,1,81,178190.34,0
183.29,284400.0,1.0,1.0,183.29,-1.337567639598123,0,1,81,178190.34,0
699.69,205200.0,1.0,1.0,699.69,-0.45387046659826047,0,1,81,178190.34,0
944.76,205200.0,1.0,1.0,944.76,-0.03449078769222588,0,1,81,178190.34,0
1033.88,288000.0,1.0,1.0,1033.88,0.1180171365094547,0,1,81,178190.34,0
1738.25,216000.0,1.0,1.0,1738.25,1.3233807649872105,0,1,81,178190.34,0
788.73,0.0,1.0,1.0,788.73,-0.35373727335719024,1,0,30,81552.06,0
1398.6,288000.0,1.0,1.0,1398.6,0.7142762660761447,1,0,30,81552.06,0
603.32,216000.0,1.0,1.0,603.32,-0.6784300609124637,1,0,30,81552.06,0
1258.77,18000.0,1.0,2.0,1258.77,0.4694038617621709,1,0,30,81552.06,0
125.63,277200.0,1.0,1.0,125.63,-1.5149679913761853,1,0,30,81552.06,0
1573.66,147600.0,1.0,1.0,1573.66,1.020843977577284,1,0,30,81552.06,0
1577.5,262800.0,1.0,1.0,1577.5,1.0275686434756293,1,0,30,81552.06,0
24.1,396000.0,1.0,1.0,24.1,-1.692768858214473,1,0,30,81552.06,0
1620.92,237600.0,1.0,1.0,1620.92,1.1036064021491097,1,0,30,81552.06,0
761.54,172800.0,1.0,1.0,761.54,-0.40135281131969447,1,0,30,81552.06,0
880.2,280800.0,1.0,1.0,880.2,-0.19355363020050573,1,0,30,81552.06,0
1257.23,118800.0,1.0,1.0,1257.23,0.46670699054252196,1,0,30,81552.06,0
1221.57,345600.0,1.0,1.0,1221.57,0.4042586608719482,1,0,30,81552.06,0
1278.58,57600.0,1.0,2.0,1278.58,0.5040954324512921,1,0,30,81552.06,0
1355.8,219600.0,1.0,1.0,1355.8,0.6393242607508348,1,0,30,81552.06,0
657.05,378000.0,1.0,1.0,657.05,-0.5843372747879568,1,0,30,81552.06,0
866.67,334800.0,1.0,1.0,866.67,-0.21724757020170782,1,0,30,81552.06,0
486.72,144000.0,1.0,1.0,486.72,-0.8826217389716023,1,0,30,81552.06,0
1192.37,324000.0,1.0,1.0,1192.37,0.35312318060327874,1,0,30,81552.06,0
1625.02,306000.0,1.0,1.0,1625.02,1.1107863839676557,1,0,30,81552.06,0
96.47,129600.0,1.0,1.0,96.47,-1.566033423041747,1,0,30,81552.06,0
1871.29,100800.0,1.0,1.0,1871.29,1.5420581211513955,1,0,30,81552.06,0
1617.37,381600.0,1.0,1.0,1617.37,1.0973895886232952,1,0,30,81552.06,0
634.85,57600.0,1.0,2.0,634.85,-0.623214249512767,1,0,30,81552.06,0
24.47,234000.0,1.0,1.0,24.47,-1.692120908635726,1,0,30,81552.06,0
429.36,169200.0,1.0,1.0,429.36,-0.9830714358281393,1,0,30,81552.06,0
1598.96,241200.0,1.0,1.0,1598.96,1.065149719042946,1,0,30,81552.06,0
69.62,316800.0,1.0,1.0,69.62,-1.613053547877835,1,0,30,81552.06,0
1654.05,154800.0,1.0,1.0,1654.05,1.161624157673117,1,0,30,81552.06,0
1171.34,410400.0,1.0,1.0,1171.34,0.3162951275193707,1,0,30,81552.06,0
1055.85,0.0,1.0,1.0,1055.85,0.31499398297331754,0,0,40,113321.68,0
1250.21,25200.0,1.0,2.0,1250.21,0.7071174091610718,0,0,40,113321.68,0
496.43,190800.0,1.0,1.0,496.43,-0.8136419867630137,0,0,40,113321.68,0
836.97,21600.0,1.0,2.0,836.97,-0.12659881144927745,0,0,40,113321.68,0
776.89,284400.0,1.0,1.0,776.89,-0.247810868690275,0,0,40,113321.68,0
722.0,219600.0,1.0,1.0,722.0,-0.35855204415562697,0,0,40,113321.68,0
719.87,111600.0,1.0,1.0,719.87,-0.3628493424566144,0,0,40,113321.68,0
767.24,122400.0,1.0,1.0,767.24,-0.26727984925578135,0,0,40,113321.68,0
32.55,237600.0,1.0,1.0,32.55,-1.7495249613461346,0,0,40,113321.68,0
1260.01,36000.0,1.0,2.0,1260.01,0.7268890163674927,0,0,40,113321.68,0
1978.9,104400.0,1.0,1.0,1978.9,2.1772574556148405,0,0,40,113321.68,0
765.73,0.0,1.0,1.0,765.73,-0.45377100457481184,0,0,22,107701.32,0
1499.61,50400.0,1.0,2.0,1499.61,0.7429793944259038,0,0,22,107701.32,0
89.99,165600.0,1.0,1.0,89.99,-1.555711532482295,0,0,22,107701.32,0
20.65,262800.0,1.0,1.0,20.65,-1.6687854310307084,0,0,22,107701.32,0
844.25,345600.0,1.0,1.0,844.25,-0.32572712638009854,0,0,22,107701.32,0
606.55,414000.0,1.0,1.0,606.55,-0.7133484947815677,0,0,22,107701.32,0
733.89,266400.0,1.0,1.0,733.89,-0.5056930254831113,0,0,22,107701.32,0
1879.02,3600.0,1.0,2.0,1879.02,1.361689631637521,0,0,22,107701.32,0
10.24,46800.0,1.0,3.0,10.24,-1.685761192263604,0,0,22,107701.32,0
901.11,3600.0,1.0,4.0,901.11,-0.23300457271031502,0,0,22,107701.32,0
1867.68,352800.0,1.0,1.0,1867.68,1.3431973038391507,0,0,22,107701.32,0
835.99,385200.0,1.0,1.0,835.99,-0.3391968466282943,0,0,22,107701.32,0
1720.35,277200.0,1.0,1.0,1720.35,1.1029438069666706,0,0,22,107701.32,0
1515.84,208800.0,1.0,1.0,1515.84,0.7694459270685452,0,0,22,107701.32,0
1263.7,230400.0,1.0,1.0,1263.7,0.35827700898378967,0,0,22,107701.32,0
1119.23,169200.0,1.0,1.0,1119.23,0.12268736197932924,0,0,22,107701.32,0
1700.97,270000.0,1.0,1.0,1700.97,1.07134051660226,0,0,22,107701.32,0
1893.24,313200.0,1.0,1.0,1893.24,1.3848784236386522,0,0,22,107701.32,0
493.88,403200.0,1.0,1.0,493.88,-0.8970813495472114,0,0,22,107701.32,0
1435.16,234000.0,1.0,1.0,1435.16,0.6378797007217616,0,0,22,107701.32,0
726.81,205200.0,1.0,1.0,726.81,-0.5172384999815649,0,0,22,107701.32,0
627.52,0.0,1.0,1.0,627.52,-0.8583136235912424,2,0,39,42137.21,0
598.38,169200.0,1.0,1.0,598.38,-0.9082931289089575,2,0,39,42137.21,0
13.45,378000.0,1.0,1.0,13.45,-1.9115365072717263,2,0,39,42137.21,0
1085.53,237600.0,1.0,1.0,1085.53,-0.07275723270014137,2,0,39,42137.21,0
1347.64,320400.0,1.0,1.0,1347.64,0.376801042482642,2,0,39,42137.21,0
1444.12,324000.0,1.0,1.0,1444.12,0.542278828105605,2,0,39,42137.21,0
918.04,388800.0,1.0,1.0,918.04,-0.36002790345045366,2,0,39,42137.21,0
1645.0,147600.0,1.0,1.0,1645.0,0.88681839667879,2,0,39,42137.21,0
560.27,410400.0,1.0,1.0,560.27,-0.9736575402904991,2,0,39,42137.21,0
1573.22,414000.0,1.0,1.0,1573.22,0.7637048451446243,2,0,39,42137.21,0
1058.35,3600.0,1.0,2.0,1058.35,-0.11937504170959569,2,0,39,42137.21,0
1284.24,370800.0,1.0,1.0,1284.24,0.268060457817469,2,0,39,42137.21,0
87.29,151200.0,1.0,1.0,87.29,-1.7848897443115315,2,0,39,42137.21,0
1518.3,68400.0,1.0,2.0,1518.3,0.6695087424662127,2,0,39,42137.21,0
1445.89,183600.0,1.0,1.0,1445.89,0.5453146456901062,2,0,39,42137.21,0
672.52,230400.0,1.0,1.0,672.52,-0.7811318205954573,2,0,39,42137.21,0
1628.3,331200.0,1.0,1.0,1628.3,0.8581753720114652,2,0,39,42137.21,0
1937.76,417600.0,1.0,1.0,1937.76,1.3889460554575912,2,0,39,42137.21,0
1400.52,122400.0,1.0,1.0,1400.52,0.46749823675857777,2,0,39,42137.21,0
1553.27,212400.0,1.0,1.0,1553.27,0.7294875791498262,2,0,39,42137.21,0
1737.18,136800.0,1.0,1.0,1737.18,1.0449210322377118,2,0,39,42137.21,0
1776.28,399600.0,1.0,1.0,1776.28,1.1119834432851605,2,0,39,42137.21,0
1076.48,3600.0,1.0,2.0,1076.48,-0.08827935085818252,2,0,39,42137.21,0
1646.21,100800.0,1.0,1.0,1646.21,0.8888937296037879,2,0,39,42137.21,0
1871.28,252000.0,1.0,1.0,1871.28,1.2749228051651513,2,0,39,42137.21,0
576.12,396000.0,1.0,1.0,576.12,-0.9464723941242059,2,0,39,42137.21,0
177.75,39600.0,1.0,2.0,177.75,-1.6297371687782265,2,0,39,42137.21,0
697.66,158400.0,1.0,1.0,697.66,-0.7380129199884787,2,0,39,42137.21,0
1531.02,248400.0,1.0,1.0,1531.02,0.6913254654463546,2,0,39,42137.21,0
1590.8,86400.0,1.0,1.0,1590.8,0.793857202848311,2,0,39,42137.21,0
354.72,90000.0,1.0,1.0,354.72,-1.3262068648634686,2,0,39,42137.21,0
88.55,291600.0,1.0,1.0,88.55,-1.7827286538276494,2,0,39,42137.21,0
1698.7,288000.0,1.0,1.0,1698.7,0.9789220149204271,2,0,39,42137.21,0
643.33,0.0,1.0,1.0,643.33,-0.33954713036836437,0,0,52,24964.29,0
700.0,54000.0,1.0,2.0,700.0,-0.23002206912123438,0,0,52,24964.29,0
1246.52,90000.0,1.0,1.0,1246.52,0.8262270304514059,0,0,52,24964.29,0
318.49,172800.0,1.0,1.0,318.49,-0.9673593925091397,0,0,52,24964.29,0
501.63,320400.0,1.0,1.0,501.63,-0.613408100523973,0,0,52,24964.29,0
1806.09,68400.0,1.0,2.0,1806.09,1.9076976237469163,0,0,52,24964.29,0
777.21,82800.0,1.0,2.0,777.21,-0.08079972963136467,0,0,52,24964.29,0
271.82,147600.0,1.0,1.0,271.82,-1.0575576386429593,0,0,52,24964.29,0
1074.33,324000.0,1.0,1.0,1074.33,0.49343860101531395,0,0,52,24964.29,0
238.79,28800.0,1.0,2.0,238.79,-1.1213941089622237,0,0,52,24964.29,0
1039.52,25200.0,1.0,3.0,1039.52,0.4261619576058805,0,0,52,24964.29,0
1496.26,50400.0,1.0,3.0,1496.26,1.30889491109122,0,0,52,24964.29,0
338.07,205200.0,1.0,1.0,338.07,-0.929517488517278,0,0,52,24964.29,0
641.43,144000.0,1.0,1.0,641.43,-0.3432192252398935,0,0,52,24964.29,0
1625.91,212400.0,1.0,1.0,1625.91,1.5594670690352896,0,0,52,24964.29,0
96.14,241200.0,1.0,1.0,96.14,-1.3970911265535966,0,0,52,24964.29,0
1107.75,57600.0,1.0,2.0,1107.75,0.5580288171239974,0,0,52,24964.29,0
52.01,0.0,1.0,1.0,52.01,-1.8291462163025907,1,0,36,32973.53,0
697.45,10800.0,1.0,2.0,697.45,-0.7134211359626951,1,0,36,32973.53,0
1353.43,345600.0,1.0,1.0,1353.43,0.42052367409147695,1,0,36,32973.53,0
1485.24,381600.0,1.0,1.0,1485.24,0.6483740131463877,1,0,36,32973.53,0
539.93,234000.0,1.0,1.0,539.93,-0.9857144779544224,1,0,36,32973.53,0
1473.11,201600.0,1.0,1.0,1473.11,0.6274057663310012,1,0,36,32973.53,0
804.23,147600.0,1.0,1.0,804.23,-0.5288383334114214,1,0,36,32973.53,0
427.87,414000.0,1.0,1.0,427.87,-1.1794244316339102,1,0,36,32973.53,0
1373.42,100800.0,1.0,1.0,1373.42,0.45507892997272775,1,0,36,32973.53,0
1152.74,18000.0,1.0,2.0,1152.74,0.07360549986395198,1,0,36,32973.53,0
838.69,216000.0,1.0,1.0,838.69,-0.469269843282962,1,0,36,32973.53,0
1769.91,248400.0,1.0,1.0,1769.91,1.1404622918715335,1,0,36,32973.53,0
1037.32,86400.0,1.0,1.0,1037.32,-0.12591264089712703,1,0,36,32973.53,0
313.23,313200.0,1.0,1.0,313.23,-1.3775942432510482,1,0,36,32973.53,0
1549.76,68400.0,1.0,2.0,1549.76,0.7599050341297944,1,0,36,32973.53,0
327.7,388800.0,1.0,1.0,327.7,-1.3525810090038397,1,0,36,32973.53,0
1512.91,140400.0,1.0,1.0,1512.91,0.6962051252141321,1,0,36,32973.53,0
1985.63,349200.0,1.0,1.0,1985.63,1.5133617315265322,1,0,36,32973.53,0
1803.11,432000.0,1.0,1.0,1803.11,1.197852711844396,1,0,36,32973.53,0
1934.61,410400.0,1.0,1.0,1934.61,1.4251671764959457,1,0,36,32973.53,0
1371.04,277200.0,1.0,1.0,1371.04,0.4509647974566007,1,0,36,32973.53,0
1720.86,248400.0,1.0,1.0,1720.86,1.0556731322429513,1,0,36,32973.53,0
780.03,118800.0,1.0,1.0,780.03,-0.5706711094157372,1,0,36,32973.53,0
606.08,255600.0,1.0,1.0,606.08,-0.8713657947856007,1,0,36,32973.53,0
1375.73,255600.0,1.0,1.0,1375.73,0.45907205859132144,1,0,36,32973.53,0
1975.13,331200.0,1.0,1.0,1975.13,1.4952111468965605,1,0,36,32973.53,0
74.94,255600.0,1.0,1.0,74.94,-1.7895087967249477,1,0,36,32973.53,0
1583.67,111600.0,1.0,1.0,1583.67,0.8185227793490649,1,0,36,32973.53,0
605.76,334800.0,1.0,1.0,605.76,-0.8719189554600381,1,0,36,32973.53,0
635.37,158400.0,1.0,1.0,635.37,-0.820734306803518,1,0,36,32973.53,0
1254.04,406800.0,1.0,1.0,1254.04,0.24871542586548795,1,0,36,32973.53,0
758.03,0.0,1.0,1.0,758.03,-0.34405533826269874,1,0,39,104692.12,0
547.08,57600.0,1.0,2.0,547.08,-0.7857996656934658,1,0,39,104692.12,0
1317.4,79200.0,1.0,2.0,1317.4,0.8273052895398533,1,0,39,104692.12,0
893.87,75600.0,1.0,2.0,893.87,-0.059596701437880345,1,0,39,104692.12,0
1542.64,54000.0,1.0,2.0,1542.64,1.2989738949463763,1,0,39,104692.12,0
833.05,313200.0,1.0,1.0,833.05,-0.1869581140680737,1,0,39,104692.12,0
814.03,356400.0,1.0,1.0,814.03,-0.22678734899451686,1,0,39,104692.12,0
1482.71,252000.0,1.0,1.0,1482.71,1.1734762057170522,1,0,39,104692.12,0
1558.56,190800.0,1.0,1.0,1558.56,1.3323115090383304,1,0,39,104692.12,0
422.42,284400.0,1.0,1.0,422.42,-1.0468465860893865,1,0,39,104692.12,0
391.83,187200.0,1.0,1.0,391.83,-1.110904225227131,1,0,39,104692.12,0
1466.46,334800.0,1.0,1.0,1466.46,1.1394475481169102,1,0,39,104692.12,0
475.39,25200.0,1.0,2.0,475.39,-0.935923632669108,1,0,39,104692.12,0
18.68,212400.0,1.0,1.0,18.68,-1.8923069072882392,1,0,39,104692.12,0
1135.82,370800.0,1.0,1.0,1135.82,0.4470638343377732,1,0,39,104692.12,0
603.37,111600.0,1.0,1.0,603.37,-0.6679243957665738,1,0,39,104692.12,0
995.18,244800.0,1.0,1.0,995.18,0.15255365557568215,1,0,39,104692.12,0
984.32,320400.0,1.0,1.0,984.32,0.1298120419426028,1,0,39,104692.12,0
1755.08,302400.0,1.0,1.0,1755.08,1.7438383885201716,1,0,39,104692.12,0
685.25,68400.0,1.0,2.0,685.25,-0.4964618428865965,1,0,39,104692.12,0
1217.76,75600.0,1.0,2.0,1217.76,0.6186520314919666,1,0,39,104692.12,0
591.17,79200.0,1.0,2.0,591.17,-0.6934720648571421,1,0,39,104692.12,0
427.46,43200.0,1.0,2.0,427.46,-1.0362924670552502,1,0,39,104692.12,0
700.19,219600.0,1.0,1.0,700.19,-0.465176418606835,1,0,39,104692.12,0
1150.53,352800.0,1.0,1.0,1150.53,0.4778676222330403,1,0,39,104692.12,0
1014.09,57600.0,1.0,2.0,1014.09,0.19215254266606302,1,0,39,104692.12,0
1991.41,370800.0,1.0,1.0,1991.41,2.2387302439442687,1,0,39,104692.12,0
1609.77,248400.0,1.0,1.0,1609.77,1.439548897081609,1,0,39,104692.12,0
422.52,176400.0,1.0,1.0,422.52,-1.0466371789656934,1,0,39,104692.12,0
1447.27,309600.0,1.0,1.0,1447.27,1.0992623210801884,1,0,39,104692.12,0
1440.48,313200.0,1.0,1.0,1440.48,1.0850435773814213,1,0,39,104692.12,0
432.95,223200.0,1.0,1.0,432.95,-1.0247960159644944,1,0,39,104692.12,0
819.81,338400.0,1.0,1.0,819.81,-0.214683617245051,1,0,39,104692.12,0
943.61,104400.0,1.0,1.0,943.61,0.04456240188710836,1,0,39,104692.12,0
309.1,183600.0,1.0,1.0,309.1,-1.2841467386585002,1,0,39,104692.12,0
424.86,406800.0,1.0,1.0,424.86,-1.0417370522712728,1,0,39,104692.12,0
502.05,259200.0,1.0,1.0,502.05,-0.8800956934925057,1,0,39,104692.12,0
416.61,0.0,1.0,1.0,416.61,-0.6001774861049887,0,1,78,97112.79,0
1378.9,381600.0,1.0,1.0,1378.9,0.9095114639439178,0,1,78,97112.79,0
272.49,82800.0,1.0,2.0,272.49,-0.8262801905714681,0,1,78,97112.79,0
1981.3,295200.0,1.0,1.0,1981.3,1.8545868814474362,0,1,78,97112.79,0
481.19,378000.0,1.0,1.0,481.19,-0.49886113407581,0,1,78,97112.79,0
1723.61,201600.0,1.0,1.0,1723.61,1.4503098490163577,0,1,78,97112.79,0
229.73,201600.0,1.0,1.0,229.73,-0.8933642291711533,0,1,78,97112.79,0
1961.43,208800.0,1.0,1.0,1961.43,1.8234138260925312,0,1,78,97112.79,0
360.8,381600.0,1.0,1.0,360.8,-0.6877350210499943,0,1,78,97112.79,0
1859.45,410400.0,1.0,1.0,1859.45,1.6634224730430476,0,1,78,97112.79,0
239.49,280800.0,1.0,1.0,239.49,-0.8780522502952663,0,1,78,97112.79,0
200.68,360000.0,1.0,1.0,200.68,-0.9389393302310426,0,1,78,97112.79,0
534.13,352800.0,1.0,1.0,534.13,-0.4158061994764802,0,1,78,97112.79,0
1141.97,421200.0,1.0,1.0,1141.97,0.5378037636299922,0,1,78,97112.79,0
390.94,291600.0,1.0,1.0,390.94,-0.6404498731689252,0,1,78,97112.79,0
639.83,309600.0,1.0,1.0,639.83,-0.24997872333085938,0,1,78,97112.79,0
119.14,334800.0,1.0,1.0,119.14,-1.0668633832576644,0,1,78,97112.79,0
296.26,295200.0,1.0,1.0,296.26,-0.7889886190673866,0,1,78,97112.79,0
1335.97,399600.0,1.0,1.0,1335.97,0.84216072079414,0,1,78,97112.79,0
1280.87,421200.0,1.0,1.0,1280.87,0.7557170695583432,0,1,78,97112.79,0
988.49,216000.0,1.0,1.0,988.49,0.29701662040549,0,1,78,97112.79,0
37.92,392400.0,1.0,1.0,37.92,-1.1942854041899946,0,1,78,97112.79,0
803.74,115200.0,1.0,1.0,803.74,0.007171528466952295,0,1,78,97112.79,0
1244.24,410400.0,1.0,1.0,1244.24,0.6982500832649272,0,1,78,97112.79,0
60.04,108000.0,1.0,1.0,60.04,-1.1595824356721032,0,1,78,97112.79,0
454.73,0.0,1.0,1.0,454.73,-0.6005649191885655,2,1,87,141438.58,0
556.27,219600.0,1.0,1.0,556.27,-0.43380975805820265,2,1,87,141438.58,0
1167.83,122400.0,1.0,1.0,1167.83,0.5705312537685131,2,1,87,141438.58,0
740.08,154800.0,1.0,1.0,740.08,-0.13194580131827738,2,1,87,141438.58,0
117.29,68400.0,1.0,2.0,117.29,-1.154729401873514,2,1,87,141438.58,0
1434.16,219600.0,1.0,1.0,1434.16,1.0079145713167657,2,1,87,141438.58,0
158.65,122400.0,1.0,1.0,158.65,-1.0868054953898443,2,1,87,141438.58,0
1834.08,165600.0,1.0,1.0,1834.08,1.6646875084770445,2,1,87,141438.58,0
1952.37,370800.0,1.0,1.0,1952.37,1.8589505379246576,2,1,87,141438.58,0
174.16,428400.0,1.0,1.0,174.16,-1.0613340304584682,2,1,87,141438.58,0
1373.41,201600.0,1.0,1.0,1373.41,0.9081472280168884,2,1,87,141438.58,0
135.24,147600.0,1.0,1.0,135.24,-1.125250820602192,2,1,87,141438.58,0
797.41,219600.0,1.0,1.0,797.41,-0.03779498993750435,2,1,87,141438.58,0
599.28,226800.0,1.0,1.0,599.28,-0.36317612126268456,2,1,87,141438.58,0
811.4,421200.0,1.0,1.0,811.4,-0.014819761414619005,2,1,87,141438.58,0
987.26,0.0,1.0,1.0,987.26,-0.4129550343807314,0,1,72,179002.78,0
1498.35,241200.0,1.0,1.0,1498.35,0.5424117870033192,0,1,72,179002.78,0
833.95,385200.0,1.0,1.0,833.95,-0.6995333031521587,0,1,72,179002.78,0
1914.72,18000.0,1.0,2.0,1914.72,1.320721054294163,0,1,72,179002.78,0
773.43,64800.0,1.0,3.0,773.43,-0.8126617150368812,0,1,72,179002.78,0
632.5,356400.0,1.0,1.0,632.5,-1.0760983820381025,0,1,72,179002.78,0
831.57,219600.0,1.0,1.0,831.57,-0.7039821732824567,0,1,72,179002.78,0
1787.65,10800.0,1.0,2.0,1787.65,1.0831925133458538,0,1,72,179002.78,0
1980.29,39600.0,1.0,3.0,1980.29,1.4432892956570387,0,1,72,179002.78,0
645.96,345600.0,1.0,1.0,645.96,-1.0509379652507864,0,1,72,179002.78,0
1549.78,172800.0,1.0,1.0,1549.78,0.6385485058273654,0,1,72,179002.78,0
1210.7,104400.0,1.0,1.0,1210.7,0.004715361381369899,0,1,72,179002.78,0
99.95,122400.0,1.0,1.0,99.95,-2.0715798055213956,0,1,72,179002.78,0
1976.63,82800.0,1.0,2.0,1976.63,1.4364477558768327,0,1,72,179002.78,0
1580.58,428400.0,1.0,1.0,1580.58,0.6961221192782815,0,1,72,179002.78,0
1636.99,57600.0,1.0,2.0,1636.99,0.8015678184590019,0,1,72,179002.78,0
264.11,234000.0,1.0,1.0,264.11,-1.764719922920668,0,1,72,179002.78,0
1256.4,230400.0,1.0,1.0,1256.4,0.09014114497574889,0,1,72,179002.78,0
1840.33,28800.0,1.0,2.0,1840.33,1.1816658236248883,0,1,72,179002.78,0
1464.36,262800.0,1.0,1.0,1464.36,0.4788751921592724,0,1,72,179002.78,0
1490.42,154800.0,1.0,1.0,1490.42,0.5275884508128725,0,1,72,179002.78,0
535.1,75600.0,1.0,2.0,535.1,-1.2581655882108052,0,1,72,179002.78,0
458.42,266400.0,1.0,1.0,458.42,-1.4015014544256184,0,1,72,179002.78,0
503.78,122400.0,1.0,1.0,503.78,-1.3167112237069964,0,1,72,179002.78,0
1948.32,108000.0,1.0,1.0,1948.32,1.383528632604253,0,1,72,179002.78,0
483.73,234000.0,1.0,1.0,483.73,-1.3541901506450118,0,1,72,179002.78,0
1558.57,190800.0,1.0,1.0,1558.57,0.6549794169388443,0,1,72,179002.78,0
1719.22,18000.0,1.0,2.0,1719.22,0.9552781507339643,0,1,72,179002.78,0
1546.94,403200.0,1.0,1.0,1546.94,0.6332397700416318,0,1,72,179002.78,0
1366.79,176400.0,1.0,1.0,1366.79,0.2964902095486915,0,1,72,179002.78,0
1014.84,356400.0,1.0,1.0,1014.84,-0.36140048051786544,0,1,72,179002.78,0
1667.19,72000.0,1.0,2.0,1667.19,0.8580198680115237,0,1,72,179002.78,0
405.81,43200.0,1.0,2.0,405.81,-1.499843915583174,0,1,72,179002.78,0
1621.72,270000.0,1.0,1.0,1621.72,0.7730240172448627,0,1,72,179002.78,0
1452.34,360000.0,1.0,1.0,1452.34,0.45640652872810317,0,1,72,179002.78,0
1117.21,234000.0,1.0,1.0,1117.21,-0.17004298672012869,0,1,72,179002.78,0
925.12,432000.0,1.0,1.0,925.12,-0.5291116687911188,0,1,72,179002.78,0
1560.6,234000.0,1.0,1.0,1560.6,0.6587740414617456,0,1,72,179002.78,0
977.29,410400.0,1.0,1.0,977.29,-0.43159168782571955,0,1,72,179002.78,0
1456.16,0.0,1.0,1.0,1456.16,1.02915361716305,2,0,26,188820.78,0
316.42,158400.0,1.0,1.0,316.42,-1.246393120621266,2,0,26,188820.78,0
1592.29,331200.0,1.0,1.0,1592.29,1.3009438302068834,2,0,26,188820.78,0
360.8,334800.0,1.0,1.0,360.8,-1.1577862767596236,2,0,26,188820.78,0
1299.94,50400.0,1.0,2.0,1299.94,0.717252735052511,2,0,26,188820.78,0
1175.29,345600.0,1.0,1.0,1175.29,0.46838290433250884,2,0,26,188820.78,0
681.11,352800.0,1.0,1.0,681.11,-0.5182716720430268,2,0,26,188820.78,0
643.54,100800.0,1.0,1.0,643.54,-0.5932820173310371,2,0,26,188820.78,0
621.7,0.0,1.0,1.0,621.7,-0.8738138009138414,2,0,31,36738.26,0
535.16,378000.0,1.0,1.0,535.16,-1.0339146485574915,2,0,31,36738.26,0
809.63,309600.0,1.0,1.0,809.63,-0.5261392885765277,2,0,31,36738.26,0
1644.52,295200.0,1.0,1.0,1644.52,1.0184250364663068,2,0,31,36738.26,0
1597.07,262800.0,1.0,1.0,1597.07,0.9306415234007742,2,0,31,36738.26,0
1744.06,194400.0,1.0,1.0,1744.06,1.2025761616621575,2,0,31,36738.26,0
1709.02,21600.0,1.0,2.0,1709.02,1.1377514135522258,2,0,31,36738.26,0
1136.45,334800.0,1.0,1.0,1136.45,0.0784846890857982,2,0,31,36738.26,0
1608.16,97200.0,1.0,1.0,1608.16,0.9511582601741518,2,0,31,36738.26,0
186.33,144000.0,1.0,1.0,186.33,-1.679257596137043,2,0,31,36738.26,0
1552.25,291600.0,1.0,1.0,1552.25,0.847723566486187,2,0,31,36738.26,0
985.04,363600.0,1.0,1.0,985.04,-0.20162704354333344,2,0,31,36738.26,0
1544.42,140400.0,1.0,1.0,1544.42,0.8332378993143615,2,0,31,36738.26,0
1262.56,165600.0,1.0,1.0,1262.56,0.3117908815556466,2,0,31,36738.26,0
1098.05,226800.0,1.0,1.0,1098.05,0.00744386923929748,2,0,31,36738.26,0
711.3,7200.0,1.0,2.0,711.3,-0.7080518879386736,2,0,31,36738.26,0
1800.18,223200.0,1.0,1.0,1800.18,1.306399359833658,2,0,31,36738.26,0
1096.73,122400.0,1.0,1.0,1096.73,0.005001841057074141,2,0,31,36738.26,0
432.32,18000.0,1.0,2.0,432.32,-1.2241708442089008,2,0,31,36738.26,0
1169.58,32400.0,1.0,3.0,1169.58,0.1397758964169064,2,0,31,36738.26,0
649.74,82800.0,1.0,2.0,649.74,-0.8219392022550948,2,0,31,36738.26,0
1142.86,122400.0,1.0,1.0,1142.86,0.09034332594038305,2,0,31,36738.26,0
29.8,208800.0,1.0,1.0,29.8,-1.9688414380790416,2,0,31,36738.26,0
492.49,79200.0,1.0,2.0,492.49,-1.1128550595692148,2,0,31,36738.26,0
529.45,399600.0,1.0,1.0,529.45,-1.044478270466958,2,0,31,36738.26,0
1832.25,172800.0,1.0,1.0,1832.25,1.3657295445335869,2,0,31,36738.26,0
1960.76,194400.0,1.0,1.0,1960.76,1.6034757882438417,2,0,31,36738.26,0
1252.64,216000.0,1.0,1.0,1252.64,0.2934386697619676,2,0,31,36738.26,0
1294.75,194400.0,1.0,1.0,1294.75,0.371343068817596,2,0,31,36738.26,0
391.52,187200.0,1.0,1.0,391.52,-1.2996517152958076,2,0,31,36738.26,0
1235.43,0.0,1.0,1.0,1235.43,0.4732645031777659,2,0,37,132838.03,0
75.79,306000.0,1.0,1.0,75.79,-1.4599201181803576,2,0,37,132838.03,0
298.2,421200.0,1.0,1.0,298.2,-1.089150231287649,2,0,37,132838.03,0
1815.81,388800.0,1.0,1.0,1815.81,1.4407903651209788,2,0,37,132838.03,0
24.28,208800.0,1.0,1.0,24.28,-1.5457901639239995,2,0,37,132838.03,0
238.4,360000.0,1.0,1.0,238.4,-1.1888401698523898,2,0,37,132838.03,0
1355.52,316800.0,1.0,1.0,1355.52,0.6734612376633794,2,0,37,132838.03,0
1840.16,208800.0,1.0,1.0,1840.16,1.4813831745532773,2,0,37,132838.03,0
981.9,302400.0,1.0,1.0,981.9,0.05061583889150022,2,0,37,132838.03,0
1311.41,212400.0,1.0,1.0,1311.41,0.5999274050531671,2,0,37,132838.03,0
1415.92,32400.0,1.0,2.0,1415.92,0.7741514097254253,2,0,37,132838.03,0
1074.34,306000.0,1.0,1.0,1074.34,0.20471847970963758,2,0,37,132838.03,0
354.48,93600.0,1.0,1.0,354.48,-0.9953283292404318,2,0,37,132838.03,0
730.23,122400.0,1.0,1.0,730.23,-0.3689321015531195,2,0,37,132838.03,0
1794.99,126000.0,1.0,1.0,1794.99,1.4060822627644922,2,0,37,132838.03,0
934.57,378000.0,1.0,1.0,934.57,-0.028285913487582803,2,0,37,132838.03,0
164.39,7200.0,1.0,2.0,164.39,-1.3122189717449726,2,0,37,132838.03,0
1508.16,122400.0,1.0,1.0,1508.16,0.9279206393777943,2,0,37,132838.03,0
1779.97,169200.0,1.0,1.0,1779.97,1.3810430842152883,2,0,37,132838.03,0
736.9,342000.0,1.0,1.0,736.9,-0.35781283917474466,2,0,37,132838.03,0
816.45,374400.0,1.0,1.0,816.45,-0.22519854799037808,2,0,37,132838.03,0
1663.02,241200.0,1.0,1.0,1663.02,1.1860809050322378,2,0,37,132838.03,0
197.72,378000.0,1.0,1.0,197.72,-1.2566560009696748,2,0,37,132838.03,0
1792.13,255600.0,1.0,1.0,1792.13,1.4013144830940047,2,0,37,132838.03,0
349.87,165600.0,1.0,1.0,349.87,-1.0030134566113926,2,0,37,132838.03,0
585.59,230400.0,1.0,1.0,585.59,-0.6100550566367997,2,0,37,132838.03,0
573.98,72000.0,1.0,2.0,573.98,-0.6294095748096532,2,0,37,132838.03,0
1249.95,360000.0,1.0,1.0,1249.95,0.49747015381254905,2,0,37,132838.03,0
695.03,198000.0,1.0,1.0,695.03,-0.42761246672835146,2,0,37,132838.03,0
378.19,0.0,1.0,1.0,378.19,0.7172093192997268,1,0,41,15094.96,1
358.97,159.0,2.0,2.0,737.1600000000001,0.5497434966662215,1,0,41,15094.96,1
219.06,270.0,3.0,3.0,956.22,-0.6693066201211755,1,0,41,15094.96,1
365.56,44.0,4.0,4.0,1321.78,0.6071628395983129,1,0,41,15094.96,1
156.62,68.0,5.0,5.0,1478.4,-1.2133527161272153,1,0,41,15094.96,1
159.49,142.0,6.0,6.0,1637.89,-1.188346113059673,1,0,41,15094.96,1
253.86,205.0,7.0,7.0,1891.75,-0.3660906665495836,1,0,41,15094.96,1
270.11,59.0,8.0,8.0,2161.86,-0.22450275719503285,1,0,41,15094.96,1
489.56,220.0,9.0,9.0,2651.42,1.6875875017499617,1,0,41,15094.96,1
249.02,278.0,10.0,10.0,2900.44,-0.4082620807819544,1,0,41,15094.96,1
371.05,124.0,11.0,11.0,3271.4900000000002,0.6549977702048658,1,0,41,15094.96,1
115.04,38.0,12.0,12.0,3386.53,-1.5756435020325827,1,0,41,15094.96,1
221.43,266.0,13.0,13.0,3607.96,-0.6486565681106964,1,0,41,15094.96,1
371.46,31.0,14.0,14.0,3979.42,0.6585701420716573,1,0,41,15094.96,1
484.3,253.0,15.0,15.0,4463.72,1.641756584629658,1,0,41,15094.96,1
415.31,140.0,16.0,16.0,4879.03,1.0406396697760913,1,0,41,15094.96,1
302.08,175.0,17.0,17.0,5181.110000000001,0.05405511739358153,1,0,41,15094.96,1
144.66,219.0,18.0,18.0,5325.77,-1.3175614174121648,1,0,41,15094.96,1
1915.5,0.0,1.0,1.0,1915.5,1.1106947501547129,1,1,86,166903.09,0
1998.82,104400.0,1.0,1.0,1998.82,1.2320568001065837,1,1,86,166903.09,0
577.74,342000.0,1.0,1.0,577.74,-0.8378565693797906,1,1,86,166903.09,0
475.44,46800.0,1.0,2.0,475.44,-0.9868644631637127,1,1,86,166903.09,0
1967.93,43200.0,1.0,2.0,1967.93,1.187063116441038,1,1,86,166903.09,0
114.67,216000.0,1.0,1.0,114.67,-1.5123539826204633,1,1,86,166903.09,0
1339.73,403200.0,1.0,1.0,1339.73,0.27204103555091175,1,1,86,166903.09,0
1346.44,280800.0,1.0,1.0,1346.44,0.2818146715948035,1,1,86,166903.09,0
616.07,406800.0,1.0,1.0,616.07,-0.7820259479845046,1,1,86,166903.09,0
653.54,334800.0,1.0,1.0,653.54,-0.7274479833698072,1,1,86,166903.09,0
1676.71,403200.0,1.0,1.0,1676.71,0.7628785726702284,1,1,86,166903.09,0
1199.22,0.0,1.0,1.0,1199.22,0.4306997478144876,0,0,53,100285.08,0
582.99,93600.0,1.0,1.0,582.99,-0.8010363977831756,0,0,53,100285.08,0
906.53,198000.0,1.0,1.0,906.53,-0.15433644395640977,0,0,53,100285.08,0
589.24,10800.0,1.0,2.0,589.24,-0.7885437393439801,0,0,53,100285.08,0
1030.32,180000.0,1.0,1.0,1030.32,0.09309814615367035,0,0,53,100285.08,0
1168.27,392400.0,1.0,1.0,1168.27,0.3688361032235918,0,0,53,100285.08,0
337.73,212400.0,1.0,1.0,337.73,-1.2912683031907066,0,0,53,100285.08,0
588.84,288000.0,1.0,1.0,588.84,-0.7893432694840886,0,0,53,100285.08,0
1587.68,68400.0,1.0,2.0,1587.68,1.2071634433808642,0,0,53,100285.08,0
1508.02,259200.0,1.0,1.0,1508.02,1.0479370159782548,0,0,53,100285.08,0
1840.8,39600.0,1.0,2.0,1840.8,1.7131061160415273,0,0,53,100285.08,0
1320.44,136800.0,1.0,1.0,1320.44,0.6729973567743707,0,0,53,100285.08,0
96.53,432000.0,1.0,1.0,96.53,-1.7733849776761363,0,0,53,100285.08,0
1015.8,396000.0,1.0,1.0,1015.8,0.06407520206773158,0,0,53,100285.08,0
941.11,0.0,1.0,1.0,941.11,-0.16271953055732205,1,1,82,141213.15,0
1308.83,363600.0,1.0,1.0,1308.83,0.5718297646945223,1,1,82,141213.15,0
238.2,151200.0,1.0,1.0,238.2,-1.5668369164092584,1,1,82,141213.15,0
236.39,367200.0,1.0,1.0,236.39,-1.570452532161477,1,1,82,141213.15,0
1599.54,64800.0,1.0,2.0,1599.54,1.1525455963671638,1,1,82,141213.15,0
545.53,140400.0,1.0,1.0,545.53,-0.9529213423046425,1,1,82,141213.15,0
1463.88,226800.0,1.0,1.0,1463.88,0.8815541969494952,1,1,82,141213.15,0
1135.24,147600.0,1.0,1.0,1135.24,0.2250702407013546,1,1,82,141213.15,0
475.58,183600.0,1.0,1.0,475.58,-1.0926519068724294,1,1,82,141213.15,0
1397.71,352800.0,1.0,1.0,1397.71,0.7493744763283307,1,1,82,141213.15,0
923.63,64800.0,1.0,2.0,923.63,-0.19763718986604134,1,1,82,141213.15,0
1597.02,97200.0,1.0,1.0,1597.02,1.147511700402749,1,1,82,141213.15,0
840.09,295200.0,1.0,1.0,840.09,-0.36451483624192266,1,1,82,141213.15,0
288.05,7200.0,1.0,2.0,288.05,-1.4672576648909716,1,1,82,141213.15,0
43.74,14400.0,1.0,3.0,43.74,-1.9552858883299418,1,1,82,141213.15,0
1250.21,313200.0,1.0,1.0,1250.21,0.45473175618896633,1,1,82,141213.15,0
216.28,432000.0,1.0,1.0,216.28,-1.6106238209886135,1,1,82,141213.15,0
1976.21,349200.0,1.0,1.0,1976.21,1.904973212603736,1,1,82,141213.15,0
1169.78,342000.0,1.0,1.0,1169.78,0.2940665766580572,1,1,82,141213.15,0
1021.19,90000.0,1.0,1.0,1021.19,-0.0027535032436928333,1,1,82,141213.15,0
701.78,180000.0,1.0,1.0,701.78,-0.640799816733282,1,1,82,141213.15,0
1172.4,399600.0,1.0,1.0,1172.4,0.299300230398838,1,1,82,141213.15,0
1226.33,118800.0,1.0,1.0,1226.33,0.4070295991928439,1,1,82,141213.15,0
629.41,64800.0,1.0,2.0,629.41,-0.7853645194891179,1,1,82,141213.15,0
1324.27,72000.0,1.0,2.0,1324.27,0.6026723653653819,1,1,82,141213.15,0
1302.55,295200.0,1.0,1.0,1302.55,0.5592849763387582,1,1,82,141213.15,0
295.84,248400.0,1.0,1.0,295.84,-1.451696534112086,1,1,82,141213.15,0
1186.01,360000.0,1.0,1.0,1186.01,0.3264872637622056,1,1,82,141213.15,0
1583.85,7200.0,1.0,2.0,1583.85,1.12120360125539,1,1,82,141213.15,0
996.16,165600.0,1.0,1.0,996.16,-0.0527528746680204,1,1,82,141213.15,0
1130.64,25200.0,1.0,2.0,1130.64,0.2158813829885339,1,1,82,141213.15,0
1969.59,50400.0,1.0,3.0,1969.59,1.8917492478083284,1,1,82,141213.15,0
1332.75,212400.0,1.0,1.0,1332.75,0.6196118248011909,1,1,82,141213.15,0
749.31,403200.0,1.0,1.0,749.31,-0.5458549456266787,1,1,82,141213.15,0
1722.05,93600.0,1.0,1.0,1722.05,1.397268848192747,1,1,82,141213.15,0
1385.2,93600.0,1.0,1.0,1385.2,0.7243847785049853,1,1,82,141213.15,0
644.79,345600.0,1.0,1.0,644.79,-0.7546417734840778,1,1,82,141213.15,0
836.46,180000.0,1.0,1.0,836.46,-0.37176604352399645,1,1,82,141213.15,0
941.77,0.0,1.0,1.0,941.77,-0.5356991039567489,2,0,41,190692.09,0
1102.8,90000.0,1.0,1.0,1102.8,-0.2179250460264999,2,0,41,190692.09,0
1339.63,97200.0,1.0,1.0,1339.63,0.24943153435989354,2,0,41,190692.09,0
1478.77,198000.0,1.0,1.0,1478.77,0.5240082121243772,2,0,41,190692.09,0
1478.9,255600.0,1.0,1.0,1478.9,0.5242647520705424,2,0,41,190692.09,0
1579.94,403200.0,1.0,1.0,1579.94,0.7236554917667005,2,0,41,190692.09,0
649.7,302400.0,1.0,1.0,649.7,-1.1120654276212079,2,0,41,190692.09,0
194.48,352800.0,1.0,1.0,194.48,-2.0103893837226052,2,0,41,190692.09,0
1897.41,104400.0,1.0,1.0,1897.41,1.3501457741433769,2,0,41,190692.09,0
873.2,313200.0,1.0,1.0,873.2,-0.6710140586377223,2,0,41,190692.09,0
1784.25,169200.0,1.0,1.0,1784.25,1.1268376179278454,2,0,41,190692.09,0
541.19,295200.0,1.0,1.0,541.19,-1.326197347300841,2,0,41,190692.09,0
1586.67,259200.0,1.0,1.0,1586.67,0.7369363674412368,2,0,41,190692.09,0
1536.54,309600.0,1.0,1.0,1536.54,0.6380106174316522,2,0,41,190692.09,0
1034.45,0.0,1.0,1.0,1034.45,-0.5093873525878002,2,0,19,166317.38,0
1939.49,248400.0,1.0,1.0,1939.49,1.159606602877199,2,0,19,166317.38,0
1842.03,273600.0,1.0,1.0,1842.03,0.9798795732435708,2,0,19,166317.38,0
663.65,396000.0,1.0,1.0,663.65,-1.1931836032357515,2,0,19,166317.38,0
1870.07,154800.0,1.0,1.0,1870.07,1.0315884375050826,2,0,19,166317.38,0
1350.44,273600.0,1.0,1.0,1350.44,0.07333319013670384,2,0,19,166317.38,0
779.72,410400.0,1.0,1.0,779.72,-0.9791376733201428,2,0,19,166317.38,0
1004.77,28800.0,1.0,2.0,1004.77,-0.5641205584109696,2,0,19,166317.38,0
217.91,255600.0,1.0,1.0,217.91,-2.0151775103657883,2,0,19,166317.38,0
1312.62,288000.0,1.0,1.0,1312.62,0.003588923147745844,2,0,19,166317.38,0
1647.33,327600.0,1.0,1.0,1647.33,0.6208312183321465,2,0,19,166317.38,0
1496.41,212400.0,1.0,1.0,1496.41,0.342518030231314,2,0,19,166317.38,0
1879.87,248400.0,1.0,1.0,1879.87,1.049660722446695,2,0,19,166317.38,0
1682.19,0.0,1.0,1.0,1682.19,0.8843807207035009,1,0,40,191031.94,0
1856.38,93600.0,1.0,1.0,1856.38,1.1326432931364019,1,0,40,191031.94,0
1071.08,201600.0,1.0,1.0,1071.08,0.013402245248709782,1,0,40,191031.94,0
231.39,10800.0,1.0,2.0,231.39,-1.1833576114949753,1,0,40,191031.94,0
130.83,82800.0,1.0,2.0,130.83,-1.3266797556126197,1,0,40,191031.94,0
1699.33,327600.0,1.0,1.0,1699.33,0.9088093359598296,1,0,40,191031.94,0
1982.83,18000.0,1.0,2.0,1982.83,1.3128649033559339,1,0,40,191031.94,0
620.23,356400.0,1.0,1.0,620.23,-0.6291672523193098,1,0,40,191031.94,0
1740.25,39600.0,1.0,2.0,1740.25,0.9671301607141457,1,0,40,191031.94,0
1395.05,169200.0,1.0,1.0,1395.05,0.47513727935564415,1,0,40,191031.94,0
1585.95,403200.0,1.0,1.0,1585.95,0.7472156138033208,1,0,40,191031.94,0
1840.64,108000.0,1.0,1.0,1840.64,1.1102100140153623,1,0,40,191031.94,0
564.24,385200.0,1.0,1.0,564.24,-0.7089664453299196,1,0,40,191031.94,0
210.46,39600.0,1.0,2.0,210.46,-1.2131878867175518,1,0,40,191031.94,0
112.41,75600.0,1.0,2.0,112.41,-1.3529326781926418,1,0,40,191031.94,0
1167.24,417600.0,1.0,1.0,1167.24,0.15045333294115923,1,0,40,191031.94,0
1879.92,72000.0,1.0,2.0,1879.92,1.1661934450111966,1,0,40,191031.94,0
695.32,3600.0,1.0,3.0,695.32,-0.522145973462966,1,0,40,191031.94,0
752.01,280800.0,1.0,1.0,752.01,-0.44134911238471153,1,0,40,191031.94,0
15.78,46800.0,1.0,2.0,15.78,-1.4906536287305099,1,0,40,191031.94,0
851.14,0.0,1.0,1.0,851.14,-0.35441641946999136,0,1,76,88119.77,0
1255.52,158400.0,1.0,1.0,1255.52,0.3478341957469198,0,1,76,88119.77,0
42.01,388800.0,1.0,1.0,42.01,-1.7595601958448353,0,1,76,88119.77,0
1936.71,169200.0,1.0,1.0,1936.71,1.5307960053804521,0,1,76,88119.77,0
875.31,201600.0,1.0,1.0,875.31,-0.3124425400254276,0,1,76,88119.77,0
405.96,172800.0,1.0,1.0,405.96,-1.1275207492644037,0,1,76,88119.77,0
1193.87,421200.0,1.0,1.0,1193.87,0.2407721490875335,0,1,76,88119.77,0
1001.53,154800.0,1.0,1.0,1001.53,-0.09324754360453992,0,1,76,88119.77,0
307.75,136800.0,1.0,1.0,307.75,-1.2980732813393157,0,1,76,88119.77,0
769.71,129600.0,1.0,1.0,769.71,-0.4958286248142543,0,1,76,88119.77,0
1577.67,316800.0,1.0,1.0,1577.67,0.9072833170984407,0,1,76,88119.77,0
416.03,147600.0,1.0,1.0,416.03,-1.1100330800047118,0,1,76,88119.77,0
420.18,259200.0,1.0,1.0,420.18,-1.1028261458013628,0,1,76,88119.77,0
1625.43,25200.0,1.0,2.0,1625.43,0.990223841809751,0,1,76,88119.77,0
1199.88,32400.0,1.0,3.0,1199.88,0.251209179102504,0,1,76,88119.77,0
1984.35,136800.0,1.0,1.0,1984.35,1.6135281368135932,0,1,76,88119.77,0
432.22,169200.0,1.0,1.0,432.22,-1.0819173535583944,0,1,76,88119.77,0
1638.62,262800.0,1.0,1.0,1638.62,1.01312973630184,0,1,76,88119.77,0
1030.13,331200.0,1.0,1.0,1030.13,-0.043580478974232395,0,1,76,88119.77,0
1799.12,25200.0,1.0,2.0,1799.12,1.29185574585304,0,1,76,88119.77,0
924.63,154800.0,1.0,1.0,924.63,-0.22679290269791855,0,1,76,88119.77,0
812.99,18000.0,1.0,2.0,812.99,-0.4206681158212579,0,1,76,88119.77,0
92.39,421200.0,1.0,1.0,92.39,-1.6720697512268323,0,1,76,88119.77,0
551.78,180000.0,1.0,1.0,551.78,-0.8742881840758931,0,1,76,88119.77,0
585.5,75600.0,1.0,2.0,585.5,-0.8157296729103699,0,1,76,88119.77,0
927.46,313200.0,1.0,1.0,927.46,-0.22187829455443003,0,1,76,88119.77,0
960.89,309600.0,1.0,1.0,960.89,-0.1638234004778157,0,1,76,88119.77,0
1606.3,172800.0,1.0,1.0,1606.3,0.95700248004829,0,1,76,88119.77,0
1939.63,140400.0,1.0,1.0,1939.63,1.5358669084825676,0,1,76,88119.77,0
1395.51,79200.0,1.0,2.0,1395.51,0.5909423208377141,0,1,76,88119.77,0
1809.26,356400.0,1.0,1.0,1809.26,1.309464977858331,0,1,76,88119.77,0
1495.17,25200.0,1.0,2.0,1495.17,0.7640129383571697,0,1,76,88119.77,0
667.88,309600.0,1.0,1.0,667.88,-0.672667687447268,0,1,76,88119.77,0
851.79,421200.0,1.0,1.0,851.79,-0.35328762254657536,0,1,76,88119.77,0
1482.86,201600.0,1.0,1.0,1482.86,0.7426352612383204,0,1,76,88119.77,0
1958.84,169200.0,1.0,1.0,1958.84,1.5692271990961406,0,1,76,88119.77,0
217.31,331200.0,1.0,1.0,217.31,-1.455132348652777,0,1,76,88119.77,0
102.97,0.0,1.0,1.0,102.97,-1.480369630396734,0,0,53,137231.08,0
1573.78,410400.0,1.0,1.0,1573.78,0.8231327729398253,0,0,53,137231.08,0
605.79,356400.0,1.0,1.0,605.79,-0.6928803704340681,0,0,53,137231.08,0
429.89,28800.0,1.0,2.0,429.89,-0.9683653567660218,0,0,53,137231.08,0
1907.06,259200.0,1.0,1.0,1907.06,1.3450977316931712,0,0,53,137231.08,0
1655.03,126000.0,1.0,1.0,1655.03,0.9503820915269273,0,0,53,137231.08,0
1046.92,270000.0,1.0,1.0,1046.92,-0.0020066238700273773,0,0,53,137231.08,0
1064.17,118800.0,1.0,1.0,1064.17,0.02500938530692658,0,0,53,137231.08,0
668.42,0.0,1.0,1.0,668.42,-0.2317200144709843,2,0,31,171611.37,0
177.99,403200.0,1.0,1.0,177.99,-1.7699578383300973,2,0,31,171611.37,0
758.83,374400.0,1.0,1.0,758.83,0.05185171167770671,2,0,31,171611.37,0
763.34,316800.0,1.0,1.0,763.34,0.06599736464674325,2,0,31,171611.37,0
1083.0,165600.0,1.0,1.0,1083.0,1.0686136458179687,2,0,31,171611.37,0
1002.21,136800.0,1.0,1.0,1002.21,0.8152151306586641,2,0,31,171611.37,0
697.51,0.0,1.0,1.0,697.51,-0.2498102154124804,1,0,45,23006.9,0
1116.38,428400.0,1.0,1.0,1116.38,0.5945775866315831,1,0,45,23006.9,0
170.27,208800.0,1.0,1.0,170.27,-1.3126579360649788,1,0,45,23006.9,0
250.0,302400.0,1.0,1.0,250.0,-1.15193255717183,1,0,45,23006.9,0
345.98,39600.0,1.0,2.0,345.98,-0.9584492777768168,1,0,45,23006.9,0
1077.65,428400.0,1.0,1.0,1077.65,0.516502910543139,1,0,45,23006.9,0
1261.16,72000.0,1.0,2.0,1261.16,0.8864353610721959,1,0,45,23006.9,0
847.49,180000.0,1.0,1.0,847.49,0.052530087188729105,1,0,45,23006.9,0
1445.51,223200.0,1.0,1.0,1445.51,1.258061143073349,1,0,45,23006.9,0
19.97,349200.0,1.0,1.0,19.97,-1.6156433173222249,1,0,45,23006.9,0
173.65,385200.0,1.0,1.0,173.65,-1.3058442927605909,1,0,45,23006.9,0
847.26,244800.0,1.0,1.0,847.26,0.052066436904702675,1,0,45,23006.9,0
1864.88,122400.0,1.0,1.0,1864.88,2.10345688051747,1,0,45,23006.9,0
477.45,363600.0,1.0,1.0,477.45,-0.6934227436857313,1,0,45,23006.9,0
954.23,176400.0,1.0,1.0,954.23,0.267704136392977,1,0,45,23006.9,0
1218.09,363600.0,1.0,1.0,1218.09,0.7996118057112535,1,0,45,23006.9,0
572.0,331200.0,1.0,1.0,572.0,-0.5028221595348821,1,0,45,23006.9,0
1444.43,3600.0,1.0,2.0,1444.43,1.2558840026092253,1,0,45,23006.9,0
360.27,403200.0,1.0,1.0,360.27,-0.9296424840431772,1,0,45,23006.9,0
908.82,43200.0,1.0,2.0,908.82,0.17616344335976653,1,0,45,23006.9,0
1044.05,295200.0,1.0,1.0,1044.05,0.44876965165928334,1,0,45,23006.9,0
1402.42,111600.0,1.0,1.0,1402.42,1.1711972702964049,1,0,45,23006.9,0
393.46,154800.0,1.0,1.0,393.46,-0.8627357321873688,1,0,45,23006.9,0
767.61,0.0,1.0,1.0,767.61,-0.5716988305999191,0,0,52,101336.05,0
913.05,194400.0,1.0,1.0,913.05,-0.30896227990137964,0,0,52,101336.05,0
1665.84,403200.0,1.0,1.0,1665.84,1.050948666195661,0,0,52,101336.05,0
1676.42,241200.0,1.0,1.0,1676.42,1.070061377323209,0,0,52,101336.05,0
1679.78,363600.0,1.0,1.0,1679.78,1.0761311986264754,0,0,52,101336.05,0
229.23,406800.0,1.0,1.0,229.23,-1.5442793047822605,0,0,52,101336.05,0
1948.94,133200.0,1.0,1.0,1948.94,1.5623672408845815,0,0,52,101336.05,0
1476.64,86400.0,1.0,1.0,1476.64,0.7091599189998165,0,0,52,101336.05,0
1480.59,428400.0,1.0,1.0,1480.59,0.7162955720200254,0,0,52,101336.05,0
1883.43,14400.0,1.0,2.0,1883.43,1.444023790415238,0,0,52,101336.05,0
317.05,115200.0,1.0,1.0,317.05,-1.385632963457001,0,0,52,101336.05,0
1428.6,270000.0,1.0,1.0,1428.6,0.6223759263185877,0,0,52,101336.05,0
1076.77,259200.0,1.0,1.0,1076.77,-0.013203010921972987,0,0,52,101336.05,0
496.65,316800.0,1.0,1.0,496.65,-1.061186562841918,0,0,52,101336.05,0
1112.11,104400.0,1.0,1.0,1112.11,0.05063850242845583,0,0,52,101336.05,0
1016.6,104400.0,1.0,1.0,1016.6,-0.12189978110576778,0,0,52,101336.05,0
1100.68,392400.0,1.0,1.0,1100.68,0.02999027103073674,0,0,52,101336.05,0
300.29,399600.0,1.0,1.0,300.29,-1.4159098101959142,0,0,52,101336.05,0
1311.61,223200.0,1.0,1.0,1311.61,0.41103414230990964,0,0,52,101336.05,0
1226.25,388800.0,1.0,1.0,1226.25,0.2568317772959705,0,0,52,101336.05,0
558.84,75600.0,1.0,2.0,558.84,-0.948840673898421,0,0,52,101336.05,0
182.75,327600.0,1.0,1.0,182.75,-1.628245166144115,0,0,52,101336.05,0
807.25,0.0,1.0,1.0,807.25,-0.4761403318761048,1,0,42,112163.18,0
1290.95,180000.0,1.0,1.0,1290.95,0.4340163416652068,1,0,42,112163.18,0
1072.28,201600.0,1.0,1.0,1072.28,0.022554774984870508,1,0,42,112163.18,0
1677.21,273600.0,1.0,1.0,1677.21,1.1608245217811195,1,0,42,112163.18,0
1298.57,111600.0,1.0,1.0,1298.57,0.44835455512889233,1,0,42,112163.18,0
1568.93,363600.0,1.0,1.0,1568.93,0.9570788847932072,1,0,42,112163.18,0
546.22,72000.0,1.0,2.0,546.22,-0.9673088174963003,1,0,42,112163.18,0
1600.62,385200.0,1.0,1.0,1600.62,1.0167085415732857,1,0,42,112163.18,0
1378.73,410400.0,1.0,1.0,1378.73,0.599188044794122,1,0,42,112163.18,0
1963.55,21600.0,1.0,2.0,1963.55,1.6996177033023498,1,0,42,112163.18,0
1601.55,28800.0,1.0,3.0,1601.55,1.0184584810117672,1,0,42,112163.18,0
555.33,97200.0,1.0,1.0,555.33,-0.9501669376204239,1,0,42,112163.18,0
269.42,36000.0,1.0,2.0,269.42,-1.4881510073582704,1,0,42,112163.18,0
1904.28,36000.0,1.0,3.0,1904.28,1.5880919930670934,1,0,42,112163.18,0
999.13,421200.0,1.0,1.0,999.13,-0.11508831095589218,1,0,42,112163.18,0
399.83,338400.0,1.0,1.0,399.83,-1.2427643383557434,1,0,42,112163.18,0
1694.92,176400.0,1.0,1.0,1694.92,1.1941486373246726,1,0,42,112163.18,0
1485.39,309600.0,1.0,1.0,1485.39,0.7998854001795187,1,0,42,112163.18,0
1021.49,259200.0,1.0,1.0,1021.49,-0.07301449821993243,1,0,42,112163.18,0
1328.24,241200.0,1.0,1.0,1328.24,0.5041832681823775,1,0,42,112163.18,0
620.53,410400.0,1.0,1.0,620.53,-0.8274830113957115,1,0,42,112163.18,0
831.64,313200.0,1.0,1.0,831.64,-0.43024675886044933,1,0,42,112163.18,0
1956.46,61200.0,1.0,2.0,1956.46,1.6862767671530674,1,0,42,112163.18,0
765.15,68400.0,1.0,2.0,765.15,-0.5553580204353135,1,0,42,112163.18,0
356.78,342000.0,1.0,1.0,356.78,-1.3237695994596372,1,0,42,112163.18,0
731.56,75600.0,1.0,2.0,731.56,-0.6185628223047629,1,0,42,112163.18,0
1177.49,277200.0,1.0,1.0,1177.49,0.22052373017048435,1,0,42,112163.18,0
775.06,360000.0,1.0,1.0,775.06,-0.5367108163112814,1,0,42,112163.18,0
798.64,349200.0,1.0,1.0,798.64,-0.4923413840968836,1,0,42,112163.18,0
1243.38,90000.0,1.0,1.0,1243.38,0.34450599855923175,1,0,42,112163.18,0
69.37,381600.0,1.0,1.0,69.37,-1.8645761521627762,1,0,42,112163.18,0
137.99,273600.0,1.0,1.0,137.99,-1.7354569647771967,1,0,42,112163.18,0
1061.74,338400.0,1.0,1.0,1061.74,0.0027221280154154947,1,0,42,112163.18,0
1862.23,0.0,1.0,1.0,1862.23,1.4975362819728537,2,0,20,137701.27,0
667.98,172800.0,1.0,1.0,667.98,-0.5172015437885721,2,0,20,137701.27,0
225.98,14400.0,1.0,2.0,225.98,-1.2628696358853275,2,0,20,137701.27,0
718.9,414000.0,1.0,1.0,718.9,-0.43129788032801386,2,0,20,137701.27,0
613.82,385200.0,1.0,1.0,613.82,-0.6085711905486632,2,0,20,137701.27,0
1567.13,140400.0,1.0,1.0,1567.13,0.9996931734259024,2,0,20,137701.27,0
1857.18,252000.0,1.0,1.0,1857.18,1.489016770965866,2,0,20,137701.27,0
79.31,100800.0,1.0,1.0,79.31,-1.5103066021021399,2,0,20,137701.27,0
706.99,32400.0,1.0,2.0,706.99,-0.45139043004944446,2,0,20,137701.27,0
595.78,360000.0,1.0,1.0,595.78,-0.6390052457102594,2,0,20,137701.27,0
1558.76,280800.0,1.0,1.0,1558.76,0.9855727165687758,2,0,20,137701.27,0
739.18,270000.0,1.0,1.0,739.18,-0.3970848737494569,2,0,20,137701.27,0
132.1,363600.0,1.0,1.0,132.1,-1.4212481890211723,2,0,20,137701.27,0
180.73,345600.0,1.0,1.0,180.73,-1.3392078285717035,2,0,20,137701.27,0
1381.78,205200.0,1.0,1.0,1381.78,0.6870018139912106,2,0,20,137701.27,0
1389.04,255600.0,1.0,1.0,1389.04,0.6992496654586823,2,0,20,137701.27,0
1433.96,414000.0,1.0,1.0,1433.96,0.7750311376238096,2,0,20,137701.27,0
1955.2,111600.0,1.0,1.0,1955.2,1.654379636095558,2,0,20,137701.27,0
1932.12,93600.0,1.0,1.0,1932.12,1.6154429402457997,2,0,20,137701.27,0
241.14,417600.0,1.0,1.0,241.14,-1.2372942325455385,2,0,20,137701.27,0
1163.9,216000.0,1.0,1.0,1163.9,0.3194313074164573,2,0,20,137701.27,0
609.44,288000.0,1.0,1.0,609.44,-0.6159603901943278,2,0,20,137701.27,0
877.78,18000.0,1.0,2.0,877.78,-0.16326225482499915,2,0,20,137701.27,0
167.58,262800.0,1.0,1.0,167.58,-1.3613922978275232,2,0,20,137701.27,0
841.89,234000.0,1.0,1.0,841.89,-0.22380982909050262,2,0,20,137701.27,0
441.96,57600.0,1.0,2.0,441.96,-0.8985044898874607,2,0,20,137701.27,0
1075.63,61200.0,1.0,2.0,1075.63,0.1705170031418406,2,0,20,137701.27,0
772.44,417600.0,1.0,1.0,772.44,-0.34097419333511714,2,0,20,137701.27,0
757.67,122400.0,1.0,1.0,757.67,-0.36589165424070347,2,0,20,137701.27,0
1000.47,7200.0,1.0,2.0,1000.47,0.043719686847740594,2,0,20,137701.27,0
946.73,410400.0,1.0,1.0,946.73,-0.046941406521670365,2,0,20,137701.27,0
1668.86,118800.0,1.0,1.0,1668.86,1.1713149268399357,2,0,20,137701.27,0
1996.65,212400.0,1.0,1.0,1996.65,1.724307107628161,2,0,20,137701.27,0
674.87,0.0,1.0,1.0,674.87,-0.5988638066840907,0,0,57,154338.4,0
1133.64,266400.0,1.0,1.0,1133.64,0.2629447844478584,0,0,57,154338.4,0
842.27,338400.0,1.0,1.0,842.27,-0.28439956936367256,0,0,57,154338.4,0
225.81,374400.0,1.0,1.0,225.81,-1.4424319692355065,0,0,57,154338.4,0
1908.5,118800.0,1.0,1.0,1908.5,1.7185347422142814,0,0,57,154338.4,0
1461.04,324000.0,1.0,1.0,1461.04,0.8779722115607907,0,0,57,154338.4,0
205.08,392400.0,1.0,1.0,205.08,-1.481373687512999,0,0,57,154338.4,0
962.49,360000.0,1.0,1.0,962.49,-0.05856390263332199,0,0,57,154338.4,0
1139.47,327600.0,1.0,1.0,1139.47,0.273896555675923,0,0,57,154338.4,0
1841.41,162000.0,1.0,1.0,1841.41,1.592504839694408,0,0,57,154338.4,0
1491.11,180000.0,1.0,1.0,1491.11,0.9344593060424213,0,0,57,154338.4,0
1312.51,331200.0,1.0,1.0,1312.51,0.5989556454365272,0,0,57,154338.4,0
424.77,374400.0,1.0,1.0,424.77,-1.0686816427285148,0,0,57,154338.4,0
832.0,18000.0,1.0,2.0,832.0,-0.3036919691084795,0,0,57,154338.4,0
724.9,327600.0,1.0,1.0,724.9,-0.5048814542758439,0,0,57,154338.4,0
188.64,140400.0,1.0,1.0,188.64,-1.51225655526418,0,0,57,154338.4,0
1488.8,50400.0,1.0,2.0,1488.8,0.930119924989792,0,0,57,154338.4,0
1028.67,295200.0,1.0,1.0,1028.67,0.06575654674460689,0,0,57,154338.4,0
180.94,0.0,1.0,1.0,180.94,-1.3508410048093007,1,0,32,100341.85,0
877.5,75600.0,1.0,2.0,877.5,-0.2058922200267857,1,0,32,100341.85,0
567.01,302400.0,1.0,1.0,567.01,-0.7162504780190952,1,0,32,100341.85,0
189.53,410400.0,1.0,1.0,189.53,-1.3367214601020514,1,0,32,100341.85,0
1298.65,61200.0,1.0,2.0,1298.65,0.4863599631464605,1,0,32,100341.85,0
1940.3,129600.0,1.0,1.0,1940.3,1.5410521472450316,1,0,32,100341.85,0
449.72,118800.0,1.0,1.0,449.72,-0.9090422590101673,1,0,32,100341.85,0
498.41,212400.0,1.0,1.0,498.41,-0.8290095894180853,1,0,32,100341.85,0
1091.64,370800.0,1.0,1.0,1091.64,0.14609372917116986,1,0,32,100341.85,0
1063.49,327600.0,1.0,1.0,1063.49,0.09982304424578237,1,0,32,100341.85,0
1842.22,104400.0,1.0,1.0,1842.22,1.379836204883327,1,0,32,100341.85,0
1143.34,237600.0,1.0,1.0,1143.34,0.23107399242667667,1,0,32,100341.85,0
48.13,266400.0,1.0,1.0,48.13,-1.5691433019652756,1,0,32,100341.85,0
1868.4,43200.0,1.0,2.0,1868.4,1.42286876372335,1,0,32,100341.85,0
1977.51,244800.0,1.0,1.0,1977.51,1.602214924725446,1,0,32,100341.85,0
1756.65,75600.0,1.0,2.0,1756.65,1.2391831850230999,1,0,32,100341.85,0
1016.51,367200.0,1.0,1.0,1016.51,0.022601133844549766,1,0,32,100341.85,0
1448.04,424800.0,1.0,1.0,1448.04,0.7319151184218995,1,0,32,100341.85,0
1945.84,248400.0,1.0,1.0,1945.84,1.5501583495358537,1,0,32,100341.85,0
1540.83,79200.0,1.0,2.0,1540.83,0.8844357881990466,1,0,32,100341.85,0
377.04,367200.0,1.0,1.0,377.04,-1.0285077432153948,1,0,32,100341.85,0
801.38,349200.0,1.0,1.0,801.38,-0.3310120969902132,1,0,32,100341.85,0
1309.34,262800.0,1.0,1.0,1309.34,0.503931317386332,1,0,32,100341.85,0
1446.54,183600.0,1.0,1.0,1446.54,0.7294495401843123,1,0,32,100341.85,0
397.17,345600.0,1.0,1.0,397.17,-0.9954196832669738,1,0,32,100341.85,0
786.0,345600.0,1.0,1.0,786.0,-0.35629249251960776,1,0,32,100341.85,0
144.89,388800.0,1.0,1.0,144.89,-1.4100970684526477,1,0,32,100341.85,0
321.72,158400.0,1.0,1.0,321.72,-1.1194382686176123,1,0,32,100341.85,0
326.36,316800.0,1.0,1.0,326.36,-1.1118114132693426,1,0,32,100341.85,0
731.29,154800.0,1.0,1.0,731.29,-0.44622034943854,1,0,32,100341.85,0
1319.61,241200.0,1.0,1.0,1319.61,0.5208123097196793,1,0,32,100341.85,0
1382.32,288000.0,1.0,1.0,1382.32,0.6238899172390769,1,0,32,100341.85,0
1746.93,0.0,1.0,1.0,1746.93,1.4670744020567328,2,0,50,20675.41,0
734.29,360000.0,1.0,1.0,734.29,-0.2329828616609294,2,0,50,20675.41,0
822.41,90000.0,1.0,1.0,822.41,-0.08504376575438773,2,0,50,20675.41,0
865.72,385200.0,1.0,1.0,865.72,-0.012333345376354032,2,0,50,20675.41,0
1279.42,421200.0,1.0,1.0,1279.42,0.6822014251245119,2,0,50,20675.41,0
1838.33,288000.0,1.0,1.0,1838.33,1.6205200825589785,2,0,50,20675.41,0
148.7,367200.0,1.0,1.0,148.7,-1.2160928840385024,2,0,50,20675.41,0
1482.2,255600.0,1.0,1.0,1482.2,1.022635944733324,2,0,50,20675.41,0
985.63,421200.0,1.0,1.0,985.63,0.18897597135257707,2,0,50,20675.41,0
449.29,381600.0,1.0,1.0,449.29,-0.7114513402510835,2,0,50,20675.41,0
186.3,169200.0,1.0,1.0,186.3,-1.152968621599942,2,0,50,20675.41,0
1246.1,93600.0,1.0,1.0,1246.1,0.6262625840486381,2,0,50,20675.41,0
1797.93,158400.0,1.0,1.0,1797.93,1.5526950771728656,2,0,50,20675.41,0
520.76,370800.0,1.0,1.0,520.76,-0.5914648765148087,2,0,50,20675.41,0
191.2,432000.0,1.0,1.0,191.2,-1.1447423214417252,2,0,50,20675.41,0
313.39,417600.0,1.0,1.0,313.39,-0.9396052568840728,2,0,50,20675.41,0
1006.35,399600.0,1.0,1.0,1006.35,0.22376146916446482,2,0,50,20675.41,0
1804.88,255600.0,1.0,1.0,1804.88,1.5643629927033975,2,0,50,20675.41,0
444.34,396000.0,1.0,1.0,444.34,-0.7197615822476493,2,0,50,20675.41,0
154.16,223200.0,1.0,1.0,154.16,-1.2069264352907754,2,0,50,20675.41,0
1024.76,270000.0,1.0,1.0,1024.76,0.25466885404462175,2,0,50,20675.41,0
164.37,406800.0,1.0,1.0,164.37,-1.189785511899879,2,0,50,20675.41,0
1220.53,0.0,1.0,1.0,1220.53,-0.07140446025694715,1,0,50,161804.51,0
91.37,388800.0,1.0,1.0,91.37,-1.827147406063935,1,0,50,161804.51,0
722.58,288000.0,1.0,1.0,722.58,-0.8456722344117077,1,0,50,161804.51,0
1993.78,345600.0,1.0,1.0,1993.78,1.1309302246816384,1,0,50,161804.51,0
1531.9,187200.0,1.0,1.0,1531.9,0.412748078830447,1,0,50,161804.51,0
1629.46,108000.0,1.0,1.0,1629.46,0.5644451649767236,1,0,50,161804.51,0
1933.49,187200.0,1.0,1.0,1933.49,1.0371846596574583,1,0,50,161804.51,0
126.84,262800.0,1.0,1.0,126.84,-1.7719947241696297,1,0,50,161804.51,0
1106.87,97200.0,1.0,1.0,1106.87,-0.24813560838513302,1,0,50,161804.51,0
1572.29,367200.0,1.0,1.0,1572.29,0.47555092128071447,1,0,50,161804.51,0
564.12,93600.0,1.0,1.0,564.12,-1.0920633810982494,1,0,50,161804.51,0
1822.01,216000.0,1.0,1.0,1822.01,0.8638432168162639,1,0,50,161804.51,0
1420.4,417600.0,1.0,1.0,1420.4,0.23937553777561055,1,0,50,161804.51,0
1731.8,18000.0,1.0,2.0,1731.8,0.7235747241834675,1,0,50,161804.51,0
966.74,298800.0,1.0,1.0,966.74,-0.46602524226866854,1,0,50,161804.51,0
1904.56,277200.0,1.0,1.0,1904.56,0.992201093624127,1,0,50,161804.51,0
1981.28,219600.0,1.0,1.0,1981.28,1.1114938411553115,1,0,50,161804.51,0
1235.32,223200.0,1.0,1.0,1235.32,-0.04840733126859715,1,0,50,161804.51,0
1874.98,396000.0,1.0,1.0,1874.98,0.946206835647427,1,0,50,161804.51,0
1149.49,28800.0,1.0,2.0,1149.49,-0.18186531511376844,1,0,50,161804.51,0
15.68,176400.0,1.0,1.0,15.68,-1.9448385955925498,1,0,50,161804.51,0
386.79,0.0,1.0,1.0,386.79,-1.3079646280279698,2,0,56,32927.17,0
1891.35,43200.0,1.0,2.0,1891.35,1.5273972437781589,2,0,56,32927.17,0
362.99,273600.0,1.0,1.0,362.99,-1.3528160214911655,2,0,56,32927.17,0
853.68,284400.0,1.0,1.0,853.68,-0.4281046660938739,2,0,56,32927.17,0
695.65,180000.0,1.0,1.0,695.65,-0.7259141496648331,2,0,56,32927.17,0
1791.02,111600.0,1.0,1.0,1791.02,1.3383241216704937,2,0,56,32927.17,0
361.05,187200.0,1.0,1.0,361.05,-1.3564719754121153,2,0,56,32927.17,0
685.73,50400.0,1.0,2.0,685.73,-0.744608511982266,2,0,56,32927.17,0
1547.09,421200.0,1.0,1.0,1547.09,0.8786350289193445,2,0,56,32927.17,0
1662.02,93600.0,1.0,1.0,1662.02,1.095222031050651,2,0,56,32927.17,0
519.83,219600.0,1.0,1.0,519.83,-1.0572491075933659,2,0,56,32927.17,0
653.15,158400.0,1.0,1.0,653.15,-0.8060059237062542,2,0,56,32927.17,0
1470.09,54000.0,1.0,2.0,1470.09,0.7335275794795934,2,0,56,32927.17,0
882.73,396000.0,1.0,1.0,882.73,-0.37335958289614946,2,0,56,32927.17,0
744.95,302400.0,1.0,1.0,744.95,-0.6330076917767845,2,0,56,32927.17,0
983.6,262800.0,1.0,1.0,983.6,-0.18326882413007548,2,0,56,32927.17,0
1842.49,36000.0,1.0,2.0,1842.49,1.4353199713154807,2,0,56,32927.17,0
1621.32,158400.0,1.0,1.0,1621.32,1.0185223792039253,2,0,56,32927.17,0
206.9,234000.0,1.0,1.0,206.9,-1.6469695511411753,2,0,56,32927.17,0
941.89,39600.0,1.0,2.0,941.89,-0.26187183343049136,2,0,56,32927.17,0
1066.39,46800.0,1.0,2.0,1066.39,-0.027250048297387097,2,0,56,32927.17,0
1098.94,183600.0,1.0,1.0,1098.94,0.03409082805668943,2,0,56,32927.17,0
1205.24,18000.0,1.0,2.0,1205.24,0.23441448877676133,2,0,56,32927.17,0
325.1,194400.0,1.0,1.0,325.1,-1.4242201936895054,2,0,56,32927.17,0
1667.99,320400.0,1.0,1.0,1667.99,1.1064725696630577,2,0,56,32927.17,0
1643.92,291600.0,1.0,1.0,1643.92,1.0611123578706578,2,0,56,32927.17,0
1078.4,144000.0,1.0,1.0,1078.4,-0.004617055209446712,2,0,56,32927.17,0
855.32,248400.0,1.0,1.0,855.32,-0.42501406587204,2,0,56,32927.17,0
938.01,111600.0,1.0,1.0,938.01,-0.26918374127239053,2,0,56,32927.17,0
771.21,208800.0,1.0,1.0,771.21,-0.5835203979808383,2,0,56,32927.17,0
1887.16,327600.0,1.0,1.0,1887.16,1.5195011371138403,2,0,56,32927.17,0
1635.31,54000.0,1.0,2.0,1635.31,1.0448867067060308,2,0,56,32927.17,0
505.82,154800.0,1.0,1.0,505.82,-1.0836511253420793,2,0,56,32927.17,0
72.6,64800.0,1.0,2.0,72.6,-1.9000595571120658,2,0,56,32927.17,0
1685.16,378000.0,1.0,1.0,1685.16,1.138829646375792,2,0,56,32927.17,0
1780.58,144000.0,1.0,1.0,1780.58,1.3186498129412598,2,0,56,32927.17,0
1408.9,90000.0,1.0,1.0,1408.9,0.6182142699832512,2,0,56,32927.17,0
975.1,338400.0,1.0,1.0,975.1,-0.19928717893835968,2,0,56,32927.17,0
1422.1,54000.0,1.0,2.0,1422.1,0.643089832744351,2,0,56,32927.17,0
1840.97,111600.0,1.0,1.0,1840.97,1.4324555125732934,2,0,56,32927.17,0
486.47,93600.0,1.0,1.0,486.47,-1.1201164389350555,2,0,56,32927.17,0
1006.07,219600.0,1.0,1.0,1006.07,-0.14092383206629353,2,0,56,32927.17,0
657.95,61200.0,1.0,2.0,657.95,-0.7969602645203995,2,0,56,32927.17,0
1438.37,259200.0,1.0,1.0,1438.37,0.6737508483597374,2,0,56,32927.17,0
306.56,0.0,1.0,1.0,306.56,-0.7694743545927699,1,0,56,80647.2,0
324.82,108000.0,1.0,1.0,324.82,-0.7433281061584742,1,0,56,80647.2,0
456.83,334800.0,1.0,1.0,456.83,-0.5543047624667233,1,0,56,80647.2,0
1673.25,115200.0,1.0,1.0,1673.25,1.1874706767690895,1,0,56,80647.2,0
1603.21,32400.0,1.0,2.0,1603.21,1.0871813426870485,1,0,56,80647.2,0
10.66,10800.0,1.0,3.0,10.66,-1.1931695852449105,1,0,56,80647.2,0
682.89,212400.0,1.0,1.0,682.89,-0.23061248858628083,1,0,56,80647.2,0
1693.34,136800.0,1.0,1.0,1693.34,1.2162372775930215,1,0,56,80647.2,0
1903.09,0.0,1.0,1.0,1903.09,1.0899283088622282,2,1,89,76528.69,0
1303.42,399600.0,1.0,1.0,1303.42,0.12702179154701826,2,1,89,76528.69,0
1929.27,385200.0,1.0,1.0,1929.27,1.1319662507691308,2,1,89,76528.69,0
1107.2,334800.0,1.0,1.0,1107.2,-0.18805402819982683,2,1,89,76528.69,0
1722.24,147600.0,1.0,1.0,1722.24,0.7995325184167238,2,1,89,76528.69,0
1995.77,165600.0,1.0,1.0,1995.77,1.2387471192492308,2,1,89,76528.69,0
1228.11,363600.0,1.0,1.0,1228.11,0.006094465152486836,2,1,89,76528.69,0
693.59,183600.0,1.0,1.0,693.59,-0.8521989155991366,2,1,89,76528.69,0
841.47,302400.0,1.0,1.0,841.47,-0.6147439557369236,2,1,89,76528.69,0
75.54,151200.0,1.0,1.0,75.54,-1.8446187015258393,2,1,89,76528.69,0
667.76,108000.0,1.0,1.0,667.76,-0.8936748529350913,2,1,89,76528.69,0
1823.98,0.0,1.0,1.0,1823.98,1.5640191634382605,0,0,56,32439.93,0
509.75,349200.0,1.0,1.0,509.75,-0.537125621167501,0,0,56,32439.93,0
34.29,392400.0,1.0,1.0,34.29,-1.2972743769322115,0,0,56,32439.93,0
621.75,241200.0,1.0,1.0,621.75,-0.3580639532129989,0,0,56,32439.93,0
539.42,302400.0,1.0,1.0,539.42,-0.48969026680848254,0,0,56,32439.93,0
1820.27,270000.0,1.0,1.0,1820.27,1.5580877456872677,0,0,56,32439.93,0
116.61,169200.0,1.0,1.0,116.61,-1.1656640509856524,0,0,56,32439.93,0
1892.93,291600.0,1.0,1.0,1892.93,1.6742540027727508,0,0,56,32439.93,0
280.14,403200.0,1.0,1.0,280.14,-0.9042180281231549,0,0,56,32439.93,0
154.1,90000.0,1.0,1.0,154.1,-1.1057263551676677,0,0,56,32439.93,0
261.05,36000.0,1.0,2.0,261.05,-0.9347384499200426,0,0,56,32439.93,0
879.93,313200.0,1.0,1.0,879.93,0.05470516671997737,0,0,56,32439.93,0
60.72,126000.0,1.0,1.0,60.72,-1.2550190208247338,0,0,56,32439.93,0
924.54,10800.0,1.0,2.0,924.54,0.12602606857221255,0,0,56,32439.93,0
1135.44,32400.0,1.0,3.0,1135.44,0.46320558439010995,0,0,56,32439.93,0
1286.96,36000.0,1.0,4.0,1286.96,0.7054504408942721,0,0,56,32439.93,0
1374.05,230400.0,1.0,1.0,1374.05,0.8446868753778218,0,0,56,32439.93,0
1498.15,378000.0,1.0,1.0,1498.15,1.0430935985309802,0,0,56,32439.93,0
300.34,223200.0,1.0,1.0,300.34,-0.8719229772956464,0,0,56,32439.93,0
555.52,190800.0,1.0,1.0,555.52,-0.4639501520400228,0,0,56,32439.93,0
179.1,237600.0,1.0,1.0,179.1,-1.065757232856395,0,0,56,32439.93,0
121.64,104400.0,1.0,1.0,121.64,-1.1576222635766242,0,0,56,32439.93,0
155.75,356400.0,1.0,1.0,155.75,-1.1030883930951236,0,0,56,32439.93,0
1532.32,86400.0,1.0,1.0,1532.32,1.0977233949060277,0,0,56,32439.93,0
1889.21,219600.0,1.0,1.0,1889.21,1.6683065973728337,0,0,56,32439.93,0
515.32,356400.0,1.0,1.0,515.32,-0.5282205007165494,0,0,56,32439.93,0
1267.22,421200.0,1.0,1.0,1267.22,0.6738908219172911,0,0,56,32439.93,0
1933.35,46800.0,1.0,2.0,1933.35,1.7388760797256169,0,0,56,32439.93,0
392.98,162000.0,1.0,1.0,392.98,-0.7238133976589939,0,0,56,32439.93,0
664.23,410400.0,1.0,1.0,664.23,-0.29014842058168416,0,0,56,32439.93,0
1374.13,406800.0,1.0,1.0,1374.13,0.8448147765692181,0,0,56,32439.93,0
581.99,194400.0,1.0,1.0,581.99,-0.42163084533684714,0,0,56,32439.93,0
359.6,295200.0,1.0,1.0,359.6,-0.7771801697690054,0,0,56,32439.93,0
1431.62,64800.0,1.0,2.0,1431.62,0.9367277702362207,0,0,56,32439.93,0
1131.55,36000.0,1.0,2.0,1131.55,0.45698638895847576,0,0,56,32439.93,0
583.77,0.0,1.0,1.0,583.77,-0.9986598147128188,2,0,51,11706.17,0
1235.25,378000.0,1.0,1.0,1235.25,0.1976930768298294,2,0,51,11706.17,0
1058.23,280800.0,1.0,1.0,1058.23,-0.12737966348588184,2,0,51,11706.17,0
980.95,32400.0,1.0,2.0,980.95,-0.26929369224872307,2,0,51,11706.17,0
989.71,50400.0,1.0,3.0,989.71,-0.25320716414361844,2,0,51,11706.17,0
1316.24,313200.0,1.0,1.0,1316.24,0.34642000733581435,2,0,51,11706.17,0
1152.64,342000.0,1.0,1.0,1152.64,0.045991240441393764,2,0,51,11706.17,0
1167.51,378000.0,1.0,1.0,1167.51,0.07329793826364318,2,0,51,11706.17,0
1587.8,144000.0,1.0,1.0,1587.8,0.8451023785940595,2,0,51,11706.17,0
743.76,388800.0,1.0,1.0,743.76,-0.7048603133959583,2,0,51,11706.17,0
370.4,82800.0,1.0,2.0,370.4,-1.3904843012180912,2,0,51,11706.17,0
478.01,187200.0,1.0,1.0,478.01,-1.1928734234338088,2,0,51,11706.17,0
1887.61,396000.0,1.0,1.0,1887.61,1.3956619666296113,2,0,51,11706.17,0
1471.73,72000.0,1.0,2.0,1471.73,0.6319558812014224,2,0,51,11706.17,0
102.72,72000.0,1.0,2.0,102.72,-1.8820415892517008,2,0,51,11706.17,0
1658.05,93600.0,1.0,1.0,1658.05,0.9741067849163886,2,0,51,11706.17,0
231.71,122400.0,1.0,1.0,231.71,-1.64516929926569,2,0,51,11706.17,0
1462.55,226800.0,1.0,1.0,1462.55,0.6150980812008675,2,0,51,11706.17,0
1852.43,144000.0,1.0,1.0,1852.43,1.331058763577376,2,0,51,11706.17,0
1919.5,295200.0,1.0,1.0,1919.5,1.4542235398341534,2,0,51,11706.17,0
1428.93,399600.0,1.0,1.0,1428.93,0.553359602331733,2,0,51,11706.17,0
1374.93,0.0,1.0,1.0,1374.93,0.4949236395700438,1,1,90,182730.59,0
269.13,14400.0,1.0,2.0,269.13,-1.2816643542454726,1,1,90,182730.59,0
1704.01,133200.0,1.0,1.0,1704.01,1.023626458348132,1,1,90,182730.59,0
1689.22,28800.0,1.0,2.0,1689.22,0.9998647144265085,1,1,90,182730.59,0
1895.86,237600.0,1.0,1.0,1895.86,1.3318543536397822,1,1,90,182730.59,0
515.9,82800.0,1.0,2.0,515.9,-0.8852015045132833,1,1,90,182730.59,0
1256.54,144000.0,1.0,1.0,1256.54,0.3047172255821444,1,1,90,182730.59,0
1881.65,262800.0,1.0,1.0,1881.65,1.3090244428131244,1,1,90,182730.59,0
1096.97,223200.0,1.0,1.0,1096.97,0.048350661851685184,1,1,90,182730.59,0
384.83,212400.0,1.0,1.0,384.83,-1.0957797178876727,1,1,90,182730.59,0
1291.59,64800.0,1.0,2.0,1291.59,0.36102886347618834,1,1,90,182730.59,0
343.83,360000.0,1.0,1.0,343.83,-1.1616506780490365,1,1,90,182730.59,0
353.48,111600.0,1.0,1.0,353.48,-1.1461469032793496,1,1,90,182730.59,0
307.49,147600.0,1.0,1.0,307.49,-1.2200348412749868,1,1,90,182730.59,0
1465.27,54000.0,1.0,2.0,1465.27,0.6400646771548635,1,1,90,182730.59,0
623.63,388800.0,1.0,1.0,623.63,-0.7121215401673386,1,1,90,182730.59,0
29.91,280800.0,1.0,1.0,29.91,-1.6659973076552643,1,1,90,182730.59,0
1274.34,298800.0,1.0,1.0,1274.34,0.3333148619448828,1,1,90,182730.59,0
971.0,410400.0,1.0,1.0,971.0,-0.1540338467221443,1,1,90,182730.59,0
1769.89,432000.0,1.0,1.0,1769.89,1.129469845065953,1,1,90,182730.59,0
1143.02,424800.0,1.0,1.0,1143.02,0.1223349963743877,1,1,90,182730.59,0
159.56,421200.0,1.0,1.0,159.56,-1.4577004787547565,1,1,90,182730.59,0
1123.05,424800.0,1.0,1.0,1123.05,0.09025101894945019,1,1,90,182730.59,0
1817.61,223200.0,1.0,1.0,1817.61,1.2061372162586426,1,1,90,182730.59,0
1308.96,97200.0,1.0,1.0,1308.96,0.3889356580616249,1,1,90,182730.59,0
373.0,25200.0,1.0,2.0,373.0,-1.1147858998074027,1,1,90,182730.59,0
1947.08,169200.0,1.0,1.0,1947.08,1.4141448555779543,1,1,90,182730.59,0
1268.68,277200.0,1.0,1.0,1268.68,0.324221456225046,1,1,90,182730.59,0
1661.96,57600.0,1.0,2.0,1661.96,0.9560685589631236,1,1,90,182730.59,0
489.48,288000.0,1.0,1.0,489.48,-0.9276481085977524,1,1,90,182730.59,0
281.62,136800.0,1.0,1.0,281.62,-1.261597810528023,1,1,90,182730.59,0
288.65,64800.0,1.0,2.0,288.65,-1.2503033507735257,1,1,90,182730.59,0
1353.59,295200.0,1.0,1.0,1353.59,0.4606386081104459,1,1,90,182730.59,0
1807.78,147600.0,1.0,1.0,1807.78,1.1903442519077596,1,1,90,182730.59,0
1817.12,410400.0,1.0,1.0,1817.12,1.2053499779542751,1,1,90,182730.59,0
79.84,0.0,1.0,1.0,79.84,-1.4207311651843586,0,0,26,138232.96,0
311.05,21600.0,1.0,2.0,311.05,-0.763422371307493,0,0,26,138232.96,0
445.03,298800.0,1.0,1.0,445.03,-0.38252953707185255,0,0,26,138232.96,0
465.62,399600.0,1.0,1.0,465.62,-0.32399405821745747,0,0,26,138232.96,0
984.24,158400.0,1.0,1.0,984.24,1.1503949676915435,0,0,26,138232.96,0
1024.08,262800.0,1.0,1.0,1024.08,1.2636564284763463,0,0,26,138232.96,0
747.24,273600.0,1.0,1.0,747.24,0.4766257356132718,0,0,26,138232.96,0
141.8,0.0,1.0,1.0,141.8,-1.2082445170718916,0,1,75,71756.77,0
498.26,97200.0,1.0,1.0,498.26,-0.605021187539614,0,1,75,71756.77,0
786.25,57600.0,1.0,2.0,786.25,-0.11766696358180488,0,1,75,71756.77,0
139.84,82800.0,1.0,2.0,139.84,-1.2115613484860284,0,1,75,71756.77,0
747.46,306000.0,1.0,1.0,747.46,-0.18330976488505638,0,1,75,71756.77,0
437.54,381600.0,1.0,1.0,437.54,-0.7077752709408367,0,1,75,71756.77,0
731.91,403200.0,1.0,1.0,731.91,-0.20962442227782682,0,1,75,71756.77,0
755.44,414000.0,1.0,1.0,755.44,-0.16980552269892724,0,1,75,71756.77,0
152.69,284400.0,1.0,1.0,152.69,-1.1898157955923243,0,1,75,71756.77,0
253.76,198000.0,1.0,1.0,253.76,-1.018778983843945,0,1,75,71756.77,0
1966.76,136800.0,1.0,1.0,1966.76,1.8800639816747426,0,1,75,71756.77,0
1017.57,126000.0,1.0,1.0,1017.57,0.27378683372338075,0,1,75,71756.77,0
1520.54,205200.0,1.0,1.0,1520.54,1.1249433114623966,0,1,75,71756.77,0
1461.75,72000.0,1.0,2.0,1461.75,1.0254552916475435,0,1,75,71756.77,0
1838.96,154800.0,1.0,1.0,1838.96,1.6637930353856079,0,1,75,71756.77,0
1748.63,378000.0,1.0,1.0,1748.63,1.5109311059779587,0,1,75,71756.77,0
957.52,298800.0,1.0,1.0,957.52,0.17216656514229647,0,1,75,71756.77,0
1136.0,205200.0,1.0,1.0,1136.0,0.4742012951398303,0,1,75,71756.77,0
700.18,169200.0,1.0,1.0,700.18,-0.263319861446483,0,1,75,71756.77,0
369.42,244800.0,1.0,1.0,369.42,-0.8230520851913522,0,1,75,71756.77,0
391.12,241200.0,1.0,1.0,391.12,-0.7863300231062643,0,1,75,71756.77,0
187.11,349200.0,1.0,1.0,187.11,-1.1315681745338577,0,1,75,71756.77,0
1551.87,338400.0,1.0,1.0,1551.87,1.1779618462608206,0,1,75,71756.77,0
315.46,428400.0,1.0,1.0,315.46,-0.9143664847356536,0,1,75,71756.77,0
1586.72,39600.0,1.0,2.0,1586.72,1.2369371395172868,0,1,75,71756.77,0
940.41,0.0,1.0,1.0,940.41,0.2156224912138788,0,1,62,113481.61,0
712.45,43200.0,1.0,2.0,712.45,-0.21565816730174148,0,1,62,113481.61,0
1632.47,417600.0,1.0,1.0,1632.47,1.524940321238095,0,1,62,113481.61,0
433.94,43200.0,1.0,2.0,433.94,-0.7425750658944134,0,1,62,113481.61,0
366.87,147600.0,1.0,1.0,366.87,-0.86946572112622,0,1,62,113481.61,0
238.34,381600.0,1.0,1.0,238.34,-1.1126333954507186,0,1,62,113481.61,0
437.91,345600.0,1.0,1.0,437.91,-0.7350641683057705,0,1,62,113481.61,0
222.37,198000.0,1.0,1.0,222.37,-1.1428472580428157,0,1,62,113481.61,0
702.53,64800.0,1.0,2.0,702.53,-0.23442595170459718,0,1,62,113481.61,0
95.98,306000.0,1.0,1.0,95.98,-1.3819662369416983,0,1,62,113481.61,0
735.31,18000.0,1.0,2.0,735.31,-0.1724090189701612,0,1,62,113481.61,0
708.41,342000.0,1.0,1.0,708.41,-0.2233014988529046,0,1,62,113481.61,0
1379.33,136800.0,1.0,1.0,1379.33,1.046021274490226,0,1,62,113481.61,0
1634.52,262800.0,1.0,1.0,1634.52,1.528818744426185,0,1,62,113481.61,0
669.3,122400.0,1.0,1.0,669.3,-0.2972942456266628,0,1,62,113481.61,0
568.98,133200.0,1.0,1.0,568.98,-0.48709103305554075,0,1,62,113481.61,0
157.66,169200.0,1.0,1.0,157.66,-1.2652729968239431,0,1,62,113481.61,0
966.07,280800.0,1.0,1.0,966.07,0.2641689980462654,0,1,62,113481.61,0
1417.88,320400.0,1.0,1.0,1417.88,1.1189545495638233,0,1,62,113481.61,0
931.18,154800.0,1.0,1.0,931.18,0.19816012729872184,0,1,62,113481.61,0
826.4,338400.0,1.0,1.0,826.4,-7.459545644003169e-05,0,1,62,113481.61,0
177.69,219600.0,1.0,1.0,177.69,-1.2273779644056773,0,1,62,113481.61,0
1577.79,100800.0,1.0,1.0,1577.79,1.4214904773723547,0,1,62,113481.61,0
220.78,255600.0,1.0,1.0,220.78,-1.1458554009057735,0,1,62,113481.61,0
1649.51,223200.0,1.0,1.0,1649.51,1.557178531543,0,1,62,113481.61,0
886.17,403200.0,1.0,1.0,886.17,0.1130050893982653,0,1,62,113481.61,0
867.58,280800.0,1.0,1.0,867.58,0.07783441278041414,0,1,62,113481.61,0
1047.47,208800.0,1.0,1.0,1047.47,0.41817077731969715,0,1,62,113481.61,0
1433.84,201600.0,1.0,1.0,1433.84,1.1491494930184172,0,1,62,113481.61,0
37.46,302400.0,1.0,1.0,37.46,-1.4926810296085438,0,1,62,113481.61,0
741.84,187200.0,1.0,1.0,741.84,-0.16005482218078132,0,1,62,113481.61,0
180.64,388800.0,1.0,1.0,180.64,-1.221796818842328,0,1,62,113481.61,0
1618.53,432000.0,1.0,1.0,1618.53,1.498567043559082,0,1,62,113481.61,0
871.84,18000.0,1.0,2.0,871.84,0.0858939653566404,0,1,62,113481.61,0
1835.93,165600.0,1.0,1.0,1835.93,1.9098690928716628,0,1,62,113481.61,0
914.03,0.0,1.0,1.0,914.03,-1.0267611111756245,2,1,70,26349.34,0
1789.21,320400.0,1.0,1.0,1789.21,1.376814530183931,2,1,70,26349.34,0
1375.86,342000.0,1.0,1.0,1375.86,0.24159892727256124,2,1,70,26349.34,0
947.49,298800.0,1.0,1.0,947.49,-0.9348672825233578,2,1,70,26349.34,0
1412.86,136800.0,1.0,1.0,1412.86,0.3432149362424915,2,1,70,26349.34,0
779.58,0.0,1.0,1.0,779.58,-0.6611085851208844,2,0,44,67389.62,0
509.42,144000.0,1.0,1.0,509.42,-1.2844407870513956,2,0,44,67389.62,0
1530.64,410400.0,1.0,1.0,1530.64,1.0717900067577424,2,0,44,67389.62,0
923.15,230400.0,1.0,1.0,923.15,-0.3298537574959086,2,0,44,67389.62,0
1210.01,248400.0,1.0,1.0,1210.01,0.33200986201025984,2,0,44,67389.62,0
1121.24,72000.0,1.0,2.0,1121.24,0.12719345852576372,2,0,44,67389.62,0
837.38,367200.0,1.0,1.0,837.38,-0.5277483494398676,2,0,44,67389.62,0
799.6,7200.0,1.0,2.0,799.6,-0.6149170294403662,2,0,44,67389.62,0
1157.47,334800.0,1.0,1.0,1157.47,0.21078586923031817,2,0,44,67389.62,0
1241.05,378000.0,1.0,1.0,1241.05,0.4036275387496848,2,0,44,67389.62,0
1155.42,338400.0,1.0,1.0,1155.42,0.20605596467761786,2,0,44,67389.62,0
711.79,363600.0,1.0,1.0,711.79,-0.8175184532318905,2,0,44,67389.62,0
1472.08,421200.0,1.0,1.0,1472.08,0.9366762454864557,2,0,44,67389.62,0
791.07,399600.0,1.0,1.0,791.07,-0.6345980469206269,2,0,44,67389.62,0
1040.03,7200.0,1.0,2.0,1040.03,-0.06017997987657877,2,0,44,67389.62,0
291.59,39600.0,1.0,3.0,291.59,-1.7870335230098031,2,0,44,67389.62,0
1840.63,223200.0,1.0,1.0,1840.63,1.7870207932414528,2,0,44,67389.62,0
1469.79,39600.0,1.0,2.0,1469.79,0.9313925960105123,2,0,44,67389.62,0
1349.41,352800.0,1.0,1.0,1349.41,0.6536433715938893,2,0,44,67389.62,0
1143.82,374400.0,1.0,1.0,1143.82,0.17929162672087365,2,0,44,67389.62,0
1637.3,388800.0,1.0,1.0,1637.3,1.3178834797289751,2,0,44,67389.62,0
213.7,374400.0,1.0,1.0,213.7,-1.966746823307284,2,0,44,67389.62,0
1314.02,147600.0,1.0,1.0,1314.02,0.5719890681206851,2,0,44,67389.62,0
1016.41,342000.0,1.0,1.0,1016.41,-0.11467770940574178,2,0,44,67389.62,0
1824.31,129600.0,1.0,1.0,1824.31,1.74936613846093,2,0,44,67389.62,0
653.04,237600.0,1.0,1.0,653.04,-0.9530705959007443,2,0,44,67389.62,0
1111.71,306000.0,1.0,1.0,1111.71,0.10520517053199055,2,0,44,67389.62,0
1474.18,90000.0,1.0,1.0,1474.18,0.9415215135648319,2,0,44,67389.62,0
297.43,432000.0,1.0,1.0,297.43,-1.7735590632108904,2,0,44,67389.62,0
1633.79,0.0,1.0,1.0,1633.79,0.8274078153198259,1,0,54,120516.37,0
754.19,208800.0,1.0,1.0,754.19,-0.6301770511984963,1,0,54,120516.37,0
1739.91,104400.0,1.0,1.0,1739.91,1.0032592319125095,1,0,54,120516.37,0
1934.16,46800.0,1.0,2.0,1934.16,1.325150842100304,1,0,54,120516.37,0
1502.86,356400.0,1.0,1.0,1502.86,0.6104437560050873,1,0,54,120516.37,0
165.99,399600.0,1.0,1.0,165.99,-1.6048830749434682,1,0,54,120516.37,0
1071.33,255600.0,1.0,1.0,1071.33,-0.10464446301338885,1,0,54,120516.37,0
263.96,306000.0,1.0,1.0,263.96,-1.4425370206315082,1,0,54,120516.37,0
1986.86,277200.0,1.0,1.0,1986.86,1.4124799945167608,1,0,54,120516.37,0
537.71,266400.0,1.0,1.0,537.71,-0.9889059869691722,1,0,54,120516.37,0
1829.05,136800.0,1.0,1.0,1829.05,1.1509730961706304,1,0,54,120516.37,0
1869.26,165600.0,1.0,1.0,1869.26,1.2176050737544204,1,0,54,120516.37,0
840.67,234000.0,1.0,1.0,840.67,-0.486871072052857,1,0,54,120516.37,0
217.6,144000.0,1.0,1.0,217.6,-1.5193601611633287,1,0,54,120516.37,0
998.09,403200.0,1.0,1.0,998.09,-0.22601044257660144,1,0,54,120516.37,0
1544.53,93600.0,1.0,1.0,1544.53,0.6794950991017432,1,0,54,120516.37,0
667.66,324000.0,1.0,1.0,667.66,-0.7735658853274533,1,0,54,120516.37,0
1189.63,378000.0,1.0,1.0,1189.63,0.09139042751539445,1,0,54,120516.37,0
1421.32,208800.0,1.0,1.0,1421.32,0.4753238492111992,1,0,54,120516.37,0
465.62,28800.0,1.0,2.0,465.62,-1.1083663019160865,1,0,54,120516.37,0
125.7,187200.0,1.0,1.0,125.7,-1.671647620500566,1,0,54,120516.37,0
1909.85,392400.0,1.0,1.0,1909.85,1.284866749211422,1,0,54,120516.37,0
578.7,118800.0,1.0,1.0,578.7,-0.9209814716456319,1,0,54,120516.37,0
885.75,104400.0,1.0,1.0,885.75,-0.41216901909395975,1,0,54,120516.37,0
1848.47,75600.0,1.0,2.0,1848.47,1.1831539716910782,1,0,54,120516.37,0
1104.75,324000.0,1.0,1.0,1104.75,-0.049264192164090954,1,0,54,120516.37,0
1852.91,46800.0,1.0,2.0,1852.91,1.1905114942096564,1,0,54,120516.37,0
847.41,18000.0,1.0,3.0,847.41,-0.475702220301682,1,0,54,120516.37,0
1487.06,165600.0,1.0,1.0,1487.06,0.5842615812768137,1,0,54,120516.37,0
1990.12,172800.0,1.0,1.0,1990.12,1.4178821394290502,1,0,54,120516.37,0
1413.91,252000.0,1.0,1.0,1413.91,0.4630447406835724,1,0,54,120516.37,0
931.61,316800.0,1.0,1.0,931.61,-0.3361744283953123,1,0,54,120516.37,0
280.54,388800.0,1.0,1.0,280.54,-1.4150623081634843,1,0,54,120516.37,0
350.18,284400.0,1.0,1.0,350.18,-1.2996618873991186,1,0,54,120516.37,0
1483.71,111600.0,1.0,1.0,1483.71,0.5787102973945533,1,0,54,120516.37,0
1116.39,43200.0,1.0,2.0,1116.39,-0.029975552047818307,1,0,54,120516.37,0
1899.2,0.0,1.0,1.0,1899.2,1.4239418322136561,2,0,30,131554.26,0
1954.73,273600.0,1.0,1.0,1954.73,1.530280937257226,2,0,30,131554.26,0
1267.88,216000.0,1.0,1.0,1267.88,0.21497363851463683,2,0,30,131554.26,0
1153.27,360000.0,1.0,1.0,1153.27,-0.004502767554939235,2,0,30,131554.26,0
1655.65,64800.0,1.0,2.0,1655.65,0.9575472881228684,2,0,30,131554.26,0
1316.61,144000.0,1.0,1.0,1316.61,0.3082908470284697,2,0,30,131554.26,0
692.29,208800.0,1.0,1.0,692.29,-0.8872724531840559,2,0,30,131554.26,0
1258.94,115200.0,1.0,1.0,1258.94,0.1978536745476006,2,0,30,131554.26,0
801.77,363600.0,1.0,1.0,801.77,-0.6776199190552961,2,0,30,131554.26,0
1276.57,187200.0,1.0,1.0,1276.57,0.2316148562857264,2,0,30,131554.26,0
149.52,417600.0,1.0,1.0,149.52,-1.9266687442789314,2,0,30,131554.26,0
1534.56,54000.0,1.0,2.0,1534.56,0.7256617806543667,2,0,30,131554.26,0
1622.91,309600.0,1.0,1.0,1622.91,0.894850686301754,2,0,30,131554.26,0
256.01,424800.0,1.0,1.0,256.01,-1.722742014653688,2,0,30,131554.26,0
1397.79,345600.0,1.0,1.0,1397.79,0.4637493117761198,2,0,30,131554.26,0
1656.53,216000.0,1.0,1.0,1656.53,0.9592324747325988,2,0,30,131554.26,0
1537.71,280800.0,1.0,1.0,1537.71,0.731693982723289,2,0,30,131554.26,0
997.63,36000.0,1.0,2.0,997.63,-0.30255099930320534,2,0,30,131554.26,0
1687.15,183600.0,1.0,1.0,1687.15,1.0178693088120896,2,0,30,131554.26,0
1751.76,313200.0,1.0,1.0,1751.76,1.1415964756924253,2,0,30,131554.26,0
658.4,129600.0,1.0,1.0,658.4,-0.9521712875065228,2,0,30,131554.26,0
45.22,118800.0,1.0,1.0,45.22,-2.1264016572276856,2,0,30,131554.26,0
486.78,324000.0,1.0,1.0,486.78,-1.28082097609967,2,0,30,131554.26,0
461.68,226800.0,1.0,1.0,461.68,-1.3288870941726683,2,0,30,131554.26,0
1187.33,226800.0,1.0,1.0,1187.33,0.06072161418077092,2,0,30,131554.26,0
1398.23,147600.0,1.0,1.0,1398.23,0.46459190508098525,2,0,30,131554.26,0
1467.4,370800.0,1.0,1.0,1467.4,0.5970514025753799,2,0,30,131554.26,0
1323.53,93600.0,1.0,1.0,1323.53,0.32154254173226066,2,0,30,131554.26,0
987.97,234000.0,1.0,1.0,987.97,-0.32104975231456645,2,0,30,131554.26,0
783.62,316800.0,1.0,1.0,783.62,-0.7123768928809902,2,0,30,131554.26,0
