transaction_id,customer_id,timestamp,amount,currency,merchant,category,is_fraud,fraud_pattern
TX-61FB6FCE0EBE,CUST-864616F8,2025-11-14T17:02:01.791552,1547.55,USD,Bailey Inc,Utilities,0,
TX-07BB1F37F645,CUST-864616F8,2025-11-19T17:02:01.791552,1462.56,USD,Oliver LLC,Travel,0,
TX-7FEF9092EB83,CUST-864616F8,2025-11-21T11:02:01.791552,209.75,USD,Lee Group,Retail,0,
TX-112E2D2D6B5A,CUST-864616F8,2025-11-22T10:02:01.791552,417.26,USD,Wilson Ltd,Food,0,
TX-01F299E2E8A6,CUST-864616F8,2025-11-26T13:02:01.791552,1100.19,USD,"Brown, Frye and King",Food,0,
TX-7E883CDA5760,CUST-864616F8,2025-11-27T08:02:01.791552,1324.56,USD,Shepherd-Lowe,Food,0,
TX-6211B6F42C2B,CUST-864616F8,2025-11-28T03:02:01.791552,215.06,USD,"Bennett, Martin and Joseph",Utilities,0,
TX-2986406A8CAA,CUST-864616F8,2025-12-02T00:02:01.791552,553.15,USD,Lewis-Riley,Utilities,0,
TX-81917046B215,CUST-864616F8,2025-12-04T08:02:01.791552,1090.22,USD,Kelley Group,Retail,0,
TX-7F012BD02082,CUST-864616F8,2025-12-08T02:02:01.791552,1237.35,USD,Richards-Brown,Retail,0,
TX-2826830F4856,CUST-864616F8,2025-12-08T03:02:01.791552,1513.74,USD,King PLC,Travel,0,
TX-2B809FD4260C,CUST-864616F8,2025-12-08T05:02:01.791552,573.46,USD,Watson Ltd,Travel,0,
TX-766ABC154A3B,CUST-864616F8,2025-12-08T19:02:01.791552,633.87,USD,"Chambers, Harmon and Lee",Travel,0,
TX-D6D448DD95FF,CUST-864616F8,2025-12-09T00:02:01.791552,1993.26,USD,Davis-Barnett,Travel,0,
TX-F96588F89BC8,CUST-864616F8,2025-12-09T06:02:01.791552,387.7,USD,Barton LLC,Travel,0,
TX-6D44DB47ECE4,CUST-864616F8,2025-12-10T23:02:01.791552,1556.92,USD,"Wheeler, Smith and Mcdonald",Travel,0,
TX-6F81116AF480,CUST-864616F8,2025-12-11T19:02:01.791552,1890.42,USD,"Randolph, Lara and Brewer",Utilities,0,
TX-9A69287EC651,CUST-864616F8,2025-12-15T08:02:01.791552,1330.59,USD,"Moore, Diaz and Jordan",Retail,0,
TX-231E85E1E48E,CUST-864616F8,2025-12-19T06:02:01.791552,1813.84,USD,"Gutierrez, Bates and Mendoza",Retail,0,
TX-52AD2F0AB5EA,CUST-864616F8,2025-12-20T09:02:01.791552,1973.62,USD,Smith Inc,Travel,0,
TX-BFD94E252B32,CUST-864616F8,2025-12-25T00:02:01.791552,617.66,USD,"Bates, Ramirez and Neal",Utilities,0,
TX-C357738CEEBE,CUST-864616F8,2025-12-26T02:02:01.791552,1084.77,USD,Hunt Inc,Utilities,0,
TX-E379B2D9D5E5,CUST-864616F8,2025-12-27T08:02:01.791552,571.46,USD,Townsend-Bowers,Retail,0,
TX-74C0589C9638,CUST-864616F8,2025-12-29T10:02:01.791552,828.46,USD,Watson and Sons,Utilities,0,
TX-652EB2DCD47F,CUST-864616F8,2026-01-01T05:02:01.791552,1313.74,USD,"Rodriguez, Cain and Blanchard",Travel,0,
TX-D871C53E78F3,CUST-864616F8,2026-01-03T08:02:01.791552,1426.32,USD,Robinson-Alvarez,Retail,0,
TX-2E101C105D3D,CUST-864616F8,2026-01-07T23:02:01.791552,895.62,USD,"Anderson, Allen and Anderson",Utilities,0,
TX-DF7376C264CB,CUST-864616F8,2026-01-09T13:02:01.791552,162.64,USD,Scott-Fitzgerald,Food,0,
TX-D9707DAA9AFF,CUST-864616F8,2026-01-13T23:02:01.791552,1083.41,USD,Wright-Green,Food,0,
TX-BEB9C4769294,CUST-864616F8,2026-01-17T06:02:01.791552,110.5,USD,Murillo-Dickson,Utilities,0,
TX-1C0BD1BB3303,CUST-864616F8,2026-01-19T05:02:01.791552,410.01,USD,Walker-Lopez,Travel,0,
TX-85B56A31398B,CUST-864616F8,2026-01-22T21:02:01.791552,198.93,USD,King-Hughes,Retail,0,
TX-319F55128AB9,CUST-864616F8,2026-01-27T05:02:01.791552,50.68,USD,Brown and Sons,Retail,0,
TX-8406CD13C260,CUST-864616F8,2026-01-30T02:02:01.791552,119.75,USD,Fisher and Sons,Food,0,
TX-2E6BB9088EC9,CUST-864616F8,2026-01-30T05:02:01.791552,147.98,USD,"Hodges, Palmer and Steele",Utilities,0,
TX-895D171AB24E,CUST-864616F8,2026-02-01T13:02:01.791552,106.11,USD,Gonzalez PLC,Retail,0,
TX-BE2A427D13BB,CUST-864616F8,2026-02-05T07:02:01.791552,1344.2,USD,Ramirez-Orr,Food,0,
TX-2809FBC325A0,CUST-864616F8,2026-02-09T07:02:01.791552,532.41,USD,Turner Ltd,Retail,0,
TX-397D0831A3EA,CUST-864616F8,2026-02-10T20:02:01.791552,1683.48,USD,Mcdonald-Peters,Travel,0,
TX-7235A372880F,CUST-0A10F015,2025-11-15T00:02:01.791552,1954.28,USD,Anderson-Davis,Travel,0,
TX-1A1CD7EEEFD1,CUST-0A10F015,2025-11-16T03:02:01.791552,1837.18,USD,"Olson, Wheeler and Watson",Utilities,0,
TX-019814BC8FAE,CUST-0A10F015,2025-11-19T01:02:01.791552,1691.82,USD,Yang Group,Food,0,
TX-DB6FA600AC76,CUST-0A10F015,2025-11-21T05:02:01.791552,1949.22,USD,Roman-Norris,Food,0,
TX-6CD36DBE4C87,CUST-0A10F015,2025-11-23T17:02:01.791552,722.1,USD,"Medina, Mcbride and Atkinson",Travel,0,
TX-7989638C6884,CUST-0A10F015,2025-11-26T14:02:01.791552,712.69,USD,"Alexander, Cooper and Strickland",Food,0,
TX-05C47EEF7CAB,CUST-0A10F015,2025-11-28T01:02:01.791552,76.75,USD,"Collins, Davis and Fields",Food,0,
TX-A0AF54562389,CUST-0A10F015,2025-11-30T20:02:01.791552,1958.06,USD,"Ruiz, Adams and Whitehead",Food,0,
TX-45879F4BC7F2,CUST-0A10F015,2025-12-02T02:02:01.791552,988.14,USD,Nichols-House,Travel,0,
TX-2DF52A2B211E,CUST-0A10F015,2025-12-04T06:02:01.791552,917.73,USD,White Ltd,Travel,0,
TX-0F4450B633B2,CUST-0A10F015,2025-12-06T16:02:01.791552,1550.82,USD,Brown and Sons,Travel,0,
TX-EC6D76475AEC,CUST-0A10F015,2025-12-08T18:02:01.791552,502.62,USD,Sharp Group,Travel,0,
TX-A8F7EFF5918B,CUST-0A10F015,2025-12-09T04:02:01.791552,750.93,USD,Richardson-Obrien,Retail,0,
TX-39F10116D24F,CUST-0A10F015,2025-12-12T00:02:01.791552,511.11,USD,Hunter-Hart,Retail,0,
TX-DDEBAC938B33,CUST-0A10F015,2025-12-16T10:02:01.791552,1460.32,USD,Owens-Wilson,Travel,0,
TX-3EB64C88CCFC,CUST-0A10F015,2025-12-20T17:02:01.791552,468.18,USD,Davis Inc,Food,0,
TX-E39C876B91EE,CUST-0A10F015,2025-12-25T13:02:01.791552,1665.11,USD,"Lucas, Horn and Walsh",Retail,0,
TX-F5D22A983B54,CUST-0A10F015,2025-12-26T03:02:01.791552,1400.55,USD,Allen-Taylor,Utilities,0,
TX-F4AE0F6E2C54,CUST-0A10F015,2025-12-27T12:02:01.791552,1729.87,USD,Crawford PLC,Utilities,0,
TX-9494ABD9D205,CUST-0A10F015,2025-12-29T03:02:01.791552,1609.62,USD,Acosta-Olson,Travel,0,
TX-3859227BC187,CUST-0A10F015,2026-01-02T20:02:01.791552,1244.49,USD,"Pena, Byrd and Lowery",Utilities,0,
TX-51D682E0CF5F,CUST-0A10F015,2026-01-04T21:02:01.791552,1983.41,USD,Walton-Young,Food,0,
TX-1B3E0B713FEB,CUST-0A10F015,2026-01-08T15:02:01.791552,1372.82,USD,"Warren, Gray and Jones",Utilities,0,
TX-59F604866B6F,CUST-0A10F015,2026-01-12T15:02:01.791552,696.71,USD,"Hendricks, Nelson and Moran",Retail,0,
TX-1F3D5CD703A0,CUST-0A10F015,2026-01-13T06:02:01.791552,138.97,USD,"King, Solis and Walls",Retail,0,
TX-A27212C95D95,CUST-0A10F015,2026-01-18T02:02:01.791552,56.21,USD,"Blevins, Butler and Simon",Retail,0,
TX-E9DDA026608C,CUST-0A10F015,2026-01-20T06:02:01.791552,1058.74,USD,Booker LLC,Utilities,0,
TX-503BB32E6899,CUST-0A10F015,2026-01-24T05:02:01.791552,1245.43,USD,Little Inc,Utilities,0,
TX-DBA8E300286F,CUST-0A10F015,2026-01-28T02:02:01.791552,1085.47,USD,Martin and Sons,Travel,0,
TX-5F0CD2070269,CUST-0A10F015,2026-01-29T10:02:01.791552,1148.43,USD,"Bray, Lewis and Acevedo",Retail,0,
TX-5C3682833FB5,CUST-0A10F015,2026-02-01T10:02:01.791552,1376.19,USD,Scott Group,Utilities,0,
TX-67FBC3086AC5,CUST-0A10F015,2026-02-05T17:02:01.791552,1579.48,USD,Fisher LLC,Travel,0,
TX-069435C0FAEE,CUST-0A10F015,2026-02-09T04:02:01.791552,1451.43,USD,Le-Frazier,Food,0,
TX-82BC421C188E,CUST-0A10F015,2026-02-11T00:02:01.791552,244.77,USD,"Frye, Cunningham and Moore",Travel,0,
TX-9E0201F3C5D0,CUST-1ACEF044,2025-11-18T21:02:01.791552,770.27,USD,"Anthony, Miranda and Knox",Travel,0,
TX-24D84218A04B,CUST-1ACEF044,2025-11-23T21:02:01.791552,1450.78,USD,"Harris, Figueroa and Jones",Retail,0,
TX-C93A4F5D462A,CUST-1ACEF044,2025-11-28T10:02:01.791552,165.72,USD,Brown PLC,Retail,0,
TX-F784F3D83EBA,CUST-1ACEF044,2025-12-02T17:02:01.791552,1305.05,USD,"Hunter, Campos and Ferrell",Retail,0,
TX-462FFC58BE01,CUST-1ACEF044,2025-12-06T03:02:01.791552,186.49,USD,Moore LLC,Utilities,0,
TX-047200D18A6C,CUST-1ACEF044,2025-12-10T08:02:01.791552,1992.69,USD,Carter-Mueller,Travel,0,
TX-0A6ADC612EB5,CUST-1ACEF044,2025-12-14T00:02:01.791552,1173.53,USD,"Robinson, Hensley and Sullivan",Retail,0,
TX-F42AF2E28B8E,CUST-1ACEF044,2025-12-17T23:02:01.791552,1593.96,USD,"Price, Johnson and Hansen",Utilities,0,
TX-44DFAB4D2534,CUST-1ACEF044,2025-12-21T00:02:01.791552,1083.71,USD,Williamson and Sons,Retail,0,
TX-C74EA71B5A10,CUST-1ACEF044,2025-12-24T12:02:01.791552,74.01,USD,"Little, Galloway and Bolton",Utilities,0,
TX-B4AC216EED86,CUST-1ACEF044,2025-12-27T07:02:01.791552,1710.32,USD,Jackson-Hicks,Retail,0,
TX-F3B017B0A805,CUST-1ACEF044,2025-12-29T17:02:01.791552,1676.14,USD,"Martinez, Johnson and Rodriguez",Food,0,
TX-5F0744BD31B1,CUST-1ACEF044,2025-12-31T15:02:01.791552,1556.96,USD,Thomas-Gordon,Food,0,
TX-40519F948946,CUST-1ACEF044,2026-01-03T09:02:01.791552,703.5,USD,Wallace Ltd,Utilities,0,
TX-ABDF64EDBC5D,CUST-1ACEF044,2026-01-07T10:02:01.791552,763.1,USD,Perez-Bradley,Food,0,
TX-B022C1F9649E,CUST-1ACEF044,2026-01-07T13:02:01.791552,1463.21,USD,Williams-Sosa,Utilities,0,
TX-F5346DF66380,CUST-1ACEF044,2026-01-12T13:02:01.791552,1284.87,USD,"Roy, Floyd and Bryan",Travel,0,
TX-BFE8B0E2AA4E,CUST-1ACEF044,2026-01-15T13:02:01.791552,1782.23,USD,Brown Group,Travel,0,
TX-89320D97EE16,CUST-1ACEF044,2026-01-15T20:02:01.791552,414.82,USD,Garcia LLC,Food,0,
TX-6CD18A1F0713,CUST-1ACEF044,2026-01-16T23:02:01.791552,1774.48,USD,Lee-Smith,Travel,0,
TX-FF3BE8410E67,CUST-1ACEF044,2026-01-18T04:02:01.791552,1460.47,USD,Anderson-Reeves,Travel,0,
TX-8CE1E9BD088E,CUST-1ACEF044,2026-01-19T12:02:01.791552,1437.13,USD,"Hunt, Reynolds and Alexander",Food,0,
TX-D22D47250BF9,CUST-1ACEF044,2026-01-24T03:02:01.791552,1282.6,USD,"Collins, Johnson and Gomez",Food,0,
TX-A161EA67D74D,CUST-1ACEF044,2026-01-27T07:02:01.791552,54.41,USD,Weber-Phillips,Retail,0,
TX-D1AE7B17D40E,CUST-1ACEF044,2026-01-28T07:02:01.791552,1118.0,USD,"Murphy, Freeman and Brown",Retail,0,
TX-480D83BC5C6A,CUST-1ACEF044,2026-01-31T07:02:01.791552,1360.63,USD,Walker and Sons,Travel,0,
TX-705EDCF1BA5A,CUST-1ACEF044,2026-02-02T03:02:01.791552,1475.01,USD,Porter-Lopez,Retail,0,
TX-0E4B9C0AFE7E,CUST-1ACEF044,2026-02-03T00:02:01.791552,1452.03,USD,"Cardenas, Valdez and Li",Food,0,
TX-38E1EC4C96DB,CUST-1ACEF044,2026-02-06T05:02:01.791552,431.99,USD,Stewart-Green,Travel,0,
TX-4C559881B023,CUST-1ACEF044,2026-02-09T15:02:01.791552,1407.4,USD,Ray Inc,Food,0,
TX-ED1A98968ED4,CUST-1ACEF044,2026-02-10T04:02:01.791552,1344.79,USD,Thomas-Novak,Retail,0,
TX-BA075D46936E,CUST-2A8F6B15,2025-11-18T22:02:01.791552,763.83,USD,Potts-Mccann,Food,0,
TX-D5D246670DC7,CUST-2A8F6B15,2025-11-20T14:02:01.791552,694.52,USD,Rivers Inc,Retail,0,
TX-C9D22F20774E,CUST-2A8F6B15,2025-11-20T19:02:01.791552,213.45,USD,Melendez Group,Retail,0,
TX-E9D8A73B3147,CUST-2A8F6B15,2025-11-25T15:02:01.791552,416.03,USD,Payne-Lloyd,Travel,0,
TX-29777205AC72,CUST-2A8F6B15,2025-11-28T21:02:01.791552,1773.83,USD,"Bennett, Elliott and Williams",Food,0,
TX-7F1294CF9671,CUST-2A8F6B15,2025-12-03T20:02:01.791552,1912.95,USD,Adams-Mendez,Food,0,
TX-C4D22F88715B,CUST-2A8F6B15,2025-12-04T03:02:01.791552,1421.27,USD,Morgan-Evans,Travel,0,
TX-46B59582DA43,CUST-2A8F6B15,2025-12-07T15:02:01.791552,1601.87,USD,Mayer-Sanders,Food,0,
TX-D385BCD86E3F,CUST-2A8F6B15,2025-12-12T07:02:01.791552,459.25,USD,"Wood, Rangel and Lewis",Utilities,0,
TX-C8F2CC329305,CUST-2A8F6B15,2025-12-12T14:02:01.791552,351.08,USD,Banks Group,Utilities,0,
TX-CEC68550C68E,CUST-E7F33433,2025-11-16T18:02:01.791552,807.25,USD,Thompson-Acosta,Travel,0,
TX-B01060538AF4,CUST-E7F33433,2025-11-18T20:02:01.791552,1290.95,USD,Adams-Diaz,Travel,0,
TX-12D160DA04FD,CUST-E7F33433,2025-11-21T04:02:01.791552,1072.28,USD,"Alexander, Burch and Fuller",Utilities,0,
TX-74D8FDF9D9ED,CUST-E7F33433,2025-11-24T08:02:01.791552,1677.21,USD,"Bailey, Maynard and Hall",Food,0,
TX-F2C62E9863D5,CUST-E7F33433,2025-11-25T15:02:01.791552,1298.57,USD,Andrews-Wall,Travel,0,
TX-FEDB394AAC08,CUST-E7F33433,2025-11-29T20:02:01.791552,1568.93,USD,"Hickman, Davidson and Avery",Food,0,
TX-9D8C434060BA,CUST-E7F33433,2025-11-30T16:02:01.791552,546.22,USD,Bailey PLC,Food,0,
TX-D5E26DEE78CB,CUST-E7F33433,2025-12-05T03:02:01.791552,1600.62,USD,Martin-Lewis,Food,0,
TX-328ABFE80AB8,CUST-E7F33433,2025-12-09T21:02:01.791552,1378.73,USD,"Anthony, Brown and Sanford",Travel,0,
TX-5CEEC2A14143,CUST-E7F33433,2025-12-10T03:02:01.791552,1963.55,USD,Olsen-Bryan,Utilities,0,
TX-F7C80664714C,CUST-E7F33433,2025-12-10T11:02:01.791552,1601.55,USD,Fitzgerald-Martinez,Retail,0,
TX-8790639B97E8,CUST-E7F33433,2025-12-11T14:02:01.791552,555.33,USD,"Rodriguez, White and Anderson",Utilities,0,
TX-0A0725A0A813,CUST-E7F33433,2025-12-12T00:02:01.791552,269.42,USD,"Taylor, Melendez and Eaton",Retail,0,
TX-0A1142D71734,CUST-E7F33433,2025-12-12T10:02:01.791552,1904.28,USD,"Johnson, Wallace and Petty",Retail,0,
TX-77F421D0D976,CUST-E7F33433,2025-12-17T07:02:01.791552,999.13,USD,Stevens Ltd,Utilities,0,
TX-7E59CA6D48D5,CUST-E7F33433,2025-12-21T05:02:01.791552,399.83,USD,Butler-Williamson,Retail,0,
TX-4490FBAC7954,CUST-E7F33433,2025-12-23T06:02:01.791552,1694.92,USD,Jackson-Sutton,Food,0,
TX-C3E7F688B299,CUST-E7F33433,2025-12-26T20:02:01.791552,1485.39,USD,Charles and Sons,Travel,0,
TX-09610A2CE6F9,CUST-E7F33433,2025-12-29T20:02:01.791552,1021.49,USD,Guzman PLC,Retail,0,
TX-B3DBDC6CDF95,CUST-E7F33433,2026-01-01T15:02:01.791552,1328.24,USD,Adams Inc,Retail,0,
TX-371E752F8A22,CUST-E7F33433,2026-01-06T09:02:01.791552,620.53,USD,Williams-Arnold,Travel,0,
TX-C1198B12B808,CUST-E7F33433,2026-01-10T00:02:01.791552,831.64,USD,Leon-Santos,Retail,0,
TX-65451C61FE2E,CUST-E7F33433,2026-01-10T17:02:01.791552,1956.46,USD,"Strickland, Allen and Martin",Utilities,0,
TX-0F4F2D1CE0E8,CUST-E7F33433,2026-01-11T12:02:01.791552,765.15,USD,"Reed, Bennett and Mcclain",Travel,0,
TX-21056373FC19,CUST-E7F33433,2026-01-15T11:02:01.791552,356.78,USD,Austin PLC,Utilities,0,
TX-92178E4D7AEE,CUST-E7F33433,2026-01-16T08:02:01.791552,731.56,USD,"Lopez, Boyd and Rose",Food,0,
TX-64171EA0D725,CUST-E7F33433,2026-01-19T13:02:01.791552,1177.49,USD,Morales-Reynolds,Retail,0,
TX-EFEDD46522CF,CUST-E7F33433,2026-01-23T17:02:01.791552,775.06,USD,"Miller, Perez and Roberts",Utilities,0,
TX-A6FA019C55A9,CUST-E7F33433,2026-01-27T18:02:01.791552,798.64,USD,Ellis Group,Utilities,0,
TX-CE11831FFC93,CUST-E7F33433,2026-01-28T19:02:01.791552,1243.38,USD,Brown Ltd,Utilities,0,
TX-CC67A26DF8D6,CUST-E7F33433,2026-02-02T05:02:01.791552,69.37,USD,Brady-Rivera,Utilities,0,
TX-7429A6A0F039,CUST-E7F33433,2026-02-05T09:02:01.791552,137.99,USD,Rich Inc,Travel,0,
TX-61B4DF47D572,CUST-E7F33433,2026-02-09T07:02:01.791552,1061.74,USD,"Morris, Jacobson and Clark",Food,0,
TX-FAA8D80B2B1F,CUST-AEF85DEB,2026-01-11T01:03:29.791552,287.9,USD,"Sawyer, Francis and Johnson",Fraudulent,1,High Velocity
TX-892A7C5C94CE,CUST-AEF85DEB,2026-01-11T01:05:43.791552,289.46,USD,Tyler Group,Fraudulent,1,High Velocity
TX-D4087D80EF2D,CUST-AEF85DEB,2026-01-11T01:06:34.791552,299.78,USD,Miller-Walker,Fraudulent,1,High Velocity
TX-BD257A373E29,CUST-AEF85DEB,2026-01-11T01:09:10.791552,148.21,USD,Mason-Murphy,Fraudulent,1,High Velocity
TX-53DF68073D28,CUST-AEF85DEB,2026-01-11T01:09:41.791552,168.24,USD,"Evans, Trujillo and Bowen",Fraudulent,1,High Velocity
TX-0D6FEA266393,CUST-AEF85DEB,2026-01-11T01:14:32.791552,126.86,USD,White Inc,Fraudulent,1,High Velocity
TX-BE4BE2CFA719,CUST-AEF85DEB,2026-01-11T01:17:47.791552,252.45,USD,Jones-Robinson,Fraudulent,1,High Velocity
TX-533BCD4EE401,CUST-AEF85DEB,2026-01-11T01:20:02.791552,359.36,USD,Mclaughlin and Sons,Fraudulent,1,High Velocity
TX-DDCF89F166E6,CUST-AEF85DEB,2026-01-11T01:25:02.791552,369.38,USD,Bell Ltd,Fraudulent,1,High Velocity
TX-9C79CD85E46C,CUST-AEF85DEB,2026-01-11T01:29:04.791552,419.33,USD,Ruiz-Phillips,Fraudulent,1,High Velocity
TX-B1614B8AFCC9,CUST-AEF85DEB,2026-01-11T01:32:03.791552,415.92,USD,Hall PLC,Fraudulent,1,High Velocity
TX-9132ACAFC126,CUST-AEF85DEB,2026-01-11T01:36:59.791552,356.03,USD,May and Sons,Fraudulent,1,High Velocity
TX-5DFAD4D5C91B,CUST-AEF85DEB,2026-01-11T01:38:29.791552,463.21,USD,Tyler-Lee,Fraudulent,1,High Velocity
TX-8BA6ED3EDF05,CUST-55A37ACD,2025-11-14T09:02:01.791552,36.22,USD,Hernandez-Brown,Retail,0,
TX-D31265CD43E5,CUST-55A37ACD,2025-11-17T01:02:01.791552,557.35,USD,"Brown, Cummings and Paul",Travel,0,
TX-D625B463655E,CUST-55A37ACD,2025-11-20T23:02:01.791552,780.73,USD,"Norton, Perez and Ryan",Travel,0,
TX-8B25F401A9D6,CUST-55A37ACD,2025-11-24T09:02:01.791552,1395.21,USD,Shelton LLC,Travel,0,
TX-2353C484CDCC,CUST-55A37ACD,2025-11-28T14:02:01.791552,1152.16,USD,Adams Ltd,Travel,0,
TX-93AA4DC70A9A,CUST-55A37ACD,2025-12-03T10:02:01.791552,306.51,USD,"Stewart, Greene and Perez",Retail,0,
TX-37F337AB5094,CUST-55A37ACD,2025-12-04T15:02:01.791552,224.1,USD,"Clark, Smith and Green",Travel,0,
TX-BA349362C0FA,CUST-55A37ACD,2025-12-09T10:02:01.791552,174.23,USD,Herrera-Schneider,Food,0,
TX-1D8C6F9FDA45,CUST-55A37ACD,2025-12-10T15:02:01.791552,1314.81,USD,Harris-Day,Utilities,0,
TX-64E1195887F0,CUST-55A37ACD,2025-12-15T09:02:01.791552,27.3,USD,Gonzales PLC,Retail,0,
TX-133D29C03B4D,CUST-55A37ACD,2025-12-15T14:02:01.791552,395.21,USD,Parsons-Schultz,Travel,0,
TX-C20346615F91,CUST-55A37ACD,2025-12-16T15:02:01.791552,1603.6,USD,Craig Inc,Travel,0,
TX-BABBEC3817EA,CUST-55A37ACD,2025-12-20T03:02:01.791552,752.64,USD,"Sandoval, Gardner and Reyes",Utilities,0,
TX-156EB13D8350,CUST-55A37ACD,2025-12-22T00:02:01.791552,55.17,USD,Stewart-Ruiz,Travel,0,
TX-0E586D3F62CD,CUST-55A37ACD,2025-12-25T08:02:01.791552,1900.58,USD,Castillo Group,Utilities,0,
TX-C3B5A6635F57,CUST-55A37ACD,2025-12-29T20:02:01.791552,1057.96,USD,Torres-Reynolds,Retail,0,
TX-4C348E08FB20,CUST-55A37ACD,2025-12-30T15:02:01.791552,666.17,USD,Kelly Group,Travel,0,
TX-101482EB833B,CUST-55A37ACD,2025-12-31T20:02:01.791552,786.93,USD,"Fields, Garcia and Turner",Utilities,0,
TX-2B4B71B9F705,CUST-55A37ACD,2026-01-03T21:02:01.791552,1818.17,USD,"Riley, James and Walker",Utilities,0,
TX-AFE19D5C1588,CUST-55A37ACD,2026-01-08T11:02:01.791552,1587.06,USD,Mitchell-Bailey,Utilities,0,
TX-8F1DC9F941AA,CUST-55A37ACD,2026-01-10T04:02:01.791552,1738.49,USD,Zuniga-Macias,Travel,0,
TX-729D171B557E,CUST-55A37ACD,2026-01-14T13:02:01.791552,637.93,USD,"Thomas, Olson and Anderson",Retail,0,
TX-1286452AB4A3,CUST-55A37ACD,2026-01-18T06:02:01.791552,843.38,USD,Torres-Smith,Utilities,0,
TX-A3302FF3EC52,CUST-55A37ACD,2026-01-21T17:02:01.791552,707.64,USD,Francis LLC,Travel,0,
TX-FDC21612BBAD,CUST-55A37ACD,2026-01-24T04:02:01.791552,733.08,USD,Odonnell-Yates,Utilities,0,
TX-F5158DAE88F6,CUST-55A37ACD,2026-01-28T17:02:01.791552,417.11,USD,"Fowler, Cabrera and Martinez",Travel,0,
TX-5407D99DE27F,CUST-55A37ACD,2026-02-01T18:02:01.791552,1302.34,USD,"Johnston, Baker and Porter",Utilities,0,
TX-50C01FE5BFF2,CUST-55A37ACD,2026-02-02T17:02:01.791552,1869.57,USD,Bowman-Rowland,Retail,0,
TX-6E67D3BEE91E,CUST-55A37ACD,2026-02-06T10:02:01.791552,352.36,USD,"Price, Smith and Evans",Utilities,0,
TX-8E16F349B2FD,CUST-55A37ACD,2026-02-10T22:02:01.791552,1861.66,USD,Bruce-Martinez,Travel,0,
TX-37856D7D97C6,CUST-CB7702B7,2025-11-16T04:02:01.791552,416.61,USD,"Weber, Smith and Myers",Travel,0,
TX-6E4537251ACA,CUST-CB7702B7,2025-11-20T14:02:01.791552,1378.9,USD,Smith-Turner,Utilities,0,
TX-B4A9BC53A148,CUST-CB7702B7,2025-11-21T13:02:01.791552,272.49,USD,Alvarez PLC,Utilities,0,
TX-33AC4AED262E,CUST-CB7702B7,2025-11-24T23:02:01.791552,1981.3,USD,"Hurley, Harris and Gomez",Food,0,
TX-B01106E24F3A,CUST-CB7702B7,2025-11-29T08:02:01.791552,481.19,USD,Miller PLC,Utilities,0,
TX-CDCC55896B10,CUST-CB7702B7,2025-12-01T16:02:01.791552,1723.61,USD,"Montgomery, Hayes and Snow",Retail,0,
TX-DE74224192CC,CUST-CB7702B7,2025-12-04T00:02:01.791552,229.73,USD,"Reyes, Crawford and Hays",Travel,0,
TX-0CD8AAB79C87,CUST-CB7702B7,2025-12-06T10:02:01.791552,1961.43,USD,Hanna PLC,Travel,0,
TX-A96C9CEFEF74,CUST-CB7702B7,2025-12-10T20:02:01.791552,360.8,USD,Ray-Lopez,Food,0,
TX-A920C12448FF,CUST-CB7702B7,2025-12-15T14:02:01.791552,1859.45,USD,Clark Group,Food,0,
TX-A14877C8AF98,CUST-CB7702B7,2025-12-18T20:02:01.791552,239.49,USD,"Bell, Owens and Humphrey",Food,0,
TX-38ACBAAF4288,CUST-CB7702B7,2025-12-23T00:02:01.791552,200.68,USD,Rodriguez Ltd,Travel,0,
TX-0E53DECA50D6,CUST-CB7702B7,2025-12-27T02:02:01.791552,534.13,USD,Caldwell-White,Retail,0,
TX-2DEA38DAED21,CUST-CB7702B7,2025-12-31T23:02:01.791552,1141.97,USD,Davis-Salinas,Food,0,
TX-E98B0752A1B7,CUST-CB7702B7,2026-01-04T08:02:01.791552,390.94,USD,Taylor LLC,Utilities,0,
TX-86AB74F87FA5,CUST-CB7702B7,2026-01-07T22:02:01.791552,639.83,USD,"Schneider, Davis and Stewart",Travel,0,
TX-C465E495BC9D,CUST-CB7702B7,2026-01-11T19:02:01.791552,119.14,USD,"Clayton, Martin and Webb",Travel,0,
TX-03319F8E63DD,CUST-CB7702B7,2026-01-15T05:02:01.791552,296.26,USD,"Wright, Gonzales and Anderson",Food,0,
TX-A62D8F8F3ACC,CUST-CB7702B7,2026-01-19T20:02:01.791552,1335.97,USD,"Vasquez, Swanson and Sanchez",Retail,0,
TX-B96ADA38FAFD,CUST-CB7702B7,2026-01-24T17:02:01.791552,1280.87,USD,"Everett, Carroll and Smith",Utilities,0,
TX-36D56620F89F,CUST-CB7702B7,2026-01-27T05:02:01.791552,988.49,USD,Burns-Lopez,Retail,0,
TX-3D536098948F,CUST-CB7702B7,2026-01-31T18:02:01.791552,37.92,USD,Martinez LLC,Travel,0,
TX-A7A49C24EE20,CUST-CB7702B7,2026-02-02T02:02:01.791552,803.74,USD,Turner Ltd,Travel,0,
TX-604BF28878D4,CUST-CB7702B7,2026-02-06T20:02:01.791552,1244.24,USD,"Villegas, Jimenez and Harrison",Food,0,
TX-0D06AAF50354,CUST-CB7702B7,2026-02-08T02:02:01.791552,60.04,USD,Golden Ltd,Food,0,
TX-0BE83FB6D692,CUST-D500252D,2025-11-18T16:02:01.791552,941.11,USD,Lynch-Hale,Food,0,
TX-10D3E4F76CD5,CUST-D500252D,2025-11-22T21:02:01.791552,1308.83,USD,"Gonzalez, Brady and Pineda",Travel,0,
TX-D96A7B97C5E8,CUST-D500252D,2025-11-24T15:02:01.791552,238.2,USD,"Liu, Brennan and Palmer",Utilities,0,
TX-00396E32149F,CUST-D500252D,2025-11-28T21:02:01.791552,236.39,USD,Collins-Cochran,Food,0,
TX-C8DDD187FE48,CUST-D500252D,2025-11-29T15:02:01.791552,1599.54,USD,Gonzalez Inc,Utilities,0,
TX-9886C4952F74,CUST-D500252D,2025-12-01T06:02:01.791552,545.53,USD,Martin Ltd,Retail,0,
TX-0109A659987A,CUST-D500252D,2025-12-03T21:02:01.791552,1463.88,USD,Hall-George,Travel,0,
TX-50C5A5D62719,CUST-D500252D,2025-12-05T14:02:01.791552,1135.24,USD,"Gibbs, Burton and Holder",Food,0,
TX-2666C4037CF4,CUST-D500252D,2025-12-07T17:02:01.791552,475.58,USD,Strickland-Morris,Food,0,
TX-5EA735C8DC55,CUST-D500252D,2025-12-11T19:02:01.791552,1397.71,USD,"Cooper, Martinez and Tyler",Food,0,
TX-59B8B3F5BBAA,CUST-D500252D,2025-12-12T13:02:01.791552,923.63,USD,"Holt, Gonzalez and Reyes",Food,0,
TX-C29EE08CE5ED,CUST-D500252D,2025-12-13T16:02:01.791552,1597.02,USD,Smith-Ali,Utilities,0,
TX-7ECC7FB181AA,CUST-D500252D,2025-12-17T02:02:01.791552,840.09,USD,Novak and Sons,Travel,0,
TX-BCCAC4044CDC,CUST-D500252D,2025-12-17T04:02:01.791552,288.05,USD,Nelson Group,Retail,0,
TX-B1AA4261A433,CUST-D500252D,2025-12-17T08:02:01.791552,43.74,USD,Collins-Ramirez,Travel,0,
TX-298FF2F28690,CUST-D500252D,2025-12-20T23:02:01.791552,1250.21,USD,Ball Inc,Food,0,
TX-9A721485AA00,CUST-D500252D,2025-12-25T23:02:01.791552,216.28,USD,Blankenship-Simmons,Retail,0,
TX-68ED7674A10D,CUST-D500252D,2025-12-30T00:02:01.791552,1976.21,USD,Hoover Ltd,Utilities,0,
TX-94EA435D5F25,CUST-D500252D,2026-01-02T23:02:01.791552,1169.78,USD,"Warren, Rogers and Jackson",Utilities,0,
TX-EC67B8992888,CUST-D500252D,2026-01-04T00:02:01.791552,1021.19,USD,"Murphy, Collins and Hale",Retail,0,
TX-D40160AD6A7C,CUST-D500252D,2026-01-06T02:02:01.791552,701.78,USD,"Flores, Jordan and Henderson",Retail,0,
TX-42E5450E5B07,CUST-D500252D,2026-01-10T17:02:01.791552,1172.4,USD,David Group,Travel,0,
TX-F0C669CFA26C,CUST-D500252D,2026-01-12T02:02:01.791552,1226.33,USD,Henson-Mckenzie,Retail,0,
TX-14CA9004D179,CUST-D500252D,2026-01-12T20:02:01.791552,629.41,USD,Duran LLC,Food,0,
TX-F14C869646D7,CUST-D500252D,2026-01-13T16:02:01.791552,1324.27,USD,"Fuller, Clark and Dean",Travel,0,
TX-BC917326CC6D,CUST-D500252D,2026-01-17T02:02:01.791552,1302.55,USD,"Barrett, Wallace and Maxwell",Utilities,0,
TX-22B98AA743FD,CUST-D500252D,2026-01-19T23:02:01.791552,295.84,USD,"Flores, Burnett and Santos",Food,0,
TX-CE049EA36E02,CUST-D500252D,2026-01-24T03:02:01.791552,1186.01,USD,Jackson-Howe,Travel,0,
TX-7DD3D47D3941,CUST-D500252D,2026-01-24T05:02:01.791552,1583.85,USD,Vasquez LLC,Food,0,
TX-35361E8A41CA,CUST-D500252D,2026-01-26T03:02:01.791552,996.16,USD,Nelson PLC,Food,0,
TX-B0B7E8D25721,CUST-D500252D,2026-01-26T10:02:01.791552,1130.64,USD,Simpson-Miller,Food,0,
TX-FDE29D945D87,CUST-D500252D,2026-01-27T00:02:01.791552,1969.59,USD,Ballard Group,Retail,0,
TX-AEB8BDAAF676,CUST-D500252D,2026-01-29T11:02:01.791552,1332.75,USD,Hernandez and Sons,Retail,0,
TX-17E236A60625,CUST-D500252D,2026-02-03T03:02:01.791552,749.31,USD,Allen-Lopez,Retail,0,
TX-7F05CEAFBAFC,CUST-D500252D,2026-02-04T05:02:01.791552,1722.05,USD,"Lindsey, Hernandez and Johnson",Retail,0,
TX-360E98B6E08F,CUST-D500252D,2026-02-05T07:02:01.791552,1385.2,USD,Evans-Smith,Food,0,
TX-F1AC4B7FBB67,CUST-D500252D,2026-02-09T07:02:01.791552,644.79,USD,Stevens Inc,Utilities,0,
TX-0F113FBE05A1,CUST-D500252D,2026-02-11T09:02:01.791552,836.46,USD,Foster Inc,Travel,0,
TX-A3CDBD25F2E6,CUST-529C97CC,2025-11-17T21:02:01.791552,745.99,USD,"Aguilar, Marsh and Martinez",Food,0,
TX-DD2AC679B395,CUST-529C97CC,2025-11-22T11:02:01.791552,151.72,USD,Schultz Ltd,Food,0,
TX-8B60E57C5D04,CUST-529C97CC,2025-11-25T07:02:01.791552,1203.49,USD,Herring LLC,Food,0,
TX-F403A374E246,CUST-529C97CC,2025-11-28T14:02:01.791552,58.86,USD,Thompson LLC,Retail,0,
TX-286181516A41,CUST-529C97CC,2025-11-30T03:02:01.791552,1418.19,USD,"Contreras, Patterson and Sutton",Utilities,0,
TX-C5660B872ED8,CUST-529C97CC,2025-12-03T22:02:01.791552,1866.87,USD,"Norris, Taylor and Bennett",Utilities,0,
TX-E45A7A6E9DF4,CUST-529C97CC,2025-12-05T09:02:01.791552,147.45,USD,"Coleman, Williams and Fleming",Travel,0,
TX-18A8BFF19E7D,CUST-529C97CC,2025-12-09T17:02:01.791552,201.15,USD,"Gregory, Adams and Clarke",Retail,0,
TX-A1BDD6B226B5,CUST-529C97CC,2025-12-10T07:02:01.791552,1367.54,USD,Mcguire Group,Utilities,0,
TX-492C8DB0DE9F,CUST-529C97CC,2025-12-13T19:02:01.791552,345.14,USD,"Blair, Owens and Smith",Retail,0,
TX-A91FC5B61D39,CUST-529C97CC,2025-12-16T17:02:01.791552,1669.69,USD,Brooks-Mcdaniel,Food,0,
TX-50B0D02F19BF,CUST-529C97CC,2025-12-18T01:02:01.791552,1559.46,USD,"Torres, Maynard and Lopez",Utilities,0,
TX-D610A6330205,CUST-529C97CC,2025-12-20T18:02:01.791552,1759.05,USD,Colon LLC,Travel,0,
TX-E316D58D6F66,CUST-529C97CC,2025-12-24T21:02:01.791552,266.94,USD,Garcia-Mills,Travel,0,
TX-F639136C106A,CUST-529C97CC,2025-12-28T12:02:01.791552,187.28,USD,"Williams, Suarez and Martinez",Travel,0,
TX-6CB10B5EC3D3,CUST-529C97CC,2025-12-31T21:02:01.791552,810.87,USD,"Jordan, Johnson and Holland",Travel,0,
TX-36C976CB20EA,CUST-529C97CC,2026-01-05T08:02:01.791552,1970.57,USD,Marshall Inc,Travel,0,
TX-B89D2825BB9D,CUST-529C97CC,2026-01-09T16:02:01.791552,783.98,USD,Grant-Haas,Travel,0,
TX-6651A31A4FD3,CUST-529C97CC,2026-01-09T23:02:01.791552,114.98,USD,"Schneider, Fitzpatrick and Tapia",Food,0,
TX-C3B36348EF6F,CUST-529C97CC,2026-01-11T20:02:01.791552,53.68,USD,Carter-Mueller,Food,0,
TX-81C903EF5C12,CUST-529C97CC,2026-01-16T11:02:01.791552,404.44,USD,Leonard-Wells,Utilities,0,
TX-FCB9D82643E8,CUST-529C97CC,2026-01-17T13:02:01.791552,1166.43,USD,Fitzpatrick PLC,Retail,0,
TX-E59799C03C34,CUST-529C97CC,2026-01-17T18:02:01.791552,1832.23,USD,"Rodriguez, Mejia and Camacho",Utilities,0,
TX-60B221BC916B,CUST-529C97CC,2026-01-18T13:02:01.791552,1069.29,USD,Clark-Swanson,Utilities,0,
TX-F262BDA7DEAE,CUST-529C97CC,2026-01-20T02:02:01.791552,1600.27,USD,Mitchell Inc,Utilities,0,
TX-FE71913F9A69,CUST-529C97CC,2026-01-20T12:02:01.791552,1187.69,USD,Thomas-Winters,Travel,0,
TX-3ED192A6A4F6,CUST-529C97CC,2026-01-22T15:02:01.791552,119.8,USD,"Ramirez, Thompson and Wallace",Travel,0,
TX-C82667F874BE,CUST-529C97CC,2026-01-22T23:02:01.791552,1925.33,USD,"Hall, Johnson and Hughes",Travel,0,
TX-B0B974CD32BB,CUST-529C97CC,2026-01-26T18:02:01.791552,905.87,USD,"Green, Gonzalez and Cole",Travel,0,
TX-A8374993411C,CUST-529C97CC,2026-01-30T09:02:01.791552,1112.43,USD,"Morris, Brooks and Hays",Retail,0,
TX-9CC7CEA57B17,CUST-529C97CC,2026-02-01T11:02:01.791552,1912.75,USD,"Adams, Chase and Atkinson",Travel,0,
TX-48782EBAC20C,CUST-529C97CC,2026-02-06T00:02:01.791552,1198.88,USD,"James, Bond and Whitaker",Utilities,0,
TX-A1D43BE7F728,CUST-529C97CC,2026-02-09T11:02:01.791552,237.05,USD,Marquez LLC,Utilities,0,
TX-8B58AF105F87,CUST-529C97CC,2026-02-10T23:02:01.791552,1750.89,USD,Fisher LLC,Travel,0,
TX-745B09497DF3,CUST-529C97CC,2026-02-11T01:02:01.791552,1291.62,USD,"Dawson, Kelly and Dominguez",Utilities,0,
TX-97AFDBEBD817,CUST-4F5B6DE5,2025-11-14T06:02:01.791552,1783.04,USD,"Robertson, Kennedy and Miller",Utilities,0,
TX-90CA62A1FFC1,CUST-4F5B6DE5,2025-11-18T14:02:01.791552,161.73,USD,Johnson LLC,Food,0,
TX-4728C65F20B6,CUST-4F5B6DE5,2025-11-22T12:02:01.791552,928.44,USD,Guerrero Inc,Retail,0,
TX-BE213BE91F8C,CUST-4F5B6DE5,2025-11-26T11:02:01.791552,1429.81,USD,Cox-Tucker,Utilities,0,
TX-17DF76AA791D,CUST-4F5B6DE5,2025-11-26T14:02:01.791552,1981.76,USD,Thomas-Waters,Travel,0,
TX-C7A83E989861,CUST-4F5B6DE5,2025-11-30T15:02:01.791552,794.29,USD,"Guerrero, White and Torres",Utilities,0,
TX-F9E06783990F,CUST-4F5B6DE5,2025-12-03T23:02:01.791552,1287.86,USD,"Jacobs, Soto and Ruiz",Travel,0,
TX-0742AC632921,CUST-4F5B6DE5,2025-12-08T01:02:01.791552,687.97,USD,Townsend-Sanders,Retail,0,
TX-113517CA7201,CUST-4F5B6DE5,2025-12-09T21:02:01.791552,1981.51,USD,Roberts and Sons,Retail,0,
TX-F33D92BF0614,CUST-4F5B6DE5,2025-12-12T08:02:01.791552,960.57,USD,"Lee, Johnson and Gutierrez",Utilities,0,
TX-78F4C78BDF4C,CUST-4F5B6DE5,2025-12-13T03:02:01.791552,1320.01,USD,"Boyer, Phillips and Morales",Food,0,
TX-2D79A746A078,CUST-4F5B6DE5,2025-12-17T05:02:01.791552,1247.42,USD,Morgan-Jensen,Utilities,0,
TX-087C4CA5488A,CUST-4F5B6DE5,2025-12-20T17:02:01.791552,1258.48,USD,Wilson Ltd,Travel,0,
TX-F5BE5EA92B75,CUST-4F5B6DE5,2025-12-25T08:02:01.791552,1289.26,USD,Lee-Chase,Travel,0,
TX-874326134ECA,CUST-4F5B6DE5,2025-12-29T04:02:01.791552,135.58,USD,"Cooley, Richards and Washington",Travel,0,
TX-E452D1C92B65,CUST-4F5B6DE5,2025-12-29T12:02:01.791552,954.89,USD,Pierce-Rojas,Utilities,0,
TX-181FB032B977,CUST-4F5B6DE5,2026-01-02T21:02:01.791552,381.25,USD,Kennedy-Massey,Utilities,0,
TX-0A36F8CCC7A4,CUST-4F5B6DE5,2026-01-03T14:02:01.791552,832.42,USD,Smith Ltd,Retail,0,
TX-88D238AB7B40,CUST-4F5B6DE5,2026-01-03T21:02:01.791552,1499.93,USD,Williams-Martin,Retail,0,
TX-E4E762EEC994,CUST-4F5B6DE5,2026-01-04T17:02:01.791552,1573.43,USD,"Ross, Skinner and Hurley",Utilities,0,
TX-DAC5371392C0,CUST-4F5B6DE5,2026-01-05T11:02:01.791552,1485.92,USD,"King, Watson and Whitney",Travel,0,
TX-4A3EE97ACD06,CUST-4F5B6DE5,2026-01-09T18:02:01.791552,1940.04,USD,Miller-Davis,Retail,0,
TX-3ADD90B6C4DB,CUST-4F5B6DE5,2026-01-14T03:02:01.791552,1191.32,USD,"Cox, Douglas and Tucker",Utilities,0,
TX-EED47E8F1DBC,CUST-4F5B6DE5,2026-01-16T20:02:01.791552,505.82,USD,Diaz-Williams,Travel,0,
TX-741857F12E41,CUST-4F5B6DE5,2026-01-17T19:02:01.791552,1192.07,USD,Thomas PLC,Retail,0,
TX-F2BDB346507E,CUST-4F5B6DE5,2026-01-20T06:02:01.791552,632.08,USD,"Moore, Choi and Dawson",Food,0,
TX-D49D4334918C,CUST-4F5B6DE5,2026-01-21T06:02:01.791552,224.19,USD,May PLC,Food,0,
TX-D2F0C3058678,CUST-4F5B6DE5,2026-01-25T03:02:01.791552,1024.44,USD,Gonzalez and Sons,Food,0,
TX-25B2FA25225D,CUST-4F5B6DE5,2026-01-27T17:02:01.791552,1083.77,USD,Carpenter-Armstrong,Travel,0,
TX-5AFE726E9FF1,CUST-4F5B6DE5,2026-02-01T06:02:01.791552,1476.71,USD,Moss Group,Travel,0,
TX-9DE88337C410,CUST-4F5B6DE5,2026-02-05T10:02:01.791552,1535.36,USD,"Orr, Weaver and Bell",Food,0,
TX-14413A3A675A,CUST-4F5B6DE5,2026-02-09T06:02:01.791552,1677.88,USD,Washington-Davis,Retail,0,
TX-10CFCA7565F8,CUST-4F5B6DE5,2026-02-10T21:02:01.791552,110.96,USD,"Davis, Cabrera and Villegas",Travel,0,
TX-FF315C37A25B,CUST-9CDA983A,2025-11-14T23:02:01.791552,1525.86,USD,Brock-Miller,Utilities,0,
TX-53847734F15D,CUST-9CDA983A,2025-11-19T09:02:01.791552,369.81,USD,Rios-Ward,Travel,0,
TX-B3AC1AC8C4AC,CUST-9CDA983A,2025-11-21T08:02:01.791552,1090.46,USD,Cruz-Mcneil,Food,0,
TX-E56127E73092,CUST-9CDA983A,2025-11-24T10:02:01.791552,607.84,USD,"Morrow, Hendrix and Scott",Utilities,0,
TX-AC3269E22A7B,CUST-9CDA983A,2025-11-26T12:02:01.791552,515.68,USD,Willis-Jennings,Travel,0,
TX-23464F3B0C21,CUST-9CDA983A,2025-12-01T04:02:01.791552,698.08,USD,Curtis Group,Utilities,0,
TX-CA76F927B6B7,CUST-9CDA983A,2025-12-02T18:02:01.791552,1887.79,USD,Jones Inc,Travel,0,
TX-0900720C7E50,CUST-9CDA983A,2025-12-03T08:02:01.791552,382.06,USD,Robinson-Wilson,Utilities,0,
TX-FFDC48DFB1E7,CUST-9CDA983A,2025-12-04T02:02:01.791552,1081.85,USD,"Brown, Lewis and Davis",Retail,0,
TX-5FABEFEBC833,CUST-9CDA983A,2025-12-07T14:02:01.791552,1888.52,USD,"Jackson, Travis and Maynard",Food,0,
TX-028ED2D394DD,CUST-9CDA983A,2025-12-08T19:02:01.791552,285.84,USD,Yang Group,Retail,0,
TX-AFEB5F3090B5,CUST-9CDA983A,2025-12-12T23:02:01.791552,1019.15,USD,"Dudley, Patrick and Russell",Utilities,0,
TX-99BE1D0AC3EB,CUST-9CDA983A,2025-12-13T03:02:01.791552,1197.67,USD,Powell-Munoz,Utilities,0,
TX-039C4E7CAC66,CUST-9CDA983A,2025-12-13T23:02:01.791552,313.8,USD,Johnson Group,Food,0,
TX-26C6EB079B33,CUST-9CDA983A,2025-12-17T06:02:01.791552,733.7,USD,Kemp-White,Travel,0,
TX-593E551FC130,CUST-9CDA983A,2025-12-20T00:02:01.791552,207.15,USD,Burns Group,Food,0,
TX-8FCE0F94DB11,CUST-9CDA983A,2025-12-23T00:02:01.791552,579.76,USD,"Taylor, Allen and Ross",Retail,0,
TX-DF4614C6D0FF,CUST-9CDA983A,2025-12-23T09:02:01.791552,259.99,USD,Garcia-Flowers,Utilities,0,
TX-30D4CAF1A605,CUST-9CDA983A,2025-12-24T01:02:01.791552,1624.69,USD,Navarro-Elliott,Travel,0,
TX-111F699712C0,CUST-9CDA983A,2025-12-27T13:02:01.791552,216.14,USD,Pitts Inc,Food,0,
TX-F4A93AD1B185,CUST-9CDA983A,2025-12-31T21:02:01.791552,790.32,USD,Bridges-Smith,Utilities,0,
TX-EC77CAA84E4A,CUST-9CDA983A,2026-01-05T08:02:01.791552,829.2,USD,Ellis-Lynch,Travel,0,
TX-DABBDC1D02CB,CUST-9CDA983A,2026-01-08T02:02:01.791552,1343.33,USD,Garcia-Holland,Retail,0,
TX-C304732327D8,CUST-9CDA983A,2026-01-09T21:02:01.791552,550.65,USD,Cooley PLC,Utilities,0,
TX-F1E21ACEA002,CUST-9CDA983A,2026-01-12T00:02:01.791552,19.51,USD,"Kelly, Holder and Mejia",Retail,0,
TX-4550CA8CC27B,CUST-9CDA983A,2026-01-12T15:02:01.791552,87.8,USD,Pitts PLC,Food,0,
TX-6846BD8DF5A8,CUST-9CDA983A,2026-01-13T19:02:01.791552,1760.03,USD,Clark-Fox,Retail,0,
TX-AFF36A46713F,CUST-9CDA983A,2026-01-17T00:02:01.791552,872.88,USD,Waters PLC,Utilities,0,
TX-994D209EE1CA,CUST-9CDA983A,2026-01-20T21:02:01.791552,801.86,USD,"Hughes, Jones and Schmidt",Food,0,
TX-DA8A2D7C0D21,CUST-9CDA983A,2026-01-24T09:02:01.791552,895.63,USD,"Fisher, Robertson and Bean",Food,0,
TX-3E8DB06F93A8,CUST-9CDA983A,2026-01-25T21:02:01.791552,1650.54,USD,Bautista and Sons,Retail,0,
TX-296829F6FD54,CUST-8B2C57BC,2025-11-18T11:02:01.791552,484.93,USD,Smith PLC,Utilities,0,
TX-4EF752ECA4D1,CUST-8B2C57BC,2025-11-19T07:02:01.791552,208.24,USD,Edwards and Sons,Utilities,0,
TX-4BD3D6D1AC6A,CUST-8B2C57BC,2025-11-20T15:02:01.791552,905.13,USD,Reynolds and Sons,Travel,0,
TX-83CED9A41FEB,CUST-8B2C57BC,2025-11-23T11:02:01.791552,135.3,USD,Richardson-Barnes,Utilities,0,
TX-09407B69D523,CUST-8B2C57BC,2025-11-25T21:02:01.791552,1433.14,USD,"Collins, Richards and Gregory",Travel,0,
TX-F29B8944A754,CUST-8B2C57BC,2025-11-26T17:02:01.791552,426.92,USD,Richards-Smith,Retail,0,
TX-209CF029EED2,CUST-8B2C57BC,2025-11-30T01:02:01.791552,417.15,USD,Townsend-Brown,Utilities,0,
TX-33F7E2F828CA,CUST-8B2C57BC,2025-12-03T00:02:01.791552,1009.8,USD,Howard Ltd,Retail,0,
TX-AEE92AFBD134,CUST-8B2C57BC,2025-12-03T07:02:01.791552,1025.29,USD,Schmidt-Dawson,Utilities,0,
TX-D2DB51B45272,CUST-8B2C57BC,2025-12-06T17:02:01.791552,773.77,USD,Ramirez-Logan,Food,0,
TX-6159A6095AF3,CUST-8B2C57BC,2025-12-07T21:02:01.791552,1415.25,USD,Terry Inc,Travel,0,
TX-54DD60911A96,CUST-8B2C57BC,2025-12-08T07:02:01.791552,16.5,USD,Brooks and Sons,Food,0,
TX-C24962A6E0A8,CUST-8B2C57BC,2025-12-10T16:02:01.791552,342.91,USD,"Solis, Gilbert and Scott",Retail,0,
TX-4AB4CE03B94E,CUST-8B2C57BC,2025-12-14T12:02:01.791552,1249.63,USD,Castro and Sons,Travel,0,
TX-3FFCE2E4BADD,CUST-8B2C57BC,2025-12-15T07:02:01.791552,307.4,USD,Robinson-Rivas,Travel,0,
TX-9631DE3070F8,CUST-8B2C57BC,2025-12-15T20:02:01.791552,1862.02,USD,White-Riley,Utilities,0,
TX-D908DDAD95A9,CUST-8B2C57BC,2025-12-18T22:02:01.791552,1364.25,USD,"Jones, Smith and Martin",Utilities,0,
TX-4F3388106571,CUST-8B2C57BC,2025-12-20T11:02:01.791552,466.25,USD,Little and Sons,Utilities,0,
TX-C3529451877C,CUST-8B2C57BC,2025-12-23T04:02:01.791552,420.32,USD,"Thomas, Booth and Lee",Travel,0,
TX-4C0122654A2F,CUST-8B2C57BC,2025-12-26T04:02:01.791552,700.75,USD,Vargas Ltd,Retail,0,
TX-50241EAEAF1E,CUST-8B2C57BC,2025-12-28T20:02:01.791552,1176.13,USD,Neal Inc,Retail,0,
TX-B86EF876E7F0,CUST-8B2C57BC,2026-01-02T15:02:01.791552,1441.99,USD,"Walker, Foley and Harris",Utilities,0,
TX-461FEFAA238D,CUST-8B2C57BC,2026-01-02T18:02:01.791552,971.3,USD,"Shepherd, Garrett and Mathis",Retail,0,
TX-8C9884C2A282,CUST-8B2C57BC,2026-01-03T03:02:01.791552,1280.56,USD,"Potter, Mcdaniel and Bailey",Travel,0,
TX-DFE8C87B3816,CUST-8B2C57BC,2026-01-05T01:02:01.791552,846.91,USD,Donovan Ltd,Travel,0,
TX-377CF956A099,CUST-8B2C57BC,2026-01-08T16:02:01.791552,1411.35,USD,Gilmore Ltd,Retail,0,
TX-48B59D7A02B3,CUST-8B2C57BC,2026-01-11T22:02:01.791552,1974.03,USD,Shelton PLC,Food,0,
TX-122F12C52D21,CUST-8B2C57BC,2026-01-15T05:02:01.791552,1326.89,USD,Frazier LLC,Utilities,0,
TX-1E12E76E6963,CUST-8B2C57BC,2026-01-18T23:02:01.791552,984.44,USD,"Flores, Torres and Benson",Food,0,
TX-BE292AA2252B,CUST-8B2C57BC,2026-01-23T00:02:01.791552,870.42,USD,"Wilson, Lee and Jones",Travel,0,
TX-9C1E6E03470B,CUST-8B2C57BC,2026-01-23T23:02:01.791552,1349.09,USD,Davis PLC,Travel,0,
TX-38EAED1D652F,CUST-8B2C57BC,2026-01-27T18:02:01.791552,1886.41,USD,"Klein, Romero and Scott",Food,0,
TX-6CF14E5BCA31,CUST-8B2C57BC,2026-01-30T22:02:01.791552,352.09,USD,"Turner, Sims and Parsons",Utilities,0,
TX-D39B02296CEE,CUST-9014B41D,2025-11-15T16:02:01.791552,522.64,USD,"Gilbert, Nelson and Clark",Travel,0,
TX-C37465795FBF,CUST-9014B41D,2025-11-19T22:02:01.791552,1298.3,USD,"Scott, Mata and Barker",Food,0,
TX-378E649FBD93,CUST-9014B41D,2025-11-22T19:02:01.791552,607.82,USD,"Farmer, Hernandez and Ewing",Food,0,
TX-97DD33E80428,CUST-9014B41D,2025-11-25T05:02:01.791552,857.14,USD,"Sanchez, Ryan and Kane",Utilities,0,
TX-33CBF8F5FD5B,CUST-9014B41D,2025-11-26T12:02:01.791552,354.36,USD,Hamilton-Wright,Retail,0,
TX-89DEFF06C485,CUST-9014B41D,2025-11-27T06:02:01.791552,343.89,USD,King-Walker,Utilities,0,
TX-796580CDC8C0,CUST-9014B41D,2025-12-02T00:02:01.791552,1024.11,USD,"Hutchinson, Anderson and Martin",Travel,0,
TX-AD90143B9087,CUST-9014B41D,2025-12-06T12:02:01.791552,908.81,USD,Craig and Sons,Retail,0,
TX-B25DCB13AFA9,CUST-9014B41D,2025-12-08T14:02:01.791552,952.02,USD,Murphy LLC,Travel,0,
TX-BD942E9B8273,CUST-9014B41D,2025-12-13T01:02:01.791552,1345.93,USD,Hamilton Group,Travel,0,
TX-0C7590E79687,CUST-9014B41D,2025-12-15T11:02:01.791552,1113.0,USD,"Evans, Johnson and Martinez",Travel,0,
TX-84FBB92742C2,CUST-9014B41D,2025-12-15T14:02:01.791552,1027.32,USD,"Walters, Wilson and Price",Food,0,
TX-FC84B6A0471F,CUST-9014B41D,2025-12-17T05:02:01.791552,1597.91,USD,Gordon-Phillips,Utilities,0,
TX-EC8E093C6EF7,CUST-9014B41D,2025-12-20T02:02:01.791552,292.78,USD,"Adams, Fisher and Tate",Food,0,
TX-687C41872012,CUST-9014B41D,2025-12-22T16:02:01.791552,1401.4,USD,Chang-Evans,Retail,0,
TX-DECD5C2AB667,CUST-9014B41D,2025-12-22T17:02:01.791552,1222.9,USD,Marquez and Sons,Utilities,0,
TX-A04416F70073,CUST-9014B41D,2025-12-23T06:02:01.791552,1983.67,USD,Jones-Park,Retail,0,
TX-013F2A602B9C,CUST-9014B41D,2025-12-26T01:02:01.791552,1052.86,USD,"Olson, Marquez and Moore",Food,0,
TX-F369767132C4,CUST-9014B41D,2025-12-28T22:02:01.791552,1324.95,USD,"Cordova, Montoya and Freeman",Travel,0,
TX-B84637E414FB,CUST-9014B41D,2026-01-01T01:02:01.791552,1811.57,USD,"Hansen, Nelson and Johnson",Food,0,
TX-85D0CC27E177,CUST-BA1737A3,2025-11-17T06:02:01.791552,1286.7,USD,Waller Inc,Food,0,
TX-3CFB3D61CDDE,CUST-BA1737A3,2025-11-17T19:02:01.791552,1603.01,USD,Crosby-Foster,Travel,0,
TX-4E640801A012,CUST-BA1737A3,2025-11-22T15:02:01.791552,156.48,USD,Horne-Collins,Retail,0,
TX-E1E931BE3D64,CUST-BA1737A3,2025-11-26T01:02:01.791552,589.74,USD,"Li, Fuller and Kennedy",Retail,0,
TX-F6866026E13B,CUST-BA1737A3,2025-11-28T10:02:01.791552,1086.94,USD,Garcia-Ortiz,Food,0,
TX-04CA643FAC61,CUST-BA1737A3,2025-12-03T02:02:01.791552,462.44,USD,Stuart LLC,Utilities,0,
TX-52C8F776331A,CUST-BA1737A3,2025-12-04T11:02:01.791552,193.32,USD,Webster-George,Food,0,
TX-1794FE94DFFC,CUST-BA1737A3,2025-12-07T23:02:01.791552,607.9,USD,Wilson-Carpenter,Utilities,0,
TX-6EA6B0A97A27,CUST-BA1737A3,2025-12-09T08:02:01.791552,112.98,USD,Clark-Chan,Food,0,
TX-B8D1271416E9,CUST-BA1737A3,2025-12-12T18:02:01.791552,1918.39,USD,Gonzales Group,Travel,0,
TX-80C685AD2EA1,CUST-BA1737A3,2025-12-16T21:02:01.791552,331.35,USD,Williams-Hernandez,Travel,0,
TX-4911D613F294,CUST-BA1737A3,2025-12-20T16:02:01.791552,1276.71,USD,"Hunter, Hill and Watson",Travel,0,
TX-A24A7FFF989D,CUST-BA1737A3,2025-12-23T13:02:01.791552,1321.64,USD,Hill-Hanna,Travel,0,
TX-C63059B68E1E,CUST-BA1737A3,2025-12-24T07:02:01.791552,1751.15,USD,Pittman Inc,Food,0,
TX-EBC299F29956,CUST-BA1737A3,2025-12-25T00:02:01.791552,95.39,USD,Pham Ltd,Food,0,
TX-3672684CF709,CUST-BA1737A3,2025-12-25T14:02:01.791552,1449.52,USD,"Brewer, Jordan and Noble",Utilities,0,
TX-F30922BC64ED,CUST-BA1737A3,2025-12-28T20:02:01.791552,66.69,USD,Duncan Group,Retail,0,
TX-606FFEECF1CC,CUST-BA1737A3,2025-12-31T10:02:01.791552,294.28,USD,Marks Ltd,Utilities,0,
TX-409C1CFBC3B1,CUST-BA1737A3,2026-01-01T14:02:01.791552,306.12,USD,"Reynolds, Martin and Lewis",Food,0,
TX-AA090A7FD4AC,CUST-BA1737A3,2026-01-04T09:02:01.791552,551.82,USD,Reed Inc,Travel,0,
TX-8C792548CAEC,CUST-BA1737A3,2026-01-04T14:02:01.791552,1018.71,USD,"Luna, Mejia and Simpson",Food,0,
TX-6D06A45490B3,CUST-BA1737A3,2026-01-08T21:02:01.791552,1924.23,USD,"Robinson, Mercado and Hawkins",Food,0,
TX-2E4B9EBC2278,CUST-EA5EB4E8,2025-11-17T04:02:01.791552,674.87,USD,Tucker-Strong,Travel,0,
TX-6D7DC9EF2757,CUST-EA5EB4E8,2025-11-20T06:02:01.791552,1133.64,USD,Ellis and Sons,Retail,0,
TX-8688675609E7,CUST-EA5EB4E8,2025-11-24T04:02:01.791552,842.27,USD,Mason Group,Travel,0,
TX-744AE4C77316,CUST-EA5EB4E8,2025-11-28T12:02:01.791552,225.81,USD,Wu-Velasquez,Utilities,0,
TX-50D4C8DBD122,CUST-EA5EB4E8,2025-11-29T21:02:01.791552,1908.5,USD,Campbell-Williams,Utilities,0,
TX-DD65E989D9BC,CUST-EA5EB4E8,2025-12-03T15:02:01.791552,1461.04,USD,"Mahoney, Mcdaniel and Carpenter",Utilities,0,
TX-01E6C4A8AB22,CUST-EA5EB4E8,2025-12-08T04:02:01.791552,205.08,USD,Gonzalez-Meyers,Retail,0,
TX-C5BFEB7B5411,CUST-EA5EB4E8,2025-12-12T08:02:01.791552,962.49,USD,"Patel, Taylor and Schroeder",Food,0,
TX-11E8C22C1981,CUST-EA5EB4E8,2025-12-16T03:02:01.791552,1139.47,USD,Hudson LLC,Utilities,0,
TX-25BDE5C14261,CUST-EA5EB4E8,2025-12-18T00:02:01.791552,1841.41,USD,Brown Ltd,Retail,0,
TX-EC36C0124B79,CUST-EA5EB4E8,2025-12-20T02:02:01.791552,1491.11,USD,Bell-Roberts,Travel,0,
TX-5DFB610D3255,CUST-EA5EB4E8,2025-12-23T22:02:01.791552,1312.51,USD,"Rodriguez, Hunter and Taylor",Retail,0,
TX-52609B433179,CUST-EA5EB4E8,2025-12-28T06:02:01.791552,424.77,USD,Reid Group,Food,0,
TX-9A61240D75CD,CUST-EA5EB4E8,2025-12-28T11:02:01.791552,832.0,USD,"Williams, Donaldson and Myers",Retail,0,
TX-22CA7B924E02,CUST-EA5EB4E8,2026-01-01T06:02:01.791552,724.9,USD,Davis LLC,Travel,0,
TX-512B939F5CCB,CUST-EA5EB4E8,2026-01-02T21:02:01.791552,188.64,USD,Moon Group,Retail,0,
TX-4E0F7FBAF7CA,CUST-EA5EB4E8,2026-01-03T11:02:01.791552,1488.8,USD,Dean Ltd,Travel,0,
TX-06FE1EA9DC2A,CUST-EA5EB4E8,2026-01-06T21:02:01.791552,1028.67,USD,"Franklin, Case and Jackson",Travel,0,
TX-FAFAFADE5F58,CUST-739C9DC8,2025-11-16T03:02:01.791552,1223.87,USD,"Tucker, Henson and Young",Retail,0,
TX-D3D2737DF646,CUST-739C9DC8,2025-11-19T17:02:01.791552,351.33,USD,"Jones, Atkins and Peterson",Food,0,
TX-A60DD9147866,CUST-739C9DC8,2025-11-23T17:02:01.791552,587.95,USD,Massey-Calderon,Utilities,0,
TX-86252EA77463,CUST-739C9DC8,2025-11-28T00:02:01.791552,1031.23,USD,Jimenez Group,Travel,0,
TX-737A1226C6DF,CUST-739C9DC8,2025-12-01T16:02:01.791552,256.58,USD,Morgan and Sons,Food,0,
TX-B7E367E0ACA6,CUST-739C9DC8,2025-12-03T17:02:01.791552,100.98,USD,Guzman-Graham,Utilities,0,
TX-621FA9C80A5B,CUST-739C9DC8,2025-12-06T02:02:01.791552,1627.46,USD,Thomas Ltd,Travel,0,
TX-90F785F79DC4,CUST-739C9DC8,2025-12-07T23:02:01.791552,969.78,USD,"Lee, Fuller and Burke",Utilities,0,
TX-EBFFF40351CA,CUST-739C9DC8,2025-12-08T12:02:01.791552,1403.5,USD,Allen Inc,Utilities,0,
TX-C7CF86AFEAF4,CUST-739C9DC8,2025-12-11T11:02:01.791552,1065.23,USD,Perez Ltd,Food,0,
TX-5A4D95C266A9,CUST-739C9DC8,2025-12-12T04:02:01.791552,1599.99,USD,Sanchez PLC,Travel,0,
TX-29BD45E7D2BC,CUST-739C9DC8,2025-12-14T22:02:01.791552,171.73,USD,Gillespie-Stewart,Travel,0,
TX-4CB4242674FD,CUST-739C9DC8,2025-12-15T06:02:01.791552,671.4,USD,"Hill, Garcia and Jordan",Travel,0,
TX-6F3188E6079F,CUST-739C9DC8,2025-12-19T04:02:01.791552,433.18,USD,Wilson-Clark,Retail,0,
TX-51DE023EEFC8,CUST-739C9DC8,2025-12-23T05:02:01.791552,1746.84,USD,Huff PLC,Travel,0,
TX-C20C4E8C5BFE,CUST-739C9DC8,2025-12-26T11:02:01.791552,1165.35,USD,Cruz-Evans,Utilities,0,
TX-3245E66AF941,CUST-739C9DC8,2025-12-27T08:02:01.791552,362.03,USD,Salinas-Moore,Utilities,0,
TX-09FA6510B815,CUST-739C9DC8,2025-12-28T08:02:01.791552,1893.5,USD,Roberts-Berg,Retail,0,
TX-A61125B240FA,CUST-739C9DC8,2025-12-29T19:02:01.791552,278.88,USD,Tate LLC,Retail,0,
TX-97F7819660DC,CUST-739C9DC8,2026-01-03T19:02:01.791552,1309.32,USD,"West, Hatfield and Payne",Travel,0,
TX-5EBB04E4D698,CUST-739C9DC8,2026-01-04T18:02:01.791552,416.92,USD,"Fitzgerald, Brown and Kerr",Utilities,0,
TX-9F5F57BFA916,CUST-739C9DC8,2026-01-06T03:02:01.791552,906.99,USD,Clark PLC,Utilities,0,
TX-64113251B479,CUST-739C9DC8,2026-01-08T11:02:01.791552,1632.62,USD,"Strong, Ellis and Combs",Food,0,
TX-3FEE50B81570,CUST-739C9DC8,2026-01-09T20:02:01.791552,1354.96,USD,Williams-Brown,Retail,0,
TX-834EE00C5A73,CUST-739C9DC8,2026-01-11T00:02:01.791552,537.18,USD,Campbell-Richard,Utilities,0,
TX-67407D73DBEE,CUST-739C9DC8,2026-01-15T12:02:01.791552,470.53,USD,Anderson PLC,Food,0,
TX-125886F44F9C,CUST-739C9DC8,2026-01-20T05:02:01.791552,1802.81,USD,"Barrett, Burns and Jones",Utilities,0,
TX-C30D70E66ED6,CUST-739C9DC8,2026-01-22T08:02:01.791552,1439.7,USD,"Rogers, Thompson and Fitzpatrick",Food,0,
TX-D8FFD32169FC,CUST-739C9DC8,2026-01-22T17:02:01.791552,75.44,USD,Lane-Allen,Utilities,0,
TX-4EFFB1713591,CUST-739C9DC8,2026-01-26T23:02:01.791552,722.29,USD,"Kennedy, Ochoa and Kim",Travel,0,
TX-177A6ECE6C89,CUST-739C9DC8,2026-01-31T04:02:01.791552,227.95,USD,Woods-Thompson,Food,0,
TX-579836F32000,CUST-739C9DC8,2026-02-03T04:02:01.791552,1644.47,USD,"Giles, Vasquez and Walton",Utilities,0,
TX-528238EF8ABF,CUST-739C9DC8,2026-02-04T11:02:01.791552,632.6,USD,Johns and Sons,Food,0,
TX-E1630B243D9B,CUST-739C9DC8,2026-02-04T14:02:01.791552,253.57,USD,Nguyen LLC,Utilities,0,
TX-7BD4B462930E,CUST-739C9DC8,2026-02-09T03:02:01.791552,302.0,USD,Jones-Moore,Travel,0,
TX-A9093A504A21,CUST-739C9DC8,2026-02-11T21:02:01.791552,1778.43,USD,Murray-Nolan,Food,0,
TX-B8D7ECB056DE,CUST-41983CDF,2025-11-15T19:02:01.791552,511.75,USD,Vega-Mason,Utilities,0,
TX-E666B93F3DDE,CUST-41983CDF,2025-11-16T03:02:01.791552,1125.51,USD,Jackson-Salinas,Food,0,
TX-194EA81E9DDA,CUST-41983CDF,2025-11-19T11:02:01.791552,1229.75,USD,Mercer-Lin,Food,0,
TX-BFC22CBCADA5,CUST-41983CDF,2025-11-19T18:02:01.791552,1987.09,USD,"Patterson, Rivera and Brown",Food,0,
TX-81FA5202E25B,CUST-41983CDF,2025-11-22T20:02:01.791552,1803.33,USD,"Benson, Webb and Martin",Travel,0,
TX-FFB43C600CD5,CUST-41983CDF,2025-11-27T00:02:01.791552,162.52,USD,Michael-Williams,Retail,0,
TX-838B71027D50,CUST-41983CDF,2025-11-28T03:02:01.791552,1084.31,USD,Smith-Jones,Retail,0,
TX-A49E1EC3A32D,CUST-41983CDF,2025-12-02T01:02:01.791552,975.81,USD,Gibson Ltd,Retail,0,
TX-9612C12FC74D,CUST-41983CDF,2025-12-03T12:02:01.791552,1305.79,USD,Johnson Ltd,Utilities,0,
TX-9DAB55080B37,CUST-41983CDF,2025-12-04T17:02:01.791552,1802.88,USD,"Patrick, Johnson and Macias",Travel,0,
TX-FA864447BD94,CUST-41983CDF,2025-12-09T07:02:01.791552,725.49,USD,Gill-Smith,Retail,0,
TX-3E21CDCDF342,CUST-41983CDF,2025-12-12T12:02:01.791552,1473.0,USD,Anderson-Carter,Food,0,
TX-582127EA2012,CUST-A8B3F185,2025-11-14T07:02:01.791552,550.02,USD,Richard Inc,Food,0,
TX-2A38E293E5F1,CUST-A8B3F185,2025-11-15T20:02:01.791552,491.03,USD,Brown-Richards,Utilities,0,
TX-E82522E7DA71,CUST-A8B3F185,2025-11-16T01:02:01.791552,1126.85,USD,Scott LLC,Retail,0,
TX-6F5FEC76258A,CUST-A8B3F185,2025-11-19T23:02:01.791552,683.58,USD,Carter LLC,Utilities,0,
TX-A95463665D7B,CUST-A8B3F185,2025-11-24T12:02:01.791552,1347.25,USD,Cameron LLC,Food,0,
TX-7432B93DD555,CUST-A8B3F185,2025-11-27T15:02:01.791552,840.19,USD,Ross-Dorsey,Utilities,0,
TX-DD3BD3722CE1,CUST-A8B3F185,2025-12-01T18:02:01.791552,936.18,USD,Rodriguez-Weber,Travel,0,
TX-9F464D49DAC2,CUST-1CF4D0B0,2025-11-18T14:02:01.791552,1360.84,USD,Ruiz-Anderson,Utilities,0,
TX-B066257BEFB2,CUST-1CF4D0B0,2025-11-19T15:02:01.791552,663.38,USD,Clements-Gallagher,Utilities,0,
TX-A3CAD660A5B4,CUST-1CF4D0B0,2025-11-22T21:02:01.791552,959.27,USD,Rice-Stevens,Food,0,
TX-3D8ADAC703D8,CUST-1CF4D0B0,2025-11-26T22:02:01.791552,344.4,USD,Valenzuela-Jones,Utilities,0,
TX-4B6983CB4149,CUST-1CF4D0B0,2025-11-27T10:02:01.791552,821.02,USD,"White, Hess and Murphy",Utilities,0,
TX-D203441DADB8,CUST-1CF4D0B0,2025-11-28T22:02:01.791552,56.79,USD,"Hawkins, Clark and Erickson",Retail,0,
TX-669292B65151,CUST-1CF4D0B0,2025-12-01T12:02:01.791552,1126.1,USD,Perez Inc,Utilities,0,
TX-C31B932A2B4D,CUST-1CF4D0B0,2025-12-04T22:02:01.791552,590.99,USD,"Davis, Parks and Berry",Retail,0,
TX-8FD78294AE33,CUST-1CF4D0B0,2025-12-06T00:02:01.791552,1948.78,USD,"Baker, Davies and Cisneros",Travel,0,
TX-75414B3BE60B,CUST-1CF4D0B0,2025-12-08T00:02:01.791552,705.01,USD,"Olson, Banks and Gilmore",Retail,0,
TX-E5CC8DEB2149,CUST-1CF4D0B0,2025-12-08T01:02:01.791552,1392.27,USD,Dominguez LLC,Food,0,
TX-239605666BD6,CUST-1CF4D0B0,2025-12-12T20:02:01.791552,1379.53,USD,"Moss, Mccarty and Mullins",Food,0,
TX-D560BF44C5F1,CUST-1CF4D0B0,2025-12-13T12:02:01.791552,1479.58,USD,Freeman-Pacheco,Travel,0,
TX-914931DF8127,CUST-1CF4D0B0,2025-12-15T17:02:01.791552,1476.25,USD,"Lozano, Abbott and Ball",Travel,0,
TX-81D5D547F99F,CUST-1CF4D0B0,2025-12-16T16:02:01.791552,1080.11,USD,Wilcox and Sons,Travel,0,
TX-9C49ACA2CE61,CUST-1CF4D0B0,2025-12-17T02:02:01.791552,821.02,USD,"Arnold, Newton and Hernandez",Retail,0,
TX-77A5CF326674,CUST-1CF4D0B0,2025-12-20T23:02:01.791552,1882.97,USD,Stanley and Sons,Travel,0,
TX-24546EB8900B,CUST-1CF4D0B0,2025-12-24T00:02:01.791552,351.9,USD,"Johnson, Leblanc and Green",Travel,0,
TX-7E996120C45F,CUST-1CF4D0B0,2025-12-26T20:02:01.791552,1390.08,USD,"Harrison, Curtis and Guerrero",Travel,0,
TX-AEBC7C8386ED,CUST-1CF4D0B0,2025-12-29T10:02:01.791552,1459.66,USD,"Ross, Murray and Griffin",Food,0,
TX-24211A55BE38,CUST-1CF4D0B0,2026-01-02T20:02:01.791552,718.6,USD,Hall Group,Retail,0,
TX-FA0EA922E474,CUST-1CF4D0B0,2026-01-03T00:02:01.791552,1250.69,USD,"Blake, Taylor and Alexander",Utilities,0,
TX-C63602ADB9FD,CUST-63A75D48,2025-11-15T11:02:01.791552,854.4,USD,Tapia-Wood,Travel,0,
TX-93DCBF8EBF8F,CUST-63A75D48,2025-11-16T09:02:01.791552,1361.37,USD,Crosby-Matthews,Utilities,0,
TX-623B49FC897F,CUST-63A75D48,2025-11-19T16:02:01.791552,752.27,USD,"Smith, Joyce and Guzman",Food,0,
TX-4ABCEC424D25,CUST-63A75D48,2025-11-24T13:02:01.791552,97.4,USD,"Ross, Garcia and Bridges",Travel,0,
TX-9DBAE0ABCAD4,CUST-63A75D48,2025-11-29T03:02:01.791552,1831.32,USD,Pacheco-Greene,Travel,0,
TX-6F7FCD412BB5,CUST-63A75D48,2025-12-01T22:02:01.791552,1996.86,USD,Benson Ltd,Travel,0,
TX-BDA298540560,CUST-23141E45,2025-11-18T04:02:01.791552,1140.86,USD,"Carter, Jackson and Mcgee",Food,0,
TX-5100EB39B2BD,CUST-23141E45,2025-11-21T10:02:01.791552,242.85,USD,Baxter-Miller,Food,0,
TX-00B511FFD242,CUST-23141E45,2025-11-23T17:02:01.791552,1497.08,USD,"Miller, Sullivan and Alvarez",Travel,0,
TX-06519932BDDE,CUST-23141E45,2025-11-26T08:02:01.791552,1397.96,USD,Washington-Byrd,Utilities,0,
TX-AC584B6EBD0B,CUST-23141E45,2025-12-01T01:02:01.791552,1019.52,USD,Anderson Ltd,Utilities,0,
TX-8C0CA5D66EA2,CUST-23141E45,2025-12-04T22:02:01.791552,685.95,USD,Mccarthy-Williams,Utilities,0,
TX-A189DE12D426,CUST-23141E45,2025-12-06T19:02:01.791552,1832.57,USD,Williams-Durham,Travel,0,
TX-8132AD7E19EB,CUST-23141E45,2025-12-08T09:02:01.791552,1688.55,USD,"Anderson, Butler and Barnett",Utilities,0,
TX-FDDE47AB27BB,CUST-23141E45,2025-12-11T09:02:01.791552,1952.41,USD,Scott LLC,Retail,0,
TX-A994AF572A86,CUST-23141E45,2025-12-12T08:02:01.791552,1767.31,USD,Brooks and Sons,Travel,0,
TX-946A49716A21,CUST-23141E45,2025-12-13T09:02:01.791552,1665.24,USD,Taylor-Sanford,Retail,0,
TX-61B057B08E30,CUST-23141E45,2025-12-15T14:02:01.791552,1104.53,USD,Gray Inc,Utilities,0,
TX-50C7E80F18CA,CUST-23141E45,2025-12-17T15:02:01.791552,974.54,USD,Ruiz LLC,Food,0,
TX-3E096F6CDD5F,CUST-23141E45,2025-12-18T13:02:01.791552,353.57,USD,"Howe, Wells and Perry",Retail,0,
TX-6B0CFC4C0BF2,CUST-23141E45,2025-12-20T03:02:01.791552,1611.87,USD,White Ltd,Travel,0,
TX-11788AFC13AB,CUST-23141E45,2025-12-23T00:02:01.791552,1650.72,USD,Smith-Shepard,Travel,0,
TX-5A8FE183DE3A,CUST-23141E45,2025-12-25T03:02:01.791552,13.46,USD,Fuller-Chase,Travel,0,
TX-A787D1F02DC7,CUST-23141E45,2025-12-26T12:02:01.791552,74.95,USD,"Edwards, Carlson and Mendoza",Food,0,
TX-56F30F179EB0,CUST-737498B5,2025-11-15T16:02:01.791552,620.54,USD,Melton-Goodman,Food,0,
TX-9CF996183BD9,CUST-737498B5,2025-11-17T22:02:01.791552,346.71,USD,Jones and Sons,Utilities,0,
TX-3BA2ED95A559,CUST-737498B5,2025-11-19T14:02:01.791552,483.99,USD,Conway PLC,Utilities,0,
TX-69CF0B06C0BB,CUST-737498B5,2025-11-23T07:02:01.791552,380.82,USD,Parrish-Michael,Food,0,
TX-4C43BA1FDD55,CUST-737498B5,2025-11-27T21:02:01.791552,1749.92,USD,Wallace LLC,Retail,0,
TX-1C4C724ED756,CUST-737498B5,2025-12-02T08:02:01.791552,1622.05,USD,Gonzalez-Alvarez,Retail,0,
TX-1808DEB85CE2,CUST-737498B5,2025-12-04T20:02:01.791552,163.79,USD,"Ray, Hayes and Vasquez",Retail,0,
TX-AAF94898EC27,CUST-737498B5,2025-12-08T19:02:01.791552,1914.9,USD,Morales-Smith,Utilities,0,
TX-C1415FF27674,CUST-737498B5,2025-12-11T11:02:01.791552,48.5,USD,Robinson-Schultz,Retail,0,
TX-BA9A05DEFBC6,CUST-737498B5,2025-12-15T15:02:01.791552,748.66,USD,Carr-Johnson,Travel,0,
TX-402CB8419059,CUST-737498B5,2025-12-15T18:02:01.791552,1550.45,USD,"Sexton, Phillips and Johnson",Travel,0,
TX-44BEBF067ABB,CUST-737498B5,2025-12-19T00:02:01.791552,245.97,USD,Harrison-Roberts,Retail,0,
TX-64C2AB35A433,CUST-737498B5,2025-12-19T08:02:01.791552,1276.66,USD,Wong-Franco,Travel,0,
TX-06EFE17180A0,CUST-737498B5,2025-12-19T18:02:01.791552,1367.6,USD,"Smith, Hill and Dyer",Food,0,
TX-3B43D2E499B1,CUST-737498B5,2025-12-20T07:02:01.791552,22.92,USD,"Phillips, Irwin and Reyes",Food,0,
TX-81B0D1C033F6,CUST-737498B5,2025-12-24T16:02:01.791552,803.45,USD,Tyler LLC,Utilities,0,
TX-1F654B0FB650,CUST-737498B5,2025-12-29T15:02:01.791552,1840.77,USD,Nelson LLC,Retail,0,
TX-CEDCB16167CB,CUST-737498B5,2026-01-02T17:02:01.791552,27.2,USD,"Phillips, Rodriguez and Hobbs",Food,0,
TX-A179A6678BA1,CUST-737498B5,2026-01-03T16:02:01.791552,302.59,USD,Allen-Sims,Travel,0,
TX-8068B8A9FD49,CUST-737498B5,2026-01-06T08:02:01.791552,1377.7,USD,"Mack, Alvarado and Byrd",Travel,0,
TX-F377AD1E467C,CUST-737498B5,2026-01-07T20:02:01.791552,346.3,USD,"Richardson, Atkinson and Kennedy",Retail,0,
TX-E68B37BA5AB1,CUST-737498B5,2026-01-10T05:02:01.791552,66.1,USD,"Hoffman, Wilson and Greer",Travel,0,
TX-991C3554594C,CUST-737498B5,2026-01-12T20:02:01.791552,586.1,USD,Mccarty-Sullivan,Retail,0,
TX-0FB919B0E72B,CUST-737498B5,2026-01-13T01:02:01.791552,1271.09,USD,"Collins, Williams and Patrick",Food,0,
TX-ABF610F82DFF,CUST-737498B5,2026-01-14T09:02:01.791552,1224.44,USD,Cruz Group,Travel,0,
TX-5CC74B7C1319,CUST-737498B5,2026-01-18T09:02:01.791552,413.58,USD,Marsh and Sons,Utilities,0,
TX-36E9AFCE425E,CUST-737498B5,2026-01-20T06:02:01.791552,1934.91,USD,Sanchez-Hubbard,Food,0,
TX-42DF0C7B65EB,CUST-737498B5,2026-01-20T09:02:01.791552,1813.15,USD,Reyes-Casey,Utilities,0,
TX-A02D50078A0D,CUST-737498B5,2026-01-25T02:02:01.791552,800.34,USD,"Phelps, Clark and Scott",Retail,0,
TX-695F26F4D040,CUST-737498B5,2026-01-29T22:02:01.791552,491.8,USD,Watson Group,Travel,0,
TX-19D07D813E41,CUST-737498B5,2026-02-02T12:02:01.791552,28.76,USD,Jimenez Ltd,Food,0,
TX-03C9C69CF5AB,CUST-0931DB50,2025-11-18T13:02:01.791552,1531.83,USD,"Rhodes, Acosta and Vazquez",Travel,0,
TX-F3D9981A5A94,CUST-0931DB50,2025-11-20T06:02:01.791552,65.58,USD,Taylor-Marshall,Travel,0,
TX-EF646C61A5DF,CUST-0931DB50,2025-11-24T01:02:01.791552,944.26,USD,"Daniel, White and Martin",Travel,0,
TX-5B84FBCD0C02,CUST-0931DB50,2025-11-27T22:02:01.791552,610.58,USD,Frederick-Benton,Food,0,
TX-838D019D064B,CUST-0931DB50,2025-11-29T08:02:01.791552,1813.55,USD,Marsh and Sons,Food,0,
TX-FBA3EFACC083,CUST-0931DB50,2025-12-02T00:02:01.791552,811.35,USD,Harris-Allen,Utilities,0,
TX-1F7CBFF8BD8C,CUST-0931DB50,2025-12-03T08:02:01.791552,1776.98,USD,"Rivera, Young and Yang",Utilities,0,
TX-654741050F69,CUST-0931DB50,2025-12-04T00:02:01.791552,948.59,USD,Anderson-Potter,Food,0,
TX-1E36A39E9800,CUST-0931DB50,2025-12-05T21:02:01.791552,891.59,USD,"Wright, Sanders and Brady",Retail,0,
TX-53D743E08F84,CUST-0931DB50,2025-12-08T06:02:01.791552,1297.63,USD,"Nguyen, Alexander and Greer",Utilities,0,
TX-1ED9DDD4E95B,CUST-0931DB50,2025-12-08T16:02:01.791552,971.22,USD,"Adams, Krueger and Kaiser",Travel,0,
TX-796B12AE154B,CUST-0931DB50,2025-12-13T12:02:01.791552,1229.99,USD,Thomas-Oneill,Retail,0,
TX-D45524FB191E,CUST-0931DB50,2025-12-17T00:02:01.791552,1885.47,USD,Prince Group,Food,0,
TX-3BDC7C4E909D,CUST-0931DB50,2025-12-20T21:02:01.791552,1113.52,USD,Bell-Russell,Retail,0,
TX-61433A5617D9,CUST-0931DB50,2025-12-24T14:02:01.791552,873.82,USD,"Harris, Chapman and Buchanan",Food,0,
TX-C7BAEE41FBEE,CUST-0931DB50,2025-12-26T00:02:01.791552,927.72,USD,Kennedy-Dawson,Retail,0,
TX-655734C307D9,CUST-0931DB50,2025-12-27T13:02:01.791552,1687.23,USD,Robinson-Wilson,Utilities,0,
TX-BF1DF95252FD,CUST-0931DB50,2026-01-01T05:02:01.791552,1459.12,USD,Newton-Nelson,Utilities,0,
TX-BC5A3DB889BD,CUST-0931DB50,2026-01-02T20:02:01.791552,827.21,USD,Elliott-Perez,Retail,0,
TX-D59E7C640ABE,CUST-0931DB50,2026-01-03T22:02:01.791552,350.21,USD,Williams-Owens,Retail,0,
TX-CD4AFFD16B7D,CUST-0931DB50,2026-01-04T20:02:01.791552,392.75,USD,Woods-Flores,Utilities,0,
TX-FE5D0375B3C4,CUST-0931DB50,2026-01-08T20:02:01.791552,403.88,USD,"Pacheco, Harris and Black",Food,0,
TX-0D47B685CE69,CUST-0931DB50,2026-01-11T09:02:01.791552,120.17,USD,Allen Group,Travel,0,
TX-EAC087F9A181,CUST-0931DB50,2026-01-12T15:02:01.791552,660.77,USD,Padilla-Cox,Retail,0,
TX-B0B2524E47FE,CUST-0931DB50,2026-01-16T09:02:01.791552,1968.91,USD,Alvarez-Stone,Retail,0,
TX-6E068FA25B84,CUST-0931DB50,2026-01-16T14:02:01.791552,692.39,USD,Moore-Murray,Travel,0,
TX-BA4718008C93,CUST-6D2A9ADE,2025-11-18T17:02:01.791552,45.45,USD,Shaw-White,Food,0,
TX-F812D5224990,CUST-6D2A9ADE,2025-11-20T02:02:01.791552,1792.85,USD,"Wang, Anderson and Pitts",Retail,0,
TX-B675117467B6,CUST-6D2A9ADE,2025-11-24T07:02:01.791552,457.35,USD,Sheppard Inc,Retail,0,
TX-4199FE39F51F,CUST-6D2A9ADE,2025-11-26T00:02:01.791552,1673.57,USD,"Pham, Russell and Flynn",Retail,0,
TX-6F1C18ADD931,CUST-6D2A9ADE,2025-11-28T02:02:01.791552,558.73,USD,"Kelly, Nelson and Davies",Food,0,
TX-E33445E4148D,CUST-6D2A9ADE,2025-11-29T03:02:01.791552,1140.65,USD,Maldonado and Sons,Food,0,
TX-355747A0D471,CUST-6D2A9ADE,2025-12-03T08:02:01.791552,475.85,USD,Williams PLC,Travel,0,
TX-1851DC00FD94,CUST-6D2A9ADE,2025-12-06T23:02:01.791552,1627.99,USD,"Gill, Reeves and Le",Travel,0,
TX-E5CE2FB5CE73,CUST-6D2A9ADE,2025-12-08T16:02:01.791552,1920.14,USD,"Hughes, West and Harrison",Travel,0,
TX-AC22475E4FA7,CUST-6D2A9ADE,2025-12-12T15:02:01.791552,751.47,USD,Roberts and Sons,Travel,0,
TX-E3F56A7FAB96,CUST-6D2A9ADE,2025-12-13T03:02:01.791552,756.7,USD,Martin PLC,Food,0,
TX-8D8A44B08651,CUST-6D2A9ADE,2025-12-14T19:02:01.791552,1350.86,USD,Stokes Ltd,Food,0,
TX-C2096F3F1137,CUST-6D2A9ADE,2025-12-15T03:02:01.791552,517.91,USD,Chavez-Warner,Utilities,0,
TX-4414C50C4845,CUST-6D2A9ADE,2025-12-16T08:02:01.791552,1044.37,USD,Allen PLC,Travel,0,
TX-988CAE65AE81,CUST-6D2A9ADE,2025-12-21T08:02:01.791552,332.56,USD,Kelley-Ramos,Travel,0,
TX-E82812132032,CUST-6D2A9ADE,2025-12-24T10:02:01.791552,1785.5,USD,Yates-Martin,Retail,0,
TX-010F6C840298,CUST-6D2A9ADE,2025-12-27T00:02:01.791552,101.63,USD,Williams-Roach,Utilities,0,
TX-928B059944EE,CUST-6D2A9ADE,2025-12-30T17:02:01.791552,1151.78,USD,Rogers LLC,Travel,0,
TX-46E081DAC18F,CUST-6D2A9ADE,2026-01-04T17:02:01.791552,1953.58,USD,Reed PLC,Utilities,0,
TX-D0243CC861F5,CUST-772A29A4,2025-11-17T15:02:01.791552,544.23,USD,"Williams, Washington and Kirk",Travel,0,
TX-C295F121D2B0,CUST-772A29A4,2025-11-19T07:02:01.791552,754.59,USD,Carter PLC,Food,0,
TX-B35B2FA910DA,CUST-772A29A4,2025-11-23T11:02:01.791552,875.26,USD,"Fitzgerald, Clark and Barnes",Utilities,0,
TX-ED330E3F1B51,CUST-772A29A4,2025-11-24T03:02:01.791552,1685.27,USD,Gibson-Garrett,Retail,0,
TX-17F57BB6836C,CUST-772A29A4,2025-11-27T02:02:01.791552,188.7,USD,Valentine Inc,Travel,0,
TX-6A7216D8FB97,CUST-772A29A4,2025-11-28T09:02:01.791552,340.74,USD,Juarez-Williams,Retail,0,
TX-368BD475B2DF,CUST-772A29A4,2025-12-02T15:02:01.791552,466.88,USD,"Webb, Chen and Martin",Food,0,
TX-002BA7CB10F9,CUST-772A29A4,2025-12-02T21:02:01.791552,1811.1,USD,"Nichols, Moreno and Mora",Retail,0,
TX-21820C9E8462,CUST-772A29A4,2025-12-06T07:02:01.791552,1061.25,USD,Gordon-White,Travel,0,
TX-A6B55E523DF5,CUST-772A29A4,2025-12-09T10:02:01.791552,1827.08,USD,Morales LLC,Food,0,
TX-A89929A9B842,CUST-772A29A4,2025-12-13T22:02:01.791552,1648.88,USD,Cabrera-Adkins,Retail,0,
TX-A3FC9ED9FE86,CUST-772A29A4,2025-12-14T07:02:01.791552,1357.05,USD,Carlson-Andrews,Food,0,
TX-15A1BA45F4CA,CUST-772A29A4,2025-12-19T01:02:01.791552,1520.47,USD,Taylor Inc,Utilities,0,
TX-EF016C22A642,CUST-772A29A4,2025-12-19T02:02:01.791552,1787.11,USD,Beck and Sons,Retail,0,
TX-D53FFF1FFCE1,CUST-772A29A4,2025-12-21T19:02:01.791552,328.95,USD,Carr-Decker,Utilities,0,
TX-B52DB6F39B83,CUST-772A29A4,2025-12-23T01:02:01.791552,1702.23,USD,Torres Inc,Food,0,
TX-F0E71A947012,CUST-772A29A4,2025-12-27T20:02:01.791552,212.68,USD,Randall PLC,Travel,0,
TX-C2E50CB78A5F,CUST-772A29A4,2025-12-30T01:02:01.791552,1759.17,USD,Andrews LLC,Food,0,
TX-0A96E962DC48,CUST-772A29A4,2026-01-03T04:02:01.791552,387.2,USD,"Cole, Brown and Diaz",Travel,0,
TX-5FE5E0E0089A,CUST-772A29A4,2026-01-04T04:02:01.791552,1333.14,USD,"Patton, Carter and Alvarado",Travel,0,
TX-F3D4707530FF,CUST-772A29A4,2026-01-05T05:02:01.791552,1156.66,USD,"Hernandez, Hamilton and Pitts",Retail,0,
TX-18B7C1965361,CUST-772A29A4,2026-01-09T12:02:01.791552,814.55,USD,Jordan PLC,Utilities,0,
TX-E261C1C05F1F,CUST-772A29A4,2026-01-11T23:02:01.791552,813.39,USD,Russell and Sons,Travel,0,
TX-3351C7D48016,CUST-772A29A4,2026-01-16T10:02:01.791552,1396.76,USD,"Newton, Cox and Mccormick",Food,0,
TX-E744A1B12C41,CUST-772A29A4,2026-01-16T19:02:01.791552,179.33,USD,Ellis and Sons,Utilities,0,
TX-198905D9ACCC,CUST-772A29A4,2026-01-19T11:02:01.791552,721.53,USD,Torres-Burton,Utilities,0,
TX-0B505EC014CC,CUST-772A29A4,2026-01-24T03:02:01.791552,1299.78,USD,Hodge-Rodriguez,Utilities,0,
TX-38A6A5FBC6EC,CUST-772A29A4,2026-01-26T00:02:01.791552,159.07,USD,Rollins-Burke,Utilities,0,
TX-419844E1A44C,CUST-772A29A4,2026-01-27T10:02:01.791552,1496.97,USD,King and Sons,Retail,0,
TX-A781CCE8BDBC,CUST-772A29A4,2026-01-30T08:02:01.791552,1027.18,USD,"Reed, Thomas and Burch",Travel,0,
TX-D67BD699BD98,CUST-772A29A4,2026-02-03T13:02:01.791552,695.61,USD,"Humphrey, Reyes and Hayden",Retail,0,
TX-7CA8451ACB12,CUST-772A29A4,2026-02-05T11:02:01.791552,822.08,USD,Adkins LLC,Utilities,0,
TX-DC0D9AF820ED,CUST-772A29A4,2026-02-07T13:02:01.791552,847.97,USD,"Nunez, Cobb and Jones",Food,0,
TX-B2B33E2442D6,CUST-772A29A4,2026-02-10T20:02:01.791552,1527.32,USD,Donaldson Inc,Travel,0,
TX-F91B3F2CE2FC,CUST-31D76C8C,2025-11-17T04:02:01.791552,643.67,USD,Carrillo-Duran,Retail,0,
TX-CBF9E16819C4,CUST-31D76C8C,2025-11-18T07:02:01.791552,1242.1,USD,Davila-Greene,Food,0,
TX-769A629C639B,CUST-31D76C8C,2025-11-21T09:02:01.791552,695.04,USD,"Kane, Hawkins and Long",Retail,0,
TX-C637E701D4E5,CUST-31D76C8C,2025-11-22T04:02:01.791552,1442.54,USD,Lane PLC,Retail,0,
TX-54951E93A086,CUST-31D76C8C,2025-11-24T05:02:01.791552,701.43,USD,Bowen LLC,Retail,0,
TX-C5BBB751BD19,CUST-31D76C8C,2025-11-24T23:02:01.791552,1863.01,USD,Davenport Inc,Travel,0,
TX-F928E75113F7,CUST-31D76C8C,2025-11-27T23:02:01.791552,1372.93,USD,"Conner, Santana and Brennan",Utilities,0,
TX-BC24C395D177,CUST-31D76C8C,2025-11-28T07:02:01.791552,199.03,USD,Neal-Rice,Retail,0,
TX-83EEFE4088BE,CUST-31D76C8C,2025-12-01T02:02:01.791552,664.77,USD,Harrington-Gentry,Utilities,0,
TX-62606056FB83,CUST-31D76C8C,2025-12-02T13:02:01.791552,789.03,USD,"Guerrero, Silva and Lindsey",Utilities,0,
TX-0B2189F7427C,CUST-31D76C8C,2025-12-06T09:02:01.791552,252.5,USD,Wilson Inc,Retail,0,
TX-F45298246874,CUST-31D76C8C,2025-12-10T05:02:01.791552,1342.73,USD,Blake-Drake,Travel,0,
TX-18AFBDBFB438,CUST-31D76C8C,2025-12-11T23:02:01.791552,1404.44,USD,"Young, Mack and Hanson",Food,0,
TX-323F8E985A07,CUST-31D76C8C,2025-12-14T19:02:01.791552,1690.87,USD,Fisher-Thomas,Utilities,0,
TX-25866DD6DE72,CUST-31D76C8C,2025-12-18T00:02:01.791552,44.74,USD,Ward LLC,Utilities,0,
TX-EC8EABAC828C,CUST-31D76C8C,2025-12-20T08:02:01.791552,1530.37,USD,Harding-Hernandez,Food,0,
TX-EA704FF094B5,CUST-31D76C8C,2025-12-21T21:02:01.791552,12.0,USD,Green and Sons,Food,0,
TX-BA34F2084E06,CUST-31D76C8C,2025-12-24T23:02:01.791552,578.87,USD,"Bradley, Williams and Williams",Food,0,
TX-259338952A75,CUST-31D76C8C,2025-12-27T10:02:01.791552,1906.69,USD,Wilson Group,Retail,0,
TX-6013CA3C9608,CUST-31D76C8C,2025-12-27T13:02:01.791552,1064.52,USD,"Moore, Gomez and Miles",Retail,0,
TX-73C2D60C19C5,CUST-31D76C8C,2025-12-30T19:02:01.791552,425.6,USD,"Walker, Thomas and Meyer",Retail,0,
TX-742993022CF9,CUST-31D76C8C,2026-01-03T04:02:01.791552,555.24,USD,"Carter, Ross and Jackson",Retail,0,
TX-7BEA9B185F4B,CUST-31D76C8C,2026-01-07T18:02:01.791552,362.7,USD,Smith PLC,Retail,0,
TX-A8D1273684E3,CUST-31D76C8C,2026-01-09T18:02:01.791552,269.43,USD,Foley Ltd,Food,0,
TX-84521BF5E83B,CUST-31D76C8C,2026-01-10T05:02:01.791552,708.91,USD,"Gonzalez, Crawford and Hale",Retail,0,
TX-2808AF529359,CUST-31D76C8C,2026-01-12T23:02:01.791552,1930.19,USD,"Campbell, Vargas and Moore",Travel,0,
TX-47250EF48EB6,CUST-31D76C8C,2026-01-15T12:02:01.791552,1550.57,USD,Brady-Miles,Food,0,
TX-D0C853EB2B4F,CUST-31D76C8C,2026-01-19T00:02:01.791552,1821.27,USD,"Rogers, Davis and Robinson",Food,0,
TX-FD39AF449490,CUST-31D76C8C,2026-01-20T14:02:01.791552,495.72,USD,"Clark, Lane and Walker",Food,0,
TX-D83B7AB4B3FF,CUST-31D76C8C,2026-01-21T02:02:01.791552,346.32,USD,"Juarez, Cervantes and Church",Food,0,
TX-C0C1BA66210C,CUST-69ED0C1C,2025-11-14T16:02:01.791552,714.24,USD,Kim and Sons,Utilities,0,
TX-23364B371AD1,CUST-69ED0C1C,2025-11-16T12:02:01.791552,600.99,USD,"Mcpherson, Perez and Morrison",Food,0,
TX-94F290FF1C64,CUST-69ED0C1C,2025-11-20T12:02:01.791552,68.69,USD,"Garcia, Hall and Campbell",Food,0,
TX-0BADC09E38D8,CUST-69ED0C1C,2025-11-23T13:02:01.791552,769.87,USD,Woodward LLC,Utilities,0,
TX-EFA1926692EC,CUST-69ED0C1C,2025-11-27T07:02:01.791552,1041.2,USD,Pace Ltd,Food,0,
TX-02FB003FA563,CUST-69ED0C1C,2025-11-28T05:02:01.791552,1527.81,USD,Hughes-Velez,Utilities,0,
TX-6F26D4F0307B,CUST-69ED0C1C,2025-11-29T06:02:01.791552,681.86,USD,"Francis, Wong and Coffey",Food,0,
TX-1B3A86D05EF4,CUST-69ED0C1C,2025-11-29T22:02:01.791552,1055.32,USD,Porter Ltd,Travel,0,
TX-158645F82334,CUST-A2B64561,2025-11-17T22:02:01.791552,1868.91,USD,Davidson-Banks,Utilities,0,
TX-AD00C68E6AD0,CUST-A2B64561,2025-11-20T22:02:01.791552,112.8,USD,Tran-Nielsen,Travel,0,
TX-4A6AEA6ED99E,CUST-A2B64561,2025-11-22T20:02:01.791552,1268.5,USD,Stewart and Sons,Utilities,0,
TX-B3BF07663FE8,CUST-A2B64561,2025-11-26T00:02:01.791552,817.98,USD,"Johnson, Berg and Lopez",Retail,0,
TX-AE184DB1628B,CUST-A2B64561,2025-11-27T00:02:01.791552,1591.13,USD,"Mueller, Washington and Armstrong",Retail,0,
TX-98A72A619550,CUST-A2B64561,2025-11-27T01:02:01.791552,43.69,USD,Valdez Ltd,Travel,0,
TX-E96BCF171EF5,CUST-A2B64561,2025-11-27T21:02:01.791552,27.59,USD,"Richardson, Baldwin and Carter",Utilities,0,
TX-7069A1C00483,CUST-A2B64561,2025-11-29T12:02:01.791552,1093.81,USD,"Jackson, Cummings and Chaney",Travel,0,
TX-A5ED8FC03EF7,CUST-A2B64561,2025-11-29T14:02:01.791552,1412.46,USD,Woodward Ltd,Retail,0,
TX-B379632B81D4,CUST-A2B64561,2025-11-30T22:02:01.791552,934.15,USD,Parks and Sons,Utilities,0,
TX-43EB725180BC,CUST-A2B64561,2025-12-04T16:02:01.791552,276.71,USD,Thomas-Lee,Food,0,
TX-2B5AE97906B2,CUST-A2B64561,2025-12-09T09:02:01.791552,1071.16,USD,Gaines-Solomon,Utilities,0,
TX-7A9E1F941FBA,CUST-A2B64561,2025-12-11T10:02:01.791552,101.17,USD,"Watkins, Beasley and Lane",Travel,0,
TX-070C667D7808,CUST-A2B64561,2025-12-12T15:02:01.791552,747.44,USD,Roberts-Lawson,Travel,0,
TX-FF6A66AA3722,CUST-A2B64561,2025-12-15T12:02:01.791552,1299.46,USD,"Cortez, Joyce and Owens",Travel,0,
TX-DEEDA1CCFED1,CUST-A2B64561,2025-12-18T20:02:01.791552,737.6,USD,Flores and Sons,Retail,0,
TX-1E3D8DEEC5BB,CUST-A2B64561,2025-12-20T16:02:01.791552,242.7,USD,White PLC,Utilities,0,
TX-7C91A665DD36,CUST-A2B64561,2025-12-24T01:02:01.791552,1237.66,USD,"Cole, Johnson and Rogers",Utilities,0,
TX-9FB5F05AE7BC,CUST-A2B64561,2025-12-26T22:02:01.791552,472.86,USD,"Rubio, Flores and Stephens",Retail,0,
TX-8261F91B26B0,CUST-A2B64561,2025-12-28T18:02:01.791552,400.93,USD,Cooper PLC,Food,0,
TX-B6CBC9103FE3,CUST-A2B64561,2026-01-01T01:02:01.791552,1509.53,USD,"Wilson, Suarez and Evans",Travel,0,
TX-94451AEA5C38,CUST-A2B64561,2026-01-05T14:02:01.791552,1886.62,USD,Dennis-Mitchell,Retail,0,
TX-2A2278D331C8,CUST-A2B64561,2026-01-06T13:02:01.791552,733.17,USD,Shepherd LLC,Retail,0,
TX-F03F427D9DF7,CUST-A2B64561,2026-01-07T05:02:01.791552,945.93,USD,"Alexander, Mitchell and Martinez",Food,0,
TX-40CC9B32CA9D,CUST-A2B64561,2026-01-10T01:02:01.791552,75.46,USD,"Watson, Vasquez and Davis",Utilities,0,
TX-7205F0BE6894,CUST-A2B64561,2026-01-10T15:02:01.791552,297.93,USD,Marshall Inc,Food,0,
TX-37E9E305DF8C,CUST-A2B64561,2026-01-14T06:02:01.791552,905.26,USD,Jones-Wood,Food,0,
TX-1A30858CDBCB,CUST-A2B64561,2026-01-15T12:02:01.791552,448.19,USD,Randolph-Stevenson,Retail,0,
TX-89BCE4702FF5,CUST-A2B64561,2026-01-16T11:02:01.791552,1347.75,USD,"Foster, Payne and Hall",Travel,0,
TX-90D43A7ECBFE,CUST-A2B64561,2026-01-17T10:02:01.791552,694.48,USD,Henry-Doyle,Retail,0,
TX-BB7AB6A91FBE,CUST-A2B64561,2026-01-18T22:02:01.791552,1664.71,USD,"Gonzales, Robbins and Tate",Utilities,0,
TX-4211EB10FEF4,CUST-A2B64561,2026-01-18T23:02:01.791552,779.93,USD,Perry-Simmons,Travel,0,
TX-E18BFC9203D9,CUST-A2B64561,2026-01-19T18:02:01.791552,1029.21,USD,Kim Group,Retail,0,
TX-E1536B8EFA9F,CUST-A2B64561,2026-01-20T05:02:01.791552,961.14,USD,"Carter, Bullock and Kirk",Food,0,
TX-BC012C88FD9A,CUST-A2B64561,2026-01-22T13:02:01.791552,1701.31,USD,"Moore, Reid and Rose",Utilities,0,
TX-08599B95A32C,CUST-A2B64561,2026-01-25T05:02:01.791552,267.02,USD,Jackson-Scott,Travel,0,
TX-99F868079165,CUST-A2B64561,2026-01-29T06:02:01.791552,1528.9,USD,Strong Group,Retail,0,
TX-6227A5319AC9,CUST-A2B64561,2026-02-01T02:02:01.791552,1668.4,USD,Powers Inc,Travel,0,
TX-F162F4E34C8B,CUST-A2B64561,2026-02-04T09:02:01.791552,1829.43,USD,"Rogers, Perry and Hayes",Utilities,0,
TX-DD38339EE291,CUST-A2B64561,2026-02-06T00:02:01.791552,1930.31,USD,"Harris, Hall and Robinson",Travel,0,
TX-9B0A5DA26B4C,CUST-A2B64561,2026-02-08T03:02:01.791552,816.04,USD,Parker Inc,Utilities,0,
TX-3DA226669ED1,CUST-A2B64561,2026-02-08T10:02:01.791552,1804.17,USD,Martin-Hamilton,Retail,0,
TX-39C9CC6FA7E4,CUST-A2B64561,2026-02-09T22:02:01.791552,1486.75,USD,Collins-Coleman,Utilities,0,
TX-D655552C6100,CUST-58A3800A,2025-11-20T01:03:39.791552,312.55,USD,Payne Group,Fraudulent,1,High Velocity
TX-9357B45052E5,CUST-58A3800A,2025-11-20T01:04:42.791552,426.16,USD,Peck Ltd,Fraudulent,1,High Velocity
TX-6C7B1358F97E,CUST-58A3800A,2025-11-20T01:06:27.791552,272.16,USD,Sanford-Skinner,Fraudulent,1,High Velocity
TX-8EC76001F521,CUST-58A3800A,2025-11-20T01:07:14.791552,185.5,USD,Wilson and Sons,Fraudulent,1,High Velocity
TX-FCE004D81105,CUST-58A3800A,2025-11-20T01:10:00.791552,158.26,USD,Craig PLC,Fraudulent,1,High Velocity
TX-E461850D6BA0,CUST-58A3800A,2025-11-20T01:11:35.791552,355.12,USD,Cobb Group,Fraudulent,1,High Velocity
TX-2CD7BE6DDE5B,CUST-58A3800A,2025-11-20T01:16:24.791552,407.11,USD,"Miller, Burke and White",Fraudulent,1,High Velocity
TX-77E410B59708,CUST-58A3800A,2025-11-20T01:20:45.791552,153.64,USD,"Carter, Williams and Harper",Fraudulent,1,High Velocity
TX-616685233169,CUST-58A3800A,2025-11-20T01:21:32.791552,272.06,USD,"Jackson, Richardson and Baldwin",Fraudulent,1,High Velocity
TX-501617A9DDF2,CUST-58A3800A,2025-11-20T01:24:00.791552,135.87,USD,Stanley-Campbell,Fraudulent,1,High Velocity
TX-4DC157E8215C,CUST-58A3800A,2025-11-20T01:25:55.791552,125.27,USD,Porter-Soto,Fraudulent,1,High Velocity
TX-7D2ED6E2FF79,CUST-6B144434,2025-11-15T09:02:01.791552,1226.83,USD,"Graham, Gomez and Erickson",Retail,0,
TX-7DEF85CF3619,CUST-6B144434,2025-11-15T22:02:01.791552,194.99,USD,Hogan-Estrada,Retail,0,
TX-1F69924D2CB5,CUST-6B144434,2025-11-19T09:02:01.791552,510.66,USD,Stone-Price,Food,0,
TX-85B4F4E7EBB0,CUST-6B144434,2025-11-23T13:02:01.791552,1102.27,USD,Acosta PLC,Travel,0,
TX-8AA3155E2ADC,CUST-6B144434,2025-11-28T00:02:01.791552,1239.87,USD,Paul Inc,Food,0,
TX-E78F3CDCE383,CUST-6B144434,2025-11-30T11:02:01.791552,1740.74,USD,Burke Ltd,Utilities,0,
TX-054E328D15F2,CUST-6B144434,2025-12-01T23:02:01.791552,356.09,USD,Tucker-Kim,Utilities,0,
TX-127C2D73F1A5,CUST-6B144434,2025-12-03T01:02:01.791552,194.28,USD,Hensley-Nguyen,Travel,0,
TX-01B0CA574901,CUST-6B144434,2025-12-07T00:02:01.791552,290.82,USD,Farmer PLC,Travel,0,
TX-8125A1268DD1,CUST-6B144434,2025-12-11T02:02:01.791552,950.78,USD,"Castillo, Hinton and Proctor",Travel,0,
TX-29F46F98B595,CUST-6B144434,2025-12-13T03:02:01.791552,1511.0,USD,"Turner, Lin and Juarez",Retail,0,
TX-967D30139BAA,CUST-6B144434,2025-12-16T16:02:01.791552,1050.82,USD,Mcintosh-Moore,Utilities,0,
TX-2BD312942554,CUST-6B144434,2025-12-18T09:02:01.791552,349.87,USD,"Mendez, Mcguire and Johnson",Utilities,0,
TX-D5A872DC2E82,CUST-6B144434,2025-12-20T09:02:01.791552,1992.39,USD,Wheeler-Goodman,Utilities,0,
TX-2737C1FE903F,CUST-6B144434,2025-12-23T06:02:01.791552,109.54,USD,Davis and Sons,Food,0,
TX-3EFED3F1E8C2,CUST-6B144434,2025-12-24T13:02:01.791552,464.36,USD,Carter-Russell,Travel,0,
TX-464EC9C4F81D,CUST-6B144434,2025-12-26T07:02:01.791552,1678.08,USD,"Johnson, Smith and Robinson",Utilities,0,
TX-921912D73CAA,CUST-6B144434,2025-12-27T03:02:01.791552,1353.77,USD,Jones-Thomas,Retail,0,
TX-E9E1EC1AAFE3,CUST-6B144434,2025-12-31T17:02:01.791552,529.09,USD,Ponce Group,Retail,0,
TX-8F4AA01D6C0F,CUST-6B144434,2026-01-05T14:02:01.791552,1412.16,USD,Greer Group,Retail,0,
TX-7982E4CCAE93,CUST-6B144434,2026-01-06T08:02:01.791552,1219.64,USD,Bennett-Robinson,Retail,0,
TX-3EA67FE348A8,CUST-6B144434,2026-01-09T22:02:01.791552,1548.3,USD,Davis and Sons,Travel,0,
TX-384C7F8766C7,CUST-6B144434,2026-01-10T12:02:01.791552,534.47,USD,Newton-Ferguson,Travel,0,
TX-A2A99DB5CCBB,CUST-6B144434,2026-01-15T03:02:01.791552,1011.3,USD,Davis and Sons,Travel,0,
TX-4A677A0AB1B1,CUST-6B144434,2026-01-16T03:02:01.791552,1414.33,USD,Choi Ltd,Utilities,0,
TX-8F0DBC3BE0AE,CUST-6B144434,2026-01-16T06:02:01.791552,1959.18,USD,"Hall, Mcintosh and Simmons",Retail,0,
TX-C183E1DE8866,CUST-6B144434,2026-01-19T18:02:01.791552,59.0,USD,"Chen, Cervantes and Boyd",Utilities,0,
TX-ED4949ED4B53,CUST-6B144434,2026-01-23T15:02:01.791552,57.51,USD,"Garza, Cantu and Ortiz",Food,0,
TX-E28AAD496255,CUST-6B144434,2026-01-24T07:02:01.791552,1759.87,USD,Perez Inc,Utilities,0,
TX-1092D1D78053,CUST-6B144434,2026-01-28T12:02:01.791552,1918.93,USD,Williams LLC,Utilities,0,
TX-B0A30ACA83E2,CUST-6B144434,2026-01-30T13:02:01.791552,1633.13,USD,Wise PLC,Travel,0,
TX-E5E693196842,CUST-6B144434,2026-01-31T21:02:01.791552,936.23,USD,Williams PLC,Retail,0,
TX-251FFD615DCD,CUST-6B144434,2026-02-02T14:02:01.791552,715.92,USD,Mathews and Sons,Utilities,0,
TX-D1E16F9CED5D,CUST-6B144434,2026-02-02T20:02:01.791552,632.95,USD,Mitchell-Wagner,Retail,0,
TX-FA158722F9FB,CUST-A922492E,2025-11-17T01:02:01.791552,207.13,USD,Jackson-Smith,Retail,0,
TX-F36F286FD8E0,CUST-A922492E,2025-11-18T00:02:01.791552,1784.38,USD,"Williams, Rodriguez and Reed",Food,0,
TX-797701C8A870,CUST-A922492E,2025-11-21T13:02:01.791552,746.02,USD,"Sherman, Thomas and Parks",Retail,0,
TX-8EB0CDC3BB18,CUST-A922492E,2025-11-23T10:02:01.791552,1648.56,USD,Maldonado-Jackson,Travel,0,
TX-404337F8FD2E,CUST-A922492E,2025-11-27T04:02:01.791552,232.96,USD,"Williams, Green and Morgan",Retail,0,
TX-E2C34F7FDBA7,CUST-A922492E,2025-11-30T02:02:01.791552,794.28,USD,Cole Group,Utilities,0,
TX-1BF42DFD1AC0,CUST-A922492E,2025-12-01T16:02:01.791552,701.73,USD,Peterson Group,Travel,0,
TX-D52390383CAA,CUST-A922492E,2025-12-03T00:02:01.791552,1314.62,USD,Mcpherson-Patton,Utilities,0,
TX-D0508793843C,CUST-A922492E,2025-12-05T14:02:01.791552,607.34,USD,"Hill, Moreno and Griffin",Retail,0,
TX-3BD54A009833,CUST-A922492E,2025-12-09T11:02:01.791552,1673.25,USD,"Moore, Parsons and Olson",Retail,0,
TX-EBF8A10EA018,CUST-A922492E,2025-12-10T16:02:01.791552,1985.41,USD,Chambers-Yu,Retail,0,
TX-C7D3B9887D24,CUST-A922492E,2025-12-12T16:02:01.791552,152.34,USD,James-Alvarez,Food,0,
TX-6F3088D3991B,CUST-A922492E,2025-12-16T02:02:01.791552,312.27,USD,Thomas-Johnson,Food,0,
TX-CA29386E0593,CUST-A922492E,2025-12-17T02:02:01.791552,1753.58,USD,"Wilson, Rivera and Rodriguez",Retail,0,
TX-299C9AC4BD60,CUST-A922492E,2025-12-18T08:02:01.791552,896.77,USD,Jones Group,Utilities,0,
TX-BD7D73B63A88,CUST-A922492E,2025-12-19T09:02:01.791552,1662.45,USD,Wright Ltd,Food,0,
TX-34976342CD22,CUST-A922492E,2025-12-20T13:02:01.791552,571.76,USD,Dunn LLC,Retail,0,
TX-66B82C077340,CUST-A922492E,2025-12-23T22:02:01.791552,1865.83,USD,"Smith, Alexander and Hartman",Travel,0,
TX-3187842DA35C,CUST-A922492E,2025-12-27T12:02:01.791552,198.53,USD,Miles LLC,Utilities,0,
TX-E2B7BC4F0CBC,CUST-A922492E,2025-12-27T13:02:01.791552,1790.09,USD,"Roberts, White and Allen",Travel,0,
TX-D54DDB3C95D0,CUST-A922492E,2025-12-27T16:02:01.791552,1158.89,USD,Rivera-Caldwell,Travel,0,
TX-69E4084CA47B,CUST-A922492E,2025-12-30T21:02:01.791552,1822.27,USD,"Salinas, Raymond and Medina",Travel,0,
TX-69ABB8060A4B,CUST-A922492E,2026-01-03T06:02:01.791552,1033.59,USD,Martin-Rodriguez,Utilities,0,
TX-AACBC68F6049,CUST-A922492E,2026-01-07T15:02:01.791552,1534.48,USD,Carlson PLC,Food,0,
TX-DCC4F113372D,CUST-A922492E,2026-01-10T17:02:01.791552,319.12,USD,Reilly-Baker,Retail,0,
TX-BBA82968B498,CUST-A922492E,2026-01-12T06:02:01.791552,885.19,USD,Frost Group,Travel,0,
TX-818E811DD9B7,CUST-A922492E,2026-01-14T17:02:01.791552,1309.23,USD,"Garcia, Anderson and Potter",Utilities,0,
TX-FEDB9865327A,CUST-A922492E,2026-01-16T02:02:01.791552,1393.14,USD,Mcdonald-Holland,Retail,0,
TX-3D89A97EB3A8,CUST-A922492E,2026-01-16T16:02:01.791552,1526.75,USD,Horn-Payne,Utilities,0,
TX-4E90A23E3F7F,CUST-A922492E,2026-01-19T15:02:01.791552,1149.12,USD,Anderson-Benjamin,Travel,0,
TX-D5D0334776F4,CUST-A922492E,2026-01-21T09:02:01.791552,915.18,USD,"Green, Williams and Shaw",Travel,0,
TX-575F37B61F25,CUST-A922492E,2026-01-25T13:02:01.791552,469.04,USD,"Hall, Park and Rhodes",Travel,0,
TX-CF15732CDEDE,CUST-A922492E,2026-01-29T21:02:01.791552,526.65,USD,Howard-Pineda,Retail,0,
TX-A63B36B71E8F,CUST-A922492E,2026-01-31T18:02:01.791552,1063.0,USD,Smith LLC,Utilities,0,
TX-2664B74F446F,CUST-A922492E,2026-02-04T11:02:01.791552,1326.13,USD,Hernandez-Lowery,Utilities,0,
TX-C96685CA827E,CUST-A922492E,2026-02-08T02:02:01.791552,925.28,USD,"Wright, Holt and Gibson",Travel,0,
TX-F8C58EC6D43C,CUST-A922492E,2026-02-11T12:02:01.791552,162.1,USD,Castro-Rhodes,Food,0,
TX-FCB6DA865A27,CUST-17E5FC31,2025-11-15T02:02:01.791552,1909.94,USD,"Collins, Lane and Long",Utilities,0,
TX-084E0ED51102,CUST-17E5FC31,2025-11-16T07:02:01.791552,1356.59,USD,Eaton-Holder,Utilities,0,
TX-5C410E333478,CUST-17E5FC31,2025-11-19T22:02:01.791552,417.18,USD,"Ruiz, Hawkins and Cooper",Travel,0,
TX-1184B16E18F8,CUST-17E5FC31,2025-11-22T10:02:01.791552,932.42,USD,Moreno LLC,Utilities,0,
TX-F929CDAFA0B3,CUST-17E5FC31,2025-11-25T02:02:01.791552,162.28,USD,"Smith, Adams and Wood",Food,0,
TX-CBF2161A672C,CUST-17E5FC31,2025-11-26T13:02:01.791552,1494.63,USD,Perez PLC,Food,0,
TX-103327199D8E,CUST-17E5FC31,2025-11-30T09:02:01.791552,662.36,USD,"Mckee, Flores and Wyatt",Utilities,0,
TX-14A9C423494F,CUST-17E5FC31,2025-11-30T16:02:01.791552,757.41,USD,Jones PLC,Food,0,
TX-BDDCA5B6531E,CUST-17E5FC31,2025-12-01T14:02:01.791552,236.68,USD,"Taylor, Vincent and Moreno",Retail,0,
TX-E06E1198A758,CUST-17E5FC31,2025-12-05T16:02:01.791552,176.99,USD,"Thompson, Carter and Moore",Retail,0,
TX-A7CFA3218E17,CUST-17E5FC31,2025-12-05T22:02:01.791552,879.82,USD,Hunter Group,Retail,0,
TX-D3FD91CF5396,CUST-17E5FC31,2025-12-10T22:02:01.791552,732.23,USD,"Thompson, Tyler and Williams",Utilities,0,
TX-3341B5C11D80,CUST-17E5FC31,2025-12-14T05:02:01.791552,658.49,USD,Moore-Williams,Utilities,0,
TX-CB17E8B507D7,CUST-17E5FC31,2025-12-17T02:02:01.791552,393.73,USD,Burns PLC,Retail,0,
TX-A9C8FE2F7EE1,CUST-17E5FC31,2025-12-17T06:02:01.791552,1190.62,USD,"Smith, Rowe and Rodriguez",Food,0,
TX-C3F3ABD004F0,CUST-E45C059A,2025-11-14T15:02:01.791552,697.51,USD,Martin-Velazquez,Utilities,0,
TX-03F6A6CD5EFD,CUST-E45C059A,2025-11-19T14:02:01.791552,1116.38,USD,Mcpherson and Sons,Travel,0,
TX-BFCE938568A6,CUST-E45C059A,2025-11-22T00:02:01.791552,170.27,USD,Thomas-James,Utilities,0,
TX-1E1B94B92A2C,CUST-E45C059A,2025-11-25T12:02:01.791552,250.0,USD,"Hall, Carpenter and Chapman",Retail,0,
TX-ED94320FD4FB,CUST-E45C059A,2025-11-25T23:02:01.791552,345.98,USD,"Scott, Keller and Boyd",Utilities,0,
TX-32EE3F67DA0C,CUST-E45C059A,2025-11-30T22:02:01.791552,1077.65,USD,"Mitchell, Warren and Ward",Food,0,
TX-64677B0DD9A3,CUST-E45C059A,2025-12-01T18:02:01.791552,1261.16,USD,Cordova-Simpson,Utilities,0,
TX-AE470857D3E9,CUST-E45C059A,2025-12-03T20:02:01.791552,847.49,USD,Gomez LLC,Retail,0,
TX-0FA849482D3A,CUST-E45C059A,2025-12-06T10:02:01.791552,1445.51,USD,Velasquez Ltd,Utilities,0,
TX-9462DEB4FCE7,CUST-E45C059A,2025-12-10T11:02:01.791552,19.97,USD,Cameron-Butler,Travel,0,
TX-3B0FBDD4C538,CUST-E45C059A,2025-12-14T22:02:01.791552,173.65,USD,Smith-Hernandez,Food,0,
TX-FB2DBF3732DB,CUST-E45C059A,2025-12-17T18:02:01.791552,847.26,USD,Perez-Livingston,Retail,0,
TX-0827D155950C,CUST-E45C059A,2025-12-19T04:02:01.791552,1864.88,USD,"Jones, Andrade and Pham",Food,0,
TX-6809B9BD47AA,CUST-E45C059A,2025-12-23T09:02:01.791552,477.45,USD,Hernandez LLC,Utilities,0,
TX-830FA77A12D5,CUST-E45C059A,2025-12-25T10:02:01.791552,954.23,USD,"Silva, Hall and West",Travel,0,
TX-F11359303F29,CUST-E45C059A,2025-12-29T15:02:01.791552,1218.09,USD,Scott Ltd,Travel,0,
TX-8BAE621ADA08,CUST-E45C059A,2026-01-02T11:02:01.791552,572.0,USD,Hall Ltd,Utilities,0,
TX-1329FD2517AF,CUST-E45C059A,2026-01-02T12:02:01.791552,1444.43,USD,"Barker, Nunez and Hardy",Utilities,0,
TX-4C5E47258D7B,CUST-E45C059A,2026-01-07T04:02:01.791552,360.27,USD,Stone-Holden,Travel,0,
TX-57E25E1485AD,CUST-E45C059A,2026-01-07T16:02:01.791552,908.82,USD,"Hill, Sanchez and Giles",Food,0,
TX-F549F2609A22,CUST-E45C059A,2026-01-11T02:02:01.791552,1044.05,USD,Perkins-Garcia,Food,0,
TX-97AE7B60B2BE,CUST-E45C059A,2026-01-12T09:02:01.791552,1402.42,USD,Moore and Sons,Utilities,0,
TX-A4BFEFB655B0,CUST-E45C059A,2026-01-14T04:02:01.791552,393.46,USD,Stevens-King,Utilities,0,
TX-51916E980A4C,CUST-A840EDBE,2025-11-16T13:02:01.791552,1924.13,USD,Perez PLC,Food,0,
TX-A04752B4CFBE,CUST-A840EDBE,2025-11-18T09:02:01.791552,863.05,USD,Lee Group,Food,0,
TX-72FCD068EF59,CUST-A840EDBE,2025-11-21T11:02:01.791552,765.32,USD,"Moore, Aguilar and Williams",Utilities,0,
TX-656E7026231B,CUST-A840EDBE,2025-11-22T06:02:01.791552,33.42,USD,"Yates, Collins and Patterson",Utilities,0,
TX-06E21EBB6FD0,CUST-A840EDBE,2025-11-23T18:02:01.791552,1268.14,USD,"Ramirez, Merritt and Mccoy",Utilities,0,
TX-D85E144E46F8,CUST-A840EDBE,2025-11-26T09:02:01.791552,1029.02,USD,"Newman, Bowman and White",Travel,0,
TX-A4A19BAF7E78,CUST-A840EDBE,2025-11-29T12:02:01.791552,1253.17,USD,Robbins PLC,Retail,0,
TX-728792A0B3E1,CUST-A840EDBE,2025-12-02T09:02:01.791552,617.86,USD,Paul and Sons,Food,0,
TX-9080357CC106,CUST-A840EDBE,2025-12-05T16:02:01.791552,113.07,USD,"Johnson, Phillips and Johnson",Retail,0,
TX-7530B94D87A5,CUST-A840EDBE,2025-12-07T16:02:01.791552,469.54,USD,Reid-Smith,Utilities,0,
TX-67EE3D8C26BE,CUST-A840EDBE,2025-12-11T07:02:01.791552,1700.07,USD,Melendez LLC,Food,0,
TX-9732A7B50D88,CUST-A840EDBE,2025-12-14T14:02:01.791552,1507.29,USD,Mitchell Ltd,Utilities,0,
TX-A4E1D98BD9B1,CUST-A840EDBE,2025-12-17T21:02:01.791552,1284.04,USD,"Terrell, Richard and Wilson",Food,0,
TX-6A85510917BF,CUST-A840EDBE,2025-12-20T22:02:01.791552,1485.08,USD,"Gentry, Simmons and Bowers",Food,0,
TX-3703CFD51CC2,CUST-A840EDBE,2025-12-23T23:02:01.791552,991.69,USD,"Soto, Walsh and Thompson",Food,0,
TX-BB4234814AB3,CUST-A840EDBE,2025-12-28T18:02:01.791552,324.5,USD,West-Palmer,Travel,0,
TX-DA22C02307D6,CUST-A840EDBE,2025-12-29T21:02:01.791552,1792.62,USD,Henry LLC,Utilities,0,
TX-792403722108,CUST-A840EDBE,2025-12-31T05:02:01.791552,266.52,USD,Mckee-Brooks,Food,0,
TX-85F8A0A0652C,CUST-A840EDBE,2026-01-03T03:02:01.791552,274.07,USD,Barnes-White,Retail,0,
TX-95648DCC3A28,CUST-A840EDBE,2026-01-04T21:02:01.791552,80.81,USD,Shelton-Guerra,Retail,0,
TX-96573770EAFD,CUST-A840EDBE,2026-01-07T13:02:01.791552,843.25,USD,"Salazar, Mercado and Thompson",Food,0,
TX-0005FD6F823B,CUST-A840EDBE,2026-01-12T11:02:01.791552,1892.11,USD,Deleon Inc,Utilities,0,
TX-D3487C8A55EF,CUST-A840EDBE,2026-01-15T23:02:01.791552,1813.05,USD,"Espinoza, Garcia and Chen",Utilities,0,
TX-121D0AF01A86,CUST-A840EDBE,2026-01-16T08:02:01.791552,246.01,USD,Hardy-Sanchez,Utilities,0,
TX-06D1703D6EC2,CUST-A840EDBE,2026-01-19T11:02:01.791552,690.83,USD,David LLC,Food,0,
TX-FA58C353FB0E,CUST-A840EDBE,2026-01-21T20:02:01.791552,1062.51,USD,"Lewis, Cooke and Carr",Travel,0,
TX-E22C16FBE0AD,CUST-A840EDBE,2026-01-23T20:02:01.791552,565.25,USD,Gillespie-Harper,Food,0,
TX-0F79E4501146,CUST-A840EDBE,2026-01-26T05:02:01.791552,1363.6,USD,Rose PLC,Utilities,0,
TX-A399FBF706B0,CUST-A840EDBE,2026-01-29T10:02:01.791552,1501.98,USD,Combs Group,Food,0,
TX-31E703EB6AC9,CUST-A840EDBE,2026-02-02T17:02:01.791552,285.04,USD,Roberts Inc,Retail,0,
TX-0C268B426660,CUST-A840EDBE,2026-02-05T01:02:01.791552,420.14,USD,Archer Inc,Utilities,0,
TX-10D911A8EE03,CUST-A840EDBE,2026-02-10T01:02:01.791552,1714.7,USD,"Mclean, Patel and Collier",Utilities,0,
TX-8EBD177F4673,CUST-9D51AEE8,2025-11-17T03:02:01.791552,1693.3,USD,"Cooley, Perez and Medina",Retail,0,
TX-F7C7F6E3BEAD,CUST-9D51AEE8,2025-11-21T06:02:01.791552,1356.84,USD,"Roberson, Bullock and Olson",Travel,0,
TX-F038E3CFD817,CUST-9D51AEE8,2025-11-21T22:02:01.791552,1445.32,USD,"Smith, Chavez and Morgan",Utilities,0,
TX-3BDF1D4F5ECE,CUST-9D51AEE8,2025-11-25T12:02:01.791552,1542.88,USD,Smith-Brown,Food,0,
TX-F557DB8BBDA9,CUST-9D51AEE8,2025-11-28T04:02:01.791552,634.2,USD,Bailey-Murillo,Travel,0,
TX-57E46195A403,CUST-9D51AEE8,2025-12-02T10:02:01.791552,1230.18,USD,"Butler, Graham and Mcdaniel",Food,0,
TX-430EEA2DB279,CUST-9D51AEE8,2025-12-03T00:02:01.791552,260.65,USD,"Gray, Gardner and Barnes",Food,0,
TX-852E94572D3F,CUST-9D51AEE8,2025-12-04T14:02:01.791552,584.94,USD,Swanson Inc,Utilities,0,
TX-922EB38C951B,CUST-9D51AEE8,2025-12-07T13:02:01.791552,283.77,USD,Walker LLC,Food,0,
TX-1D24FFC4E1C3,CUST-9D51AEE8,2025-12-11T02:02:01.791552,295.58,USD,"Lopez, Hodges and James",Utilities,0,
TX-F166284DBEA2,CUST-9D51AEE8,2025-12-13T08:02:01.791552,1114.3,USD,"Smith, Smith and Garcia",Food,0,
TX-FC0EC7382B18,CUST-9D51AEE8,2025-12-14T13:02:01.791552,719.58,USD,Rodriguez PLC,Travel,0,
TX-48BFEF4B9585,CUST-9D51AEE8,2025-12-19T02:02:01.791552,600.92,USD,Smith LLC,Utilities,0,
TX-90BA70514559,CUST-9D51AEE8,2025-12-19T12:02:01.791552,959.29,USD,Hernandez Ltd,Food,0,
TX-320F86C3995F,CUST-9D51AEE8,2025-12-20T15:02:01.791552,949.6,USD,Walsh-Turner,Utilities,0,
TX-05A083A42C49,CUST-E022BA49,2025-11-18T19:02:01.791552,102.97,USD,Reynolds PLC,Food,0,
TX-35787B709B50,CUST-E022BA49,2025-11-23T13:02:01.791552,1573.78,USD,Evans-Harris,Utilities,0,
TX-3290AE3D7847,CUST-E022BA49,2025-11-27T16:02:01.791552,605.79,USD,Johnson Group,Utilities,0,
TX-4D6EF7143091,CUST-E022BA49,2025-11-28T00:02:01.791552,429.89,USD,Thompson Group,Food,0,
TX-55803A0522DF,CUST-E022BA49,2025-12-01T00:02:01.791552,1907.06,USD,"Gray, King and Harris",Retail,0,
TX-1310467823F2,CUST-E022BA49,2025-12-02T11:02:01.791552,1655.03,USD,Swanson-Reed,Food,0,
TX-F923BB541C95,CUST-E022BA49,2025-12-05T14:02:01.791552,1046.92,USD,Khan Inc,Food,0,
TX-8B5E3F93B19D,CUST-E022BA49,2025-12-06T23:02:01.791552,1064.17,USD,Tran Inc,Utilities,0,
TX-9DBBC0C7D268,CUST-9278329D,2025-11-17T22:02:01.791552,1975.95,USD,Hamilton Ltd,Utilities,0,
TX-A34731F1CA29,CUST-9278329D,2025-11-22T08:02:01.791552,40.1,USD,Ruiz-Robinson,Utilities,0,
TX-683D6021452A,CUST-9278329D,2025-11-22T19:02:01.791552,42.24,USD,Young LLC,Food,0,
TX-B69A63458786,CUST-9278329D,2025-11-23T04:02:01.791552,1573.94,USD,"Weber, Peters and Davis",Utilities,0,
TX-D7A74232AA7D,CUST-9278329D,2025-11-26T23:02:01.791552,1866.04,USD,"Boyd, Shah and Harris",Retail,0,
TX-4AAD8125F37B,CUST-9278329D,2025-12-01T08:02:01.791552,1682.9,USD,Avila-Williams,Retail,0,
TX-05DB523F1684,CUST-9278329D,2025-12-05T12:02:01.791552,123.95,USD,Singleton Group,Food,0,
TX-AE8C7DFFB60C,CUST-9278329D,2025-12-10T06:02:01.791552,737.63,USD,Brown-Ramirez,Utilities,0,
TX-FB9D070C610E,CUST-9278329D,2025-12-14T12:02:01.791552,1997.75,USD,"Gonzalez, Shaw and Johnson",Travel,0,
TX-0C87D799033B,CUST-9278329D,2025-12-17T02:02:01.791552,215.19,USD,"Maddox, Jackson and Garcia",Utilities,0,
TX-C6F307D09374,CUST-9278329D,2025-12-19T06:02:01.791552,1098.0,USD,Benson LLC,Utilities,0,
TX-694433EF7613,CUST-9278329D,2025-12-19T14:02:01.791552,1236.4,USD,Crawford-Boyd,Food,0,
TX-D95FFB8DF36B,CUST-9278329D,2025-12-20T18:02:01.791552,941.97,USD,King Group,Travel,0,
TX-D91B7CC906C0,CUST-9278329D,2025-12-25T18:02:01.791552,1310.24,USD,Perez LLC,Retail,0,
TX-4770AAA7AB5D,CUST-9278329D,2025-12-29T23:02:01.791552,846.37,USD,"Booth, Davis and Tate",Food,0,
TX-3B6ECCBADCBE,CUST-9278329D,2026-01-01T03:02:01.791552,1880.53,USD,"Johnson, Parsons and Coleman",Retail,0,
TX-D7C8FC9128C2,CUST-9278329D,2026-01-03T18:02:01.791552,1102.08,USD,Wright-Kennedy,Food,0,
TX-F90C2692D0F6,CUST-9278329D,2026-01-04T10:02:01.791552,709.93,USD,Berry-Jefferson,Food,0,
TX-126B3F396AE4,CUST-9278329D,2026-01-05T08:02:01.791552,1219.82,USD,Hill Ltd,Utilities,0,
TX-4B0B331740F5,CUST-9278329D,2026-01-09T20:02:01.791552,342.46,USD,Green-Flores,Food,0,
TX-0947FE781215,CUST-9278329D,2026-01-11T16:02:01.791552,55.41,USD,Stein-Myers,Retail,0,
TX-209C4C301B08,CUST-9278329D,2026-01-12T15:02:01.791552,381.84,USD,"Flores, Kidd and Parker",Retail,0,
TX-714BBF58F59A,CUST-9278329D,2026-01-15T21:02:01.791552,403.62,USD,Smith Ltd,Travel,0,
TX-79395A8565C2,CUST-9278329D,2026-01-19T11:02:01.791552,280.94,USD,"Obrien, Miller and Ramirez",Utilities,0,
TX-02051E5CB275,CUST-9278329D,2026-01-22T23:02:01.791552,1606.2,USD,"Duncan, Hall and Hendricks",Travel,0,
TX-FC197FC1B14C,CUST-9278329D,2026-01-24T22:02:01.791552,1703.41,USD,"Bailey, Jones and Thompson",Retail,0,
TX-FD2923B1047B,CUST-9278329D,2026-01-26T00:02:01.791552,354.44,USD,Williams Group,Food,0,
TX-784C5A251141,CUST-9278329D,2026-01-29T05:02:01.791552,337.68,USD,Jackson-Wilkinson,Retail,0,
TX-EF1FA4407515,CUST-9278329D,2026-02-02T12:02:01.791552,1942.64,USD,"Haas, Ross and Porter",Food,0,
TX-1FEAE48E60C7,CUST-9278329D,2026-02-02T20:02:01.791552,1646.27,USD,Brown-Garza,Retail,0,
TX-33FD1278EC6F,CUST-9278329D,2026-02-07T19:02:01.791552,841.22,USD,Carson-Randall,Food,0,
TX-E1B4DE8B8655,CUST-9278329D,2026-02-08T02:02:01.791552,916.47,USD,Davis Ltd,Travel,0,
TX-2308736FCE28,CUST-9278329D,2026-02-09T09:02:01.791552,1789.2,USD,"White, Morton and Garcia",Utilities,0,
TX-8B724BAE9E8B,CUST-A03117AB,2025-11-14T16:02:01.791552,549.47,USD,Gardner-Richardson,Retail,0,
TX-C54AC519A8FB,CUST-A03117AB,2025-11-18T23:02:01.791552,1630.6,USD,"Marsh, Hernandez and Jones",Travel,0,
TX-4E578D1E31C0,CUST-A03117AB,2025-11-19T15:02:01.791552,1756.77,USD,Riley Inc,Food,0,
TX-F3E2F4D7D75B,CUST-A03117AB,2025-11-21T01:02:01.791552,598.93,USD,Parker-Castro,Travel,0,
TX-39AB52FA113B,CUST-A03117AB,2025-11-24T17:02:01.791552,1390.44,USD,"Jones, Pacheco and Johnson",Utilities,0,
TX-34FD5BCBD459,CUST-A03117AB,2025-11-28T11:02:01.791552,124.52,USD,Norris PLC,Food,0,
TX-B90FD9100CE3,CUST-A03117AB,2025-12-01T10:02:01.791552,146.29,USD,Kelly LLC,Travel,0,
TX-4C9C67B4D588,CUST-A03117AB,2025-12-02T11:02:01.791552,431.08,USD,"Taylor, Brown and Nicholson",Travel,0,
TX-17EFE971E4CC,CUST-A03117AB,2025-12-04T06:02:01.791552,172.67,USD,"Warner, White and Miller",Food,0,
TX-B4F7624D7516,CUST-A03117AB,2025-12-04T19:02:01.791552,1441.89,USD,Alvarez-Key,Travel,0,
TX-A551E9199898,CUST-A03117AB,2025-12-09T19:02:01.791552,456.3,USD,Smith-Valdez,Utilities,0,
TX-FAB6E823280E,CUST-A03117AB,2025-12-10T06:02:01.791552,737.19,USD,Green and Sons,Travel,0,
TX-1E8301E4A565,CUST-A03117AB,2025-12-13T09:02:01.791552,159.79,USD,"Obrien, Gordon and Lin",Travel,0,
TX-B7B7672E30F2,CUST-A03117AB,2025-12-16T22:02:01.791552,460.55,USD,"Valencia, Mullins and Mercer",Travel,0,
TX-26A53C4F23CE,CUST-A03117AB,2025-12-17T09:02:01.791552,1608.01,USD,"Mitchell, Salas and Thompson",Retail,0,
TX-1233A7BC0714,CUST-A03117AB,2025-12-21T01:02:01.791552,158.34,USD,"Riddle, Briggs and Terry",Food,0,
TX-4156EF71815D,CUST-A03117AB,2025-12-25T10:02:01.791552,730.24,USD,"Matthews, Torres and Cummings",Utilities,0,
TX-982C0CE25479,CUST-A03117AB,2025-12-29T07:02:01.791552,566.52,USD,"Miller, Jackson and Hamilton",Food,0,
TX-1B547B8A94E2,CUST-A03117AB,2026-01-01T11:02:01.791552,52.61,USD,"Ortiz, Dunlap and Lynch",Retail,0,
TX-55A78F97C69F,CUST-A03117AB,2026-01-01T21:02:01.791552,322.33,USD,Guzman-Nelson,Food,0,
TX-1DA55841AD85,CUST-A03117AB,2026-01-04T18:02:01.791552,973.6,USD,"Brown, Franco and Phillips",Retail,0,
TX-A29D055E164D,CUST-A03117AB,2026-01-09T11:02:01.791552,1949.62,USD,"Edwards, Edwards and Burke",Utilities,0,
TX-F206A5B8F298,CUST-A03117AB,2026-01-12T06:02:01.791552,812.39,USD,Martin-Johnson,Retail,0,
TX-608AC190F30C,CUST-A03117AB,2026-01-15T03:02:01.791552,1959.9,USD,Gonzalez PLC,Food,0,
TX-57E0731112AC,CUST-A03117AB,2026-01-17T05:02:01.791552,1475.68,USD,Wright-Torres,Utilities,0,
TX-D9933D4A6139,CUST-B509B21C,2025-11-17T02:02:01.791552,913.45,USD,Swanson Group,Retail,0,
TX-AA4472E70A77,CUST-B509B21C,2025-11-21T13:02:01.791552,1726.53,USD,"Dunn, Brown and Gray",Food,0,
TX-5904B1D16654,CUST-B509B21C,2025-11-23T04:02:01.791552,1259.76,USD,"Reed, Ruiz and Mcdonald",Utilities,0,
TX-EDB552041F72,CUST-B509B21C,2025-11-25T11:02:01.791552,67.78,USD,Walker-Garcia,Utilities,0,
TX-5C582B84506C,CUST-B509B21C,2025-11-30T04:02:01.791552,1467.73,USD,Williams-Kirk,Food,0,
TX-048FAFF67383,CUST-B509B21C,2025-12-02T19:02:01.791552,1139.02,USD,Martin PLC,Travel,0,
TX-B1BAB6AA3037,CUST-B509B21C,2025-12-03T07:02:01.791552,1968.82,USD,Noble-Collins,Food,0,
TX-6BE985291A66,CUST-B509B21C,2025-12-05T08:02:01.791552,620.31,USD,Boyd Group,Utilities,0,
TX-A7EBC8E443BC,CUST-B509B21C,2025-12-09T01:02:01.791552,592.56,USD,Foster Group,Utilities,0,
TX-2F2E5DF502C4,CUST-B509B21C,2025-12-12T05:02:01.791552,1109.81,USD,Turner-Cortez,Retail,0,
TX-FDD31F2DCFA7,CUST-B509B21C,2025-12-12T08:02:01.791552,455.4,USD,Terrell-Black,Food,0,
TX-FF2ACA00893B,CUST-B509B21C,2025-12-12T23:02:01.791552,411.42,USD,Stevens-Welch,Food,0,
TX-889884532C9C,CUST-B509B21C,2025-12-14T22:02:01.791552,701.68,USD,Hancock-Garcia,Utilities,0,
TX-6A70D2322DBB,CUST-B509B21C,2025-12-15T05:02:01.791552,1251.85,USD,"Chapman, Price and Mann",Retail,0,
TX-C224908FDFA5,CUST-B509B21C,2025-12-18T11:02:01.791552,1118.72,USD,Parker-Brown,Utilities,0,
TX-45926753779B,CUST-B509B21C,2025-12-21T23:02:01.791552,1757.56,USD,Henry-Pruitt,Utilities,0,
TX-71221F960CB4,CUST-B509B21C,2025-12-22T14:02:01.791552,289.77,USD,Murphy Ltd,Utilities,0,
TX-DCF808FE4B1E,CUST-B509B21C,2025-12-23T19:02:01.791552,1176.52,USD,"Hardin, Ramirez and Chapman",Utilities,0,
TX-3C7F06C63764,CUST-B509B21C,2025-12-26T14:02:01.791552,1531.93,USD,Cooke-Mclean,Retail,0,
TX-F8E568C4D976,CUST-B509B21C,2025-12-27T10:02:01.791552,1807.51,USD,Cooke Inc,Utilities,0,
TX-C048185CE10E,CUST-B509B21C,2025-12-30T16:02:01.791552,1933.61,USD,Mckay-Carter,Food,0,
TX-6F49D73BC124,CUST-B509B21C,2025-12-31T20:02:01.791552,1121.83,USD,Farley PLC,Retail,0,
TX-0967C136451B,CUST-B509B21C,2026-01-05T10:02:01.791552,814.22,USD,Price LLC,Travel,0,
TX-3CB10847C13C,CUST-B509B21C,2026-01-07T10:02:01.791552,728.63,USD,"Robinson, Adams and Bradshaw",Utilities,0,
TX-B9C2B3B2074F,CUST-B509B21C,2026-01-10T22:02:01.791552,282.5,USD,"Martinez, Gonzales and Williams",Retail,0,
TX-4459A3F5A3EA,CUST-B509B21C,2026-01-12T21:02:01.791552,1814.7,USD,Castro LLC,Retail,0,
TX-44326F63FA40,CUST-B509B21C,2026-01-15T10:02:01.791552,1748.43,USD,Hanna-Erickson,Food,0,
TX-7AD88F30F1CE,CUST-B509B21C,2026-01-19T00:02:01.791552,504.12,USD,Mendoza-Porter,Retail,0,
TX-E694A1743A16,CUST-B509B21C,2026-01-19T11:02:01.791552,1835.83,USD,Novak-Tran,Utilities,0,
TX-B3715C5427AA,CUST-B509B21C,2026-01-23T18:02:01.791552,317.1,USD,"Mason, Phillips and Rodriguez",Travel,0,
TX-F165CB9293DC,CUST-B509B21C,2026-01-26T09:02:01.791552,909.92,USD,Greene PLC,Food,0,
TX-9D58DEB2F1D3,CUST-B509B21C,2026-01-27T22:02:01.791552,1970.56,USD,English Ltd,Food,0,
TX-5DEEBCA87B78,CUST-B509B21C,2026-01-31T01:02:01.791552,376.35,USD,Miller Inc,Retail,0,
TX-8601B7ACE43D,CUST-B509B21C,2026-02-01T04:02:01.791552,1835.25,USD,Bean Ltd,Utilities,0,
TX-C67778DD5883,CUST-B509B21C,2026-02-03T20:02:01.791552,1116.88,USD,"Barrera, Floyd and Walker",Travel,0,
TX-B88C646E5553,CUST-B509B21C,2026-02-06T03:02:01.791552,654.17,USD,"Parker, Gentry and Hanna",Retail,0,
TX-E14C7CEBAA1F,CUST-B509B21C,2026-02-07T21:02:01.791552,1245.69,USD,Miller Inc,Retail,0,
TX-4E12FF1C73A4,CUST-B509B21C,2026-02-10T03:02:01.791552,645.08,USD,Lopez Inc,Utilities,0,
TX-424718D09DFC,CUST-99437888,2025-11-17T12:02:01.791552,975.39,USD,"Anderson, Pittman and Carter",Travel,0,
TX-22BE3B49FB26,CUST-99437888,2025-11-20T22:02:01.791552,1793.94,USD,Wallace LLC,Food,0,
TX-6CB9ECA6E1AC,CUST-99437888,2025-11-25T10:02:01.791552,1580.12,USD,Rose-Gutierrez,Travel,0,
TX-A9D5EC9C6AA1,CUST-99437888,2025-11-29T00:02:01.791552,603.88,USD,"Wheeler, Barry and Burgess",Food,0,
TX-FF5BBFEC3248,CUST-99437888,2025-11-30T11:02:01.791552,93.86,USD,Singh Group,Travel,0,
TX-74A8CA91C1BA,CUST-99437888,2025-12-05T03:02:01.791552,1123.67,USD,Parks-Ryan,Food,0,
TX-C4C2F689D411,CUST-99437888,2025-12-06T13:02:01.791552,358.45,USD,"Johnson, Blair and Herrera",Travel,0,
TX-46A12ED68C89,CUST-99437888,2025-12-06T23:02:01.791552,1151.3,USD,Williams-Garcia,Travel,0,
TX-3994AA85583D,CUST-99437888,2025-12-09T22:02:01.791552,1682.07,USD,Smith-Jordan,Retail,0,
TX-6C1D4D4AF876,CUST-99437888,2025-12-13T19:02:01.791552,252.39,USD,"Nolan, Lee and Murphy",Travel,0,
TX-5564300A09A6,CUST-99437888,2025-12-17T10:02:01.791552,185.98,USD,Jones-Baker,Retail,0,
TX-E336A397CB93,CUST-99437888,2025-12-18T07:02:01.791552,454.54,USD,Ellison-Jackson,Food,0,
TX-33D8DE085B2D,CUST-99437888,2025-12-21T14:02:01.791552,1179.81,USD,"Armstrong, Davis and Mitchell",Food,0,
TX-2A6F04D176F5,CUST-99437888,2025-12-23T22:02:01.791552,236.85,USD,Simmons Group,Retail,0,
TX-1FBC491013C3,CUST-99437888,2025-12-28T14:02:01.791552,1771.71,USD,Clark-Baker,Utilities,0,
TX-10942AF4147A,CUST-99437888,2025-12-31T02:02:01.791552,724.35,USD,Harmon and Sons,Retail,0,
TX-6856F237C3BD,CUST-99437888,2026-01-01T14:02:01.791552,1326.51,USD,Moyer Inc,Travel,0,
TX-C31EF837461B,CUST-99437888,2026-01-02T07:02:01.791552,1483.57,USD,Preston-Brewer,Utilities,0,
TX-0DC74A20EAB0,CUST-99437888,2026-01-04T01:02:01.791552,392.33,USD,Bowman-Carter,Retail,0,
TX-FAE2DF0F7CC8,CUST-99437888,2026-01-05T22:02:01.791552,65.25,USD,"Hall, Ruiz and Nguyen",Retail,0,
TX-A929D48E1622,CUST-99437888,2026-01-10T18:02:01.791552,1622.91,USD,Williams-Huynh,Retail,0,
TX-9D1CF7D24D9C,CUST-99437888,2026-01-11T01:02:01.791552,303.27,USD,Harmon-Bryan,Utilities,0,
TX-1F4BFAA50A6D,CUST-99437888,2026-01-12T20:02:01.791552,1002.82,USD,Campbell Ltd,Utilities,0,
TX-5073A9076BBE,CUST-99437888,2026-01-15T14:02:01.791552,580.79,USD,Lyons Group,Utilities,0,
TX-737CEC406042,CUST-99437888,2026-01-17T16:02:01.791552,161.86,USD,"Schmidt, Poole and Cook",Retail,0,
TX-A36FA24E0E61,CUST-99437888,2026-01-20T23:02:01.791552,1551.74,USD,Harris Inc,Travel,0,
TX-730FCD49F97B,CUST-99437888,2026-01-25T18:02:01.791552,1532.0,USD,Harris-Frederick,Travel,0,
TX-48380ACABAB1,CUST-EFB47961,2025-11-14T17:02:01.791552,1903.09,USD,Christian-Frederick,Food,0,
TX-2541403BBBF5,CUST-EFB47961,2025-11-19T08:02:01.791552,1303.42,USD,"Curtis, Perez and Diaz",Utilities,0,
TX-19D525A91B1A,CUST-EFB47961,2025-11-23T19:02:01.791552,1929.27,USD,Collins Group,Food,0,
TX-A88D51A2567A,CUST-EFB47961,2025-11-27T16:02:01.791552,1107.2,USD,Long Group,Travel,0,
TX-16C3442AABA6,CUST-EFB47961,2025-11-29T09:02:01.791552,1722.24,USD,Carter-Moran,Food,0,
TX-3DC91A17F4D5,CUST-EFB47961,2025-12-01T07:02:01.791552,1995.77,USD,Hughes-Graham,Food,0,
TX-DDEE35D8B188,CUST-EFB47961,2025-12-05T12:02:01.791552,1228.11,USD,Mitchell-Willis,Food,0,
TX-119F99514C43,CUST-EFB47961,2025-12-07T15:02:01.791552,693.59,USD,Green-Jones,Travel,0,
TX-CD8B80C6251C,CUST-EFB47961,2025-12-11T03:02:01.791552,841.47,USD,Fleming and Sons,Travel,0,
TX-494F028A38C1,CUST-EFB47961,2025-12-12T21:02:01.791552,75.54,USD,Cisneros LLC,Utilities,0,
TX-BC57B4D3C4B7,CUST-EFB47961,2025-12-14T03:02:01.791552,667.76,USD,Tyler-Boyer,Travel,0,
TX-89CEAF46ECD4,CUST-BDE65B9F,2025-11-14T10:02:01.791552,1655.6,USD,Reed-Sharp,Utilities,0,
TX-66288EF45461,CUST-BDE65B9F,2025-11-14T17:02:01.791552,485.04,USD,"Bradley, Henry and Barrett",Utilities,0,
TX-02B1B31D5248,CUST-BDE65B9F,2025-11-19T08:02:01.791552,593.14,USD,Dominguez-Chung,Retail,0,
TX-C715E452E860,CUST-BDE65B9F,2025-11-20T19:02:01.791552,1316.23,USD,"James, Davis and Brown",Retail,0,
TX-51A3DA572ECA,CUST-BDE65B9F,2025-11-22T20:02:01.791552,140.57,USD,"Barnes, Evans and Martinez",Travel,0,
TX-E6A1EA0E2E88,CUST-BDE65B9F,2025-11-24T11:02:01.791552,1920.13,USD,"Mccormick, Thomas and Martin",Food,0,
TX-231CDABF662C,CUST-BDE65B9F,2025-11-26T21:02:01.791552,1202.53,USD,Huerta-Reyes,Food,0,
TX-6F404F6FE51A,CUST-BDE65B9F,2025-11-27T11:02:01.791552,743.3,USD,Harmon-Conley,Utilities,0,
TX-422E8EC831F3,CUST-BDE65B9F,2025-12-01T19:02:01.791552,1610.86,USD,Patel Ltd,Retail,0,
TX-090B598E78D4,CUST-BDE65B9F,2025-12-04T19:02:01.791552,1522.35,USD,Hudson PLC,Retail,0,
TX-524131284B4D,CUST-BDE65B9F,2025-12-08T00:02:01.791552,160.31,USD,"Johnston, Gray and Greene",Travel,0,
TX-51E5E491FD8E,CUST-BDE65B9F,2025-12-10T07:02:01.791552,890.82,USD,"Brown, Myers and Dalton",Retail,0,
TX-6A112B17EA4E,CUST-BDE65B9F,2025-12-13T08:02:01.791552,533.09,USD,Lewis-Barton,Food,0,
TX-8E2F55C45879,CUST-BDE65B9F,2025-12-18T04:02:01.791552,1860.14,USD,Bautista-Barnes,Retail,0,
TX-51B27A58150D,CUST-BDE65B9F,2025-12-20T10:02:01.791552,1861.07,USD,Cole Ltd,Utilities,0,
TX-C0757A99D91F,CUST-BDE65B9F,2025-12-22T08:02:01.791552,372.09,USD,Williams-Castro,Food,0,
TX-2E657CD37992,CUST-BDE65B9F,2025-12-26T05:02:01.791552,999.74,USD,"Williams, Alvarado and Taylor",Retail,0,
TX-FA1D2747CDD6,CUST-BDE65B9F,2025-12-29T04:02:01.791552,715.44,USD,Vargas Inc,Retail,0,
TX-FDBA108A40A2,CUST-BDE65B9F,2025-12-29T06:02:01.791552,812.9,USD,White-Rhodes,Travel,0,
TX-F13D9476EBFA,CUST-BDE65B9F,2026-01-01T20:02:01.791552,1710.52,USD,Hall-Williams,Utilities,0,
TX-DC5ADE052079,CUST-BDE65B9F,2026-01-04T02:02:01.791552,944.99,USD,Harrington-Martin,Food,0,
TX-F26F2A32E4A4,CUST-BDE65B9F,2026-01-05T23:02:01.791552,307.14,USD,"Weeks, Bell and Anderson",Retail,0,
TX-A63FE082CBBD,CUST-BDE65B9F,2026-01-08T02:02:01.791552,374.06,USD,Hunt Group,Food,0,
TX-243CF9102C62,CUST-BDE65B9F,2026-01-09T05:02:01.791552,360.08,USD,"Schwartz, Floyd and Diaz",Retail,0,
TX-EC7594BC10E7,CUST-BDE65B9F,2026-01-13T03:02:01.791552,989.59,USD,Turner Inc,Utilities,0,
TX-FDC3C5FE1256,CUST-BDE65B9F,2026-01-14T02:02:01.791552,1811.98,USD,Brown-Montoya,Utilities,0,
TX-2BEB897AD620,CUST-BDE65B9F,2026-01-15T17:02:01.791552,1260.37,USD,"Mcpherson, Curtis and Reyes",Travel,0,
TX-D0BEFB11D6FD,CUST-BDE65B9F,2026-01-20T13:02:01.791552,1573.53,USD,Walker Inc,Retail,0,
TX-537B0763A6AD,CUST-BDE65B9F,2026-01-24T17:02:01.791552,404.86,USD,Hunter Group,Travel,0,
TX-E6A788473604,CUST-BDE65B9F,2026-01-26T03:02:01.791552,39.69,USD,Campbell-Williams,Food,0,
TX-78B272F36E67,CUST-BDE65B9F,2026-01-29T10:02:01.791552,183.29,USD,"Warren, Clark and Miller",Utilities,0,
TX-366C45FECDCE,CUST-BDE65B9F,2026-01-31T19:02:01.791552,699.69,USD,Munoz-Ryan,Food,0,
TX-108952F40180,CUST-BDE65B9F,2026-02-03T04:02:01.791552,944.76,USD,Munoz PLC,Food,0,
TX-710679742D0E,CUST-BDE65B9F,2026-02-06T12:02:01.791552,1033.88,USD,Heath Group,Utilities,0,
TX-4AB1986882DB,CUST-BDE65B9F,2026-02-09T00:02:01.791552,1738.25,USD,Dunn-Calhoun,Retail,0,
TX-CC517255F563,CUST-A75CDAA2,2025-11-14T03:02:01.791552,730.09,USD,"Lopez, Barnes and Williams",Utilities,0,
TX-79C0C960DFD3,CUST-A75CDAA2,2025-11-16T06:02:01.791552,182.2,USD,Schneider-Campbell,Travel,0,
TX-ABC12B4A7DC4,CUST-A75CDAA2,2025-11-20T23:02:01.791552,1844.71,USD,"Ward, Hudson and Richardson",Retail,0,
TX-5C03B957052C,CUST-A75CDAA2,2025-11-21T02:02:01.791552,697.43,USD,Travis-Cabrera,Retail,0,
TX-624DE2DF9876,CUST-A75CDAA2,2025-11-21T23:02:01.791552,1750.91,USD,Day Ltd,Retail,0,
TX-012EB00E4CEC,CUST-A75CDAA2,2025-11-24T18:02:01.791552,73.78,USD,"Galvan, Benson and Parks",Food,0,
TX-263A3CBC15F9,CUST-A75CDAA2,2025-11-27T08:02:01.791552,1969.14,USD,Ritter-Bennett,Travel,0,
TX-D94DCCB65267,CUST-A75CDAA2,2025-12-02T02:02:01.791552,125.25,USD,Cox-Henderson,Food,0,
TX-AE3D04A297AC,CUST-A75CDAA2,2025-12-03T22:02:01.791552,930.54,USD,Pratt LLC,Retail,0,
TX-CCEFC02E3C77,CUST-A75CDAA2,2025-12-04T16:02:01.791552,1719.67,USD,Carson-Martinez,Retail,0,
TX-CC45F5A58B6D,CUST-A75CDAA2,2025-12-05T19:02:01.791552,436.07,USD,"Hernandez, Hill and Krueger",Food,0,
TX-72FACCD9B500,CUST-A75CDAA2,2025-12-09T13:02:01.791552,235.67,USD,Mccarthy-King,Food,0,
TX-05A3D2F54F6D,CUST-A75CDAA2,2025-12-14T07:02:01.791552,161.27,USD,"Conner, Parker and Brewer",Retail,0,
TX-7AE3A1ECBB79,CUST-A75CDAA2,2025-12-19T01:02:01.791552,978.38,USD,"Nguyen, Watson and Henderson",Retail,0,
TX-E13886539FF7,CUST-A75CDAA2,2025-12-21T05:02:01.791552,255.84,USD,Thomas-Bridges,Food,0,
TX-D9AA9C02BA61,CUST-AE242765,2025-11-15T08:02:01.791552,1233.12,USD,Martinez-Powers,Retail,0,
TX-C031C441C5E0,CUST-AE242765,2025-11-19T07:02:01.791552,915.46,USD,Nelson LLC,Retail,0,
TX-E336AE5A846B,CUST-AE242765,2025-11-21T16:02:01.791552,1525.55,USD,Hill-Carr,Retail,0,
TX-440448B0F4FD,CUST-AE242765,2025-11-25T14:02:01.791552,517.34,USD,Potts-Brown,Food,0,
TX-E17F1DD0D1FC,CUST-AE242765,2025-11-28T04:02:01.791552,846.04,USD,"Vaughn, Jimenez and Williams",Utilities,0,
TX-1B038FE63F47,CUST-AE242765,2025-11-28T08:02:01.791552,530.96,USD,Simmons Inc,Travel,0,
TX-5D0502A48D88,CUST-AE242765,2025-11-29T01:02:01.791552,958.37,USD,Myers-Jones,Travel,0,
TX-A793D9E10294,CUST-AE242765,2025-11-30T09:02:01.791552,680.26,USD,Washington-Peterson,Retail,0,
TX-AEAFD43CE05A,CUST-AE242765,2025-12-04T14:02:01.791552,1427.13,USD,Riley-Ortega,Utilities,0,
TX-017002B8B81E,CUST-AE242765,2025-12-09T06:02:01.791552,1450.61,USD,"Heath, Malone and Yang",Utilities,0,
TX-C8EA18DEACAB,CUST-AE242765,2025-12-14T00:02:01.791552,955.04,USD,"Hernandez, Brooks and May",Food,0,
TX-270B9C84BD7B,CUST-AE242765,2025-12-14T08:02:01.791552,732.9,USD,"Stewart, Wolfe and Norton",Travel,0,
TX-DBA8A07B90AE,CUST-AE242765,2025-12-16T10:02:01.791552,854.84,USD,Mitchell PLC,Travel,0,
TX-51A78BCE1F7E,CUST-AE242765,2025-12-19T02:02:01.791552,1008.39,USD,"Ramirez, Ball and Martin",Food,0,
TX-DE6EBB41D494,CUST-AE242765,2025-12-24T01:02:01.791552,1435.41,USD,"Decker, Wilson and Mahoney",Travel,0,
TX-98475AD9D886,CUST-AE242765,2025-12-28T15:02:01.791552,1534.9,USD,"Kelly, Brooks and Webb",Food,0,
TX-14026C3BACBA,CUST-AE242765,2025-12-29T03:02:01.791552,1365.2,USD,"Fletcher, Martin and Donaldson",Travel,0,
TX-3A964A704E2C,CUST-AE242765,2025-12-30T05:02:01.791552,1796.16,USD,"Jones, Herrera and Robertson",Travel,0,
TX-9C672ADE8E33,CUST-AE242765,2025-12-31T08:02:01.791552,1240.66,USD,Edwards-Savage,Retail,0,
TX-39394632FD70,CUST-AE242765,2026-01-05T02:02:01.791552,115.99,USD,Collier-White,Utilities,0,
TX-4411B5DA83F8,CUST-AE242765,2026-01-08T17:02:01.791552,835.45,USD,Jimenez Group,Utilities,0,
TX-A11FE9F5646C,CUST-04C5E26C,2025-11-16T21:02:01.791552,1645.55,USD,Trevino Inc,Travel,0,
TX-36EA7BAC5AD1,CUST-04C5E26C,2025-11-18T01:02:01.791552,1695.14,USD,"Blevins, White and Rogers",Retail,0,
TX-27678E441FAC,CUST-04C5E26C,2025-11-22T06:02:01.791552,1580.02,USD,Horton-Stewart,Travel,0,
TX-5FA0DBFACDA7,CUST-04C5E26C,2025-11-25T04:02:01.791552,944.11,USD,Harris Ltd,Retail,0,
TX-FDBF1AA3C46C,CUST-04C5E26C,2025-11-27T04:02:01.791552,189.83,USD,"Daniel, Stevenson and Perez",Food,0,
TX-27A8A777F3EA,CUST-04C5E26C,2025-11-30T22:02:01.791552,1130.35,USD,"Osborne, Cox and White",Travel,0,
TX-D2F22589B99D,CUST-04C5E26C,2025-12-02T08:02:01.791552,543.4,USD,Mccarty LLC,Retail,0,
TX-02B2DCC679E3,CUST-04C5E26C,2025-12-05T13:02:01.791552,67.6,USD,Shea-Morrow,Utilities,0,
TX-7FD5EB5E8155,CUST-04C5E26C,2025-12-07T11:02:01.791552,362.02,USD,"Brown, Sanchez and Campbell",Utilities,0,
TX-D3B4A2CF8C1F,CUST-04C5E26C,2025-12-08T18:02:01.791552,659.28,USD,Stewart-Jones,Travel,0,
TX-2699D3BABE63,CUST-04C5E26C,2025-12-10T08:02:01.791552,480.87,USD,"Osborne, Peters and Owens",Utilities,0,
TX-5B92D56767CA,CUST-04C5E26C,2025-12-11T07:02:01.791552,772.6,USD,"Coleman, Mitchell and Flores",Food,0,
TX-51ED34CCDEA3,CUST-04C5E26C,2025-12-12T19:02:01.791552,654.97,USD,"Jones, James and Green",Food,0,
TX-BE47D0FF3E21,CUST-04C5E26C,2025-12-17T02:02:01.791552,1704.34,USD,Dillon-Wilson,Retail,0,
TX-9A2667D5DB3A,CUST-04C5E26C,2025-12-18T05:02:01.791552,1600.96,USD,Dickerson-Little,Travel,0,
TX-33811CAD5D63,CUST-04C5E26C,2025-12-20T16:02:01.791552,1912.87,USD,Stewart PLC,Utilities,0,
TX-419885A5A6E5,CUST-04C5E26C,2025-12-24T16:02:01.791552,901.47,USD,Russell-Melendez,Travel,0,
TX-1F8E00D2CEF1,CUST-04C5E26C,2025-12-27T08:02:01.791552,918.71,USD,Richard-Ward,Food,0,
TX-54AC9E712B6A,CUST-04C5E26C,2025-12-28T15:02:01.791552,690.86,USD,"Smith, Patton and Mcbride",Food,0,
TX-AD5A9E7798C2,CUST-04C5E26C,2026-01-01T06:02:01.791552,1129.67,USD,Lee-French,Travel,0,
TX-F38CD1667E27,CUST-04C5E26C,2026-01-06T05:02:01.791552,1839.69,USD,Mckee LLC,Retail,0,
TX-0A28E411A4A7,CUST-04C5E26C,2026-01-10T13:02:01.791552,731.09,USD,Austin Ltd,Travel,0,
TX-4265EAD7C395,CUST-04C5E26C,2026-01-11T01:02:01.791552,1300.59,USD,Fox Group,Retail,0,
TX-5F8A874668F1,CUST-04C5E26C,2026-01-14T09:02:01.791552,1738.28,USD,"Lindsey, Macdonald and May",Retail,0,
TX-A248002BE106,CUST-04C5E26C,2026-01-14T23:02:01.791552,584.09,USD,Mills LLC,Utilities,0,
TX-7F1A7FD75B6B,CUST-04C5E26C,2026-01-18T02:02:01.791552,1941.31,USD,Bonilla-Castaneda,Food,0,
TX-D471A8B4B89C,CUST-04C5E26C,2026-01-21T12:02:01.791552,431.49,USD,Nelson-David,Retail,0,
TX-42641BA5C5F6,CUST-04C5E26C,2026-01-24T21:02:01.791552,1248.88,USD,Smith LLC,Travel,0,
TX-FA1E8905A804,CUST-04C5E26C,2026-01-26T08:02:01.791552,1468.0,USD,Green-Perez,Retail,0,
TX-B79DBC66A52A,CUST-04C5E26C,2026-01-28T22:02:01.791552,372.82,USD,Villarreal-Clark,Retail,0,
TX-6396D58B76FD,CUST-04C5E26C,2026-01-31T06:02:01.791552,1838.54,USD,Jimenez Ltd,Food,0,
TX-26785586A9AB,CUST-04C5E26C,2026-01-31T07:02:01.791552,1831.79,USD,"Montgomery, Crawford and Fischer",Utilities,0,
TX-C93F01E3281B,CUST-04C5E26C,2026-02-03T02:02:01.791552,1212.61,USD,"Thompson, Jackson and Henry",Utilities,0,
TX-54389085DF5B,CUST-04C5E26C,2026-02-06T02:02:01.791552,1943.1,USD,Cook Ltd,Retail,0,
TX-A92A1E425A88,CUST-04C5E26C,2026-02-09T19:02:01.791552,552.69,USD,"Smith, Marquez and Hall",Food,0,
TX-950ED185111B,CUST-04C5E26C,2026-02-11T10:02:01.791552,525.57,USD,Richardson-Camacho,Travel,0,
TX-96ECA47CDE52,CUST-60A13951,2025-11-14T09:02:01.791552,341.26,USD,Nguyen-Hernandez,Food,0,
TX-8441EF3A107E,CUST-60A13951,2025-11-14T21:02:01.791552,872.34,USD,"Baxter, Bowen and Watson",Retail,0,
TX-43A164466604,CUST-60A13951,2025-11-18T13:02:01.791552,361.36,USD,"Fox, Gonzales and Evans",Utilities,0,
TX-77A3D8D36EF4,CUST-60A13951,2025-11-19T15:02:01.791552,1954.44,USD,"Ferguson, Fox and Armstrong",Food,0,
TX-4839612DC6A5,CUST-60A13951,2025-11-20T04:02:01.791552,1190.55,USD,"Horn, Cole and Andrews",Food,0,
TX-9628C060C631,CUST-60A13951,2025-11-23T20:02:01.791552,1488.97,USD,Warner Group,Travel,0,
TX-F10E0DE03C0B,CUST-60A13951,2025-11-26T17:02:01.791552,754.73,USD,Underwood PLC,Utilities,0,
TX-18B14C1C7907,CUST-60A13951,2025-11-27T08:02:01.791552,1820.83,USD,Jones PLC,Retail,0,
TX-9F5DD3B572E3,CUST-60A13951,2025-11-28T05:02:01.791552,1071.17,USD,Roberts-Hernandez,Food,0,
TX-1312702F6935,CUST-60A13951,2025-12-01T18:02:01.791552,1263.0,USD,"Fuller, Kramer and Shepherd",Retail,0,
TX-C7C9AF3A965B,CUST-60A13951,2025-12-04T07:02:01.791552,1556.15,USD,Hall and Sons,Travel,0,
TX-9A1CC18A6308,CUST-60A13951,2025-12-06T21:02:01.791552,1743.69,USD,"Bennett, Leonard and Brown",Travel,0,
TX-7D76CB9D969D,CUST-60A13951,2025-12-09T13:02:01.791552,1091.19,USD,"Robinson, Sutton and Simpson",Food,0,
TX-7C0296AFB47E,CUST-60A13951,2025-12-11T23:02:01.791552,1580.61,USD,"Fisher, Green and Carroll",Food,0,
TX-B3706411D2CC,CUST-60A13951,2025-12-14T20:02:01.791552,1300.1,USD,Hawkins-Solis,Utilities,0,
TX-BB2992F854D6,CUST-60A13951,2025-12-18T09:02:01.791552,533.32,USD,Sharp Ltd,Travel,0,
TX-7C89E677B65D,CUST-60A13951,2025-12-20T18:02:01.791552,1218.79,USD,Jackson-Stephenson,Travel,0,
TX-6AFFC7420AD5,CUST-60A13951,2025-12-21T18:02:01.791552,628.15,USD,Jordan PLC,Utilities,0,
TX-68F749D82D2D,CUST-60A13951,2025-12-26T16:02:01.791552,414.15,USD,Butler-Edwards,Travel,0,
TX-BB95F806E4C2,CUST-60A13951,2025-12-27T11:02:01.791552,1962.05,USD,"Ballard, Kim and Reed",Food,0,
TX-9E7E884FA28E,CUST-60A13951,2026-01-01T06:02:01.791552,52.78,USD,Ballard Group,Utilities,0,
TX-6F3509263411,CUST-60A13951,2026-01-06T03:02:01.791552,728.92,USD,Gill Inc,Travel,0,
TX-30F8A2DDAA5A,CUST-60A13951,2026-01-10T01:02:01.791552,1396.14,USD,"Newman, Morrison and Harris",Utilities,0,
TX-44B0525172B4,CUST-60A13951,2026-01-12T21:02:01.791552,335.18,USD,Vance-Waters,Retail,0,
TX-3B1403FB7525,CUST-60A13951,2026-01-13T08:02:01.791552,171.52,USD,"Sanchez, Garcia and Brown",Utilities,0,
TX-B1A46EDD96B1,CUST-60A13951,2026-01-16T12:02:01.791552,941.73,USD,"Newton, Mosley and White",Utilities,0,
TX-88C53E968C39,CUST-60A13951,2026-01-19T13:02:01.791552,996.36,USD,"Velazquez, Duran and Smith",Utilities,0,
TX-CAC954D2856A,CUST-60A13951,2026-01-22T02:02:01.791552,1142.87,USD,Vasquez Inc,Food,0,
TX-87083B46A256,CUST-60A13951,2026-01-26T23:02:01.791552,773.19,USD,May-Hobbs,Food,0,
TX-8698205C6261,CUST-60A13951,2026-01-28T07:02:01.791552,1108.98,USD,Mccarty Inc,Travel,0,
TX-318BD4DA35D0,CUST-60A13951,2026-01-30T03:02:01.791552,697.7,USD,Williams LLC,Travel,0,
TX-7E2F3BBB9B42,CUST-60A13951,2026-01-31T05:02:01.791552,1182.21,USD,Thornton and Sons,Retail,0,
TX-F773BC501A3F,CUST-60A13951,2026-01-31T17:02:01.791552,519.48,USD,"Johnson, Wiggins and Meyer",Utilities,0,
TX-79FAD4348658,CUST-60A13951,2026-02-05T12:02:01.791552,231.86,USD,Scott LLC,Retail,0,
TX-3CE0CC9210CE,CUST-60A13951,2026-02-07T21:02:01.791552,373.17,USD,"Clay, Logan and Parker",Travel,0,
TX-0565EDB380DF,CUST-60A13951,2026-02-10T08:02:01.791552,1424.51,USD,"Macdonald, Keith and Simpson",Retail,0,
TX-4ECE59387B11,CUST-F8F96CB0,2025-11-14T21:02:01.791552,940.41,USD,Koch-Reed,Food,0,
TX-2B49F3EBD6EA,CUST-F8F96CB0,2025-11-15T09:02:01.791552,712.45,USD,"Lang, Morse and Kim",Food,0,
TX-329EE6EE8AF6,CUST-F8F96CB0,2025-11-20T05:02:01.791552,1632.47,USD,Moore-Vargas,Utilities,0,
TX-1A944B24A121,CUST-F8F96CB0,2025-11-20T17:02:01.791552,433.94,USD,Thompson Ltd,Utilities,0,
TX-03E2FCF6654A,CUST-F8F96CB0,2025-11-22T10:02:01.791552,366.87,USD,Sullivan-Pham,Utilities,0,
TX-3844F6214282,CUST-F8F96CB0,2025-11-26T20:02:01.791552,238.34,USD,Nichols Group,Travel,0,
TX-0CC16A021366,CUST-F8F96CB0,2025-11-30T20:02:01.791552,437.91,USD,Jensen-Grant,Food,0,
TX-3EDF8D950224,CUST-F8F96CB0,2025-12-03T03:02:01.791552,222.37,USD,Yang-Moore,Food,0,
TX-C45182D884A9,CUST-F8F96CB0,2025-12-03T21:02:01.791552,702.53,USD,Spence Group,Utilities,0,
TX-4C7E79F80CB0,CUST-F8F96CB0,2025-12-07T10:02:01.791552,95.98,USD,"Brown, Hall and Patrick",Travel,0,
TX-8C3FBBAC8137,CUST-F8F96CB0,2025-12-07T15:02:01.791552,735.31,USD,"Norton, Wade and Howe",Retail,0,
TX-7C6A1199CB9F,CUST-F8F96CB0,2025-12-11T14:02:01.791552,708.41,USD,Gomez-Smith,Food,0,
TX-E956883E49B8,CUST-F8F96CB0,2025-12-13T04:02:01.791552,1379.33,USD,Huffman-Cox,Food,0,
TX-B9F75353E9EA,CUST-F8F96CB0,2025-12-16T05:02:01.791552,1634.52,USD,Daniels-Bates,Food,0,
TX-89AF0DEF3B63,CUST-F8F96CB0,2025-12-17T15:02:01.791552,669.3,USD,Willis Ltd,Food,0,
TX-6AD46B54127B,CUST-F8F96CB0,2025-12-19T04:02:01.791552,568.98,USD,"Myers, White and Zimmerman",Food,0,
TX-10AC891C333A,CUST-F8F96CB0,2025-12-21T03:02:01.791552,157.66,USD,"Roy, Hill and Chan",Travel,0,
TX-2A70F8EAF052,CUST-F8F96CB0,2025-12-24T09:02:01.791552,966.07,USD,"Stark, Ruiz and Mora",Retail,0,
TX-2ECFB2390F04,CUST-F8F96CB0,2025-12-28T02:02:01.791552,1417.88,USD,"Palmer, Mason and Howell",Retail,0,
TX-8E7266B70713,CUST-F8F96CB0,2025-12-29T21:02:01.791552,931.18,USD,Williams-Saunders,Travel,0,
TX-A6B28FE1FF21,CUST-F8F96CB0,2026-01-02T19:02:01.791552,826.4,USD,"Adams, Lang and Sims",Travel,0,
TX-D262982FA9D9,CUST-F8F96CB0,2026-01-05T08:02:01.791552,177.69,USD,Martinez-Wright,Travel,0,
TX-CAA1E2ECC219,CUST-F8F96CB0,2026-01-06T12:02:01.791552,1577.79,USD,"Little, Peterson and Kelly",Food,0,
TX-57CEB2BB9973,CUST-F8F96CB0,2026-01-09T11:02:01.791552,220.78,USD,"Valdez, Booker and Moore",Retail,0,
TX-DE8942A42F2C,CUST-F8F96CB0,2026-01-12T01:02:01.791552,1649.51,USD,Phillips-Christian,Retail,0,
TX-53DCD6C7649F,CUST-F8F96CB0,2026-01-16T17:02:01.791552,886.17,USD,Day-Lewis,Utilities,0,
TX-2BA68FD13592,CUST-F8F96CB0,2026-01-19T23:02:01.791552,867.58,USD,"Moore, Hill and Johnson",Food,0,
TX-CCEA70FB13DC,CUST-F8F96CB0,2026-01-22T09:02:01.791552,1047.47,USD,"Garza, Aguilar and Porter",Food,0,
TX-B3A2C2235052,CUST-F8F96CB0,2026-01-24T17:02:01.791552,1433.84,USD,Mcdonald Inc,Food,0,
TX-FD18C5E9D6B3,CUST-F8F96CB0,2026-01-28T05:02:01.791552,37.46,USD,"Bryant, Terry and Russell",Food,0,
TX-4600BDD5FF93,CUST-F8F96CB0,2026-01-30T09:02:01.791552,741.84,USD,"Harmon, Lam and Ray",Retail,0,
TX-EA753CA2328D,CUST-F8F96CB0,2026-02-03T21:02:01.791552,180.64,USD,"Mcconnell, Henderson and Morris",Travel,0,
TX-2FE2EEA969B3,CUST-F8F96CB0,2026-02-08T21:02:01.791552,1618.53,USD,"Martinez, Mccall and Pierce",Retail,0,
TX-040390E15126,CUST-F8F96CB0,2026-02-09T02:02:01.791552,871.84,USD,Thompson Ltd,Travel,0,
TX-BAF13EBA2763,CUST-F8F96CB0,2026-02-11T00:02:01.791552,1835.93,USD,Harris Ltd,Travel,0,
TX-4176FF9C1E6B,CUST-36B2D9A8,2025-11-15T03:02:01.791552,595.1,USD,Rivas-Parker,Retail,0,
TX-E927A7D95D78,CUST-36B2D9A8,2025-11-19T03:02:01.791552,1411.74,USD,Newton and Sons,Retail,0,
TX-2ED106D6ACA1,CUST-36B2D9A8,2025-11-19T10:02:01.791552,780.91,USD,Wright Group,Utilities,0,
TX-CC95B54613E0,CUST-36B2D9A8,2025-11-19T22:02:01.791552,1755.75,USD,"Allen, Cruz and Pearson",Travel,0,
TX-BD630DB5FC3B,CUST-36B2D9A8,2025-11-24T18:02:01.791552,1048.14,USD,"Horton, Hall and Romero",Travel,0,
TX-6B2E5D1B56BE,CUST-36B2D9A8,2025-11-29T05:02:01.791552,1408.82,USD,"Mcclure, Carrillo and Hernandez",Utilities,0,
TX-331060BF44FD,CUST-36B2D9A8,2025-12-01T14:02:01.791552,1430.98,USD,"Ramirez, Hale and Smith",Travel,0,
TX-D780DFF357DA,CUST-36B2D9A8,2025-12-03T04:02:01.791552,968.71,USD,York-Larson,Travel,0,
TX-A900CAF1CFE9,CUST-36B2D9A8,2025-12-07T08:02:01.791552,1449.58,USD,Lopez-Nelson,Food,0,
TX-BE1B67449507,CUST-36B2D9A8,2025-12-08T15:02:01.791552,686.77,USD,"Molina, Nelson and Wallace",Utilities,0,
TX-3F0619062508,CUST-36B2D9A8,2025-12-10T11:02:01.791552,683.58,USD,"Davis, Luna and Santiago",Utilities,0,
TX-DA7BE51A8AC6,CUST-36B2D9A8,2025-12-13T20:02:01.791552,1269.89,USD,Thomas-Ross,Utilities,0,
TX-9C8F78A2B7D0,CUST-36B2D9A8,2025-12-16T13:02:01.791552,435.29,USD,"Walsh, Walker and Gamble",Food,0,
TX-FCA5F980F41F,CUST-36B2D9A8,2025-12-16T21:02:01.791552,1506.71,USD,"Figueroa, Martinez and Moore",Travel,0,
TX-9E8739D3AA74,CUST-36B2D9A8,2025-12-17T21:02:01.791552,526.43,USD,Smith-Campbell,Retail,0,
TX-9A2C6B028FA5,CUST-36B2D9A8,2025-12-19T06:02:01.791552,1140.42,USD,"Rodriguez, Rose and Young",Utilities,0,
TX-3E5A238D8EC9,CUST-36B2D9A8,2025-12-23T15:02:01.791552,625.05,USD,Davis Ltd,Utilities,0,
TX-183239C77AF2,CUST-36B2D9A8,2025-12-28T13:02:01.791552,1164.35,USD,Shelton PLC,Retail,0,
TX-9083091786EE,CUST-36B2D9A8,2025-12-29T15:02:01.791552,108.71,USD,Cole-Boyd,Utilities,0,
TX-CACC8FAF707D,CUST-36B2D9A8,2026-01-01T22:02:01.791552,1745.77,USD,Love-Kaufman,Travel,0,
TX-3CD03ACDDC3E,CUST-36B2D9A8,2026-01-06T04:02:01.791552,1400.52,USD,"Allen, Foster and Vega",Retail,0,
TX-1E6660AA5FE2,CUST-36B2D9A8,2026-01-06T05:02:01.791552,352.97,USD,Nguyen-Richmond,Utilities,0,
TX-FE207B86F8A1,CUST-36B2D9A8,2026-01-08T22:02:01.791552,1175.66,USD,"Brewer, Lambert and Hernandez",Utilities,0,
TX-16A591B6C231,CUST-36B2D9A8,2026-01-10T21:02:01.791552,1616.91,USD,Ward PLC,Retail,0,
TX-84981CDB0FD1,CUST-36B2D9A8,2026-01-14T01:02:01.791552,104.69,USD,"Davis, Green and Mccall",Utilities,0,
TX-A0E88C007631,CUST-36B2D9A8,2026-01-17T20:02:01.791552,1990.56,USD,Galvan-Lewis,Travel,0,
TX-39D07E4A5CB0,CUST-36B2D9A8,2026-01-19T11:02:01.791552,1453.96,USD,Norman PLC,Retail,0,
TX-C5F29E82971B,CUST-36B2D9A8,2026-01-22T10:02:01.791552,1965.33,USD,"Sanchez, Cooper and Campbell",Travel,0,
TX-721130D1BA60,CUST-36B2D9A8,2026-01-27T00:02:01.791552,1857.63,USD,Thomas-Williams,Travel,0,
TX-C52494010416,CUST-36B2D9A8,2026-01-28T22:02:01.791552,1742.74,USD,Sanchez Group,Travel,0,
TX-610418CE65D1,CUST-36B2D9A8,2026-01-30T02:02:01.791552,195.14,USD,"Smith, Owen and Reed",Travel,0,
TX-2909B592D6C4,CUST-36B2D9A8,2026-02-02T13:02:01.791552,1235.71,USD,"Walker, Hughes and Cox",Retail,0,
TX-5420D0931570,CUST-36B2D9A8,2026-02-02T20:02:01.791552,206.52,USD,"Foley, Griffith and Pitts",Travel,0,
TX-5E994117A5E1,CUST-36B2D9A8,2026-02-04T04:02:01.791552,832.37,USD,Douglas-Gillespie,Travel,0,
TX-6F74ABC5AB1E,CUST-36B2D9A8,2026-02-09T01:02:01.791552,1803.56,USD,Hebert Ltd,Retail,0,
TX-CD221100B6D6,CUST-36B2D9A8,2026-02-11T14:02:01.791552,517.71,USD,Brown and Sons,Food,0,
TX-2286D1D321FE,CUST-8B12EB2B,2025-11-17T19:02:01.791552,779.55,USD,Peterson LLC,Retail,0,
TX-D284684F9D15,CUST-8B12EB2B,2025-11-22T09:02:01.791552,1615.01,USD,Perez-Wilson,Utilities,0,
TX-60726E6E4640,CUST-8B12EB2B,2025-11-25T23:02:01.791552,1404.78,USD,Willis and Sons,Travel,0,
TX-39A43EACCA34,CUST-8B12EB2B,2025-11-27T20:02:01.791552,1195.8,USD,"Morris, Richardson and Hays",Utilities,0,
TX-4977BCB3F326,CUST-8B12EB2B,2025-12-02T18:02:01.791552,1775.47,USD,Paul-Ayers,Utilities,0,
TX-BBA8BA5A6800,CUST-8B12EB2B,2025-12-06T08:02:01.791552,556.78,USD,"Ponce, Peterson and Guerrero",Travel,0,
TX-00E265A78FB4,CUST-8B12EB2B,2025-12-06T10:02:01.791552,1484.14,USD,"Hill, Ramos and Rios",Retail,0,
TX-69785E61E736,CUST-8B12EB2B,2025-12-08T20:02:01.791552,1470.39,USD,Green and Sons,Utilities,0,
TX-5DA75FA9EDE5,CUST-8B12EB2B,2025-12-11T01:02:01.791552,10.3,USD,Hutchinson-Salinas,Travel,0,
TX-7761CC901AE2,CUST-8B12EB2B,2025-12-13T21:02:01.791552,1323.64,USD,Clark-Harris,Utilities,0,
TX-D05194A2F4FB,CUST-8B12EB2B,2025-12-16T08:02:01.791552,372.44,USD,"Huffman, Hendrix and Gibson",Food,0,
TX-6201490F5891,CUST-8B12EB2B,2025-12-21T06:02:01.791552,1873.73,USD,"Fernandez, Madden and Reyes",Travel,0,
TX-0E95AC29E108,CUST-8B12EB2B,2025-12-21T08:02:01.791552,250.01,USD,Cameron-Jones,Food,0,
TX-A45288A77997,CUST-7AEFF45C,2025-11-18T15:02:01.791552,1419.29,USD,"Small, Stark and Martinez",Utilities,0,
TX-883A328D21B6,CUST-7AEFF45C,2025-11-23T02:02:01.791552,282.11,USD,White-Bridges,Food,0,
TX-FC3A1D74C6D4,CUST-7AEFF45C,2025-11-23T07:02:01.791552,1117.27,USD,Snow Group,Food,0,
TX-7047014DBB43,CUST-7AEFF45C,2025-11-24T21:02:01.791552,1423.13,USD,"Ramsey, Miller and Jenkins",Food,0,
TX-212087C0AC0B,CUST-7AEFF45C,2025-11-26T21:02:01.791552,1955.98,USD,Harris PLC,Food,0,
TX-958F0B63E550,CUST-7AEFF45C,2025-11-27T17:02:01.791552,390.08,USD,Nicholson-George,Utilities,0,
TX-77FD26577A10,CUST-7AEFF45C,2025-11-29T13:02:01.791552,375.04,USD,Barnett-Garcia,Travel,0,
TX-2D4FD5A2DE43,CUST-7AEFF45C,2025-11-30T18:02:01.791552,1027.96,USD,Johnson-Mitchell,Food,0,
TX-33266F178BED,CUST-3B584801,2025-11-18T20:02:01.791552,1583.4,USD,Maxwell-Peterson,Retail,0,
TX-5A15EAD8F94A,CUST-3B584801,2025-11-19T20:02:01.791552,1520.27,USD,Holland PLC,Retail,0,
TX-3220AA20DB57,CUST-3B584801,2025-11-20T06:02:01.791552,176.43,USD,"Richmond, Richardson and Curtis",Food,0,
TX-5F74E8518055,CUST-3B584801,2025-11-23T21:02:01.791552,1775.8,USD,Snyder-Holden,Utilities,0,
TX-01223842425B,CUST-3B584801,2025-11-27T06:02:01.791552,1372.36,USD,Rogers-Gregory,Travel,0,
TX-779B143380FC,CUST-3B584801,2025-11-28T20:02:01.791552,344.7,USD,Koch and Sons,Utilities,0,
TX-C8B7B847726E,CUST-3B584801,2025-11-29T15:02:01.791552,1090.38,USD,Franklin-Olson,Retail,0,
TX-99F3F6015DAA,CUST-3B584801,2025-11-30T03:02:01.791552,559.67,USD,Murphy Group,Retail,0,
TX-FBC6C89D28ED,CUST-3B584801,2025-12-01T00:02:01.791552,327.07,USD,Evans-Fuentes,Retail,0,
TX-BFA4633A1BB0,CUST-3B584801,2025-12-03T13:02:01.791552,1785.41,USD,"Lewis, Mayer and Tran",Food,0,
TX-FBB20FF59426,CUST-3B584801,2025-12-07T18:02:01.791552,1625.87,USD,"Mcknight, Murphy and Benitez",Retail,0,
TX-D04EF89307F1,CUST-3B584801,2025-12-09T03:02:01.791552,655.03,USD,"Joseph, Galloway and Todd",Travel,0,
TX-52B3731E168E,CUST-3B584801,2025-12-12T16:02:01.791552,1109.96,USD,Thompson-Griffin,Retail,0,
TX-41F52359A61D,CUST-3B584801,2025-12-14T21:02:01.791552,1859.44,USD,Diaz PLC,Food,0,
TX-68361A180B1D,CUST-3B584801,2025-12-16T18:02:01.791552,238.19,USD,"Smith, Stewart and Hill",Utilities,0,
TX-67CEAC13D090,CUST-3B584801,2025-12-20T19:02:01.791552,1814.01,USD,"Adkins, Bell and Cruz",Travel,0,
TX-E479087E905F,CUST-3B584801,2025-12-25T15:02:01.791552,1625.01,USD,Massey LLC,Travel,0,
TX-E513EA25F45E,CUST-3B584801,2025-12-30T06:02:01.791552,484.98,USD,"Downs, Pratt and Collins",Food,0,
TX-2C7A47651EFE,CUST-3B584801,2026-01-01T02:02:01.791552,1916.48,USD,"Pitts, Brooks and Rich",Utilities,0,
TX-097B5F24C8D4,CUST-3B584801,2026-01-02T02:02:01.791552,314.92,USD,Riley-Willis,Travel,0,
TX-1537D61037BE,CUST-3B584801,2026-01-05T07:02:01.791552,411.48,USD,Graham Group,Food,0,
TX-39915E9E0E79,CUST-3B584801,2026-01-08T18:02:01.791552,396.88,USD,Marsh LLC,Retail,0,
TX-54EC8A0EC3F4,CUST-3B584801,2026-01-10T15:02:01.791552,1933.55,USD,Calderon-Hill,Utilities,0,
TX-3751A5BFA28A,CUST-3B584801,2026-01-11T16:02:01.791552,381.09,USD,Parrish and Sons,Utilities,0,
TX-2BF8C1DE44EC,CUST-3B584801,2026-01-13T03:02:01.791552,712.96,USD,Perez-Chambers,Retail,0,
TX-B0CBBC642B7C,CUST-3B584801,2026-01-15T12:02:01.791552,694.45,USD,Doyle-Patterson,Utilities,0,
TX-67727968E6B5,CUST-3B584801,2026-01-19T02:02:01.791552,1634.37,USD,Stewart PLC,Utilities,0,
TX-B884B3324B4D,CUST-3B584801,2026-01-20T22:02:01.791552,1590.14,USD,Adams-Clements,Food,0,
TX-2C2BB514E0F8,CUST-3B584801,2026-01-22T02:02:01.791552,349.68,USD,"Thompson, Lane and Lamb",Retail,0,
TX-CB55F32C31C0,CUST-3B584801,2026-01-25T11:02:01.791552,1551.51,USD,"White, Murphy and Benton",Food,0,
TX-F9E4E8BBBE41,CUST-3B584801,2026-01-29T16:02:01.791552,744.93,USD,Schroeder Group,Travel,0,
TX-02B8DA55A5BF,CUST-3B584801,2026-01-29T18:02:01.791552,575.64,USD,Cook-Ayers,Retail,0,
TX-268058C5FE7D,CUST-3B584801,2026-01-30T03:02:01.791552,1475.25,USD,"Kent, Ballard and Moyer",Food,0,
TX-1CFCC7781DD2,CUST-3B584801,2026-01-30T04:02:01.791552,1258.74,USD,"Simmons, Powell and Keith",Utilities,0,
TX-69D5889FAD49,CUST-3B584801,2026-01-30T19:02:01.791552,594.55,USD,"Gibson, Frost and Booth",Travel,0,
TX-9FD9B48356D8,CUST-3B584801,2026-02-03T06:02:01.791552,804.05,USD,Reid Ltd,Utilities,0,
TX-43860B9C504A,CUST-3B584801,2026-02-04T11:02:01.791552,281.88,USD,Myers and Sons,Retail,0,
TX-191AB5574DF4,CUST-3B584801,2026-02-06T19:02:01.791552,1742.11,USD,Gonzalez-Burke,Retail,0,
TX-26D9C195484D,CUST-3B584801,2026-02-11T00:02:01.791552,1199.74,USD,Madden Ltd,Utilities,0,
TX-67DF09FFDE7F,CUST-1AA3EC0D,2025-11-14T15:02:01.791552,757.34,USD,"Washington, Jackson and Santana",Food,0,
TX-50AE16FBD66D,CUST-1AA3EC0D,2025-11-15T04:02:01.791552,877.12,USD,"Davis, Chapman and Haney",Travel,0,
TX-409899063B87,CUST-1AA3EC0D,2025-11-15T11:02:01.791552,698.29,USD,Gillespie-Solis,Food,0,
TX-EB7280D10F95,CUST-1AA3EC0D,2025-11-16T22:02:01.791552,321.74,USD,"Ortiz, Roberts and Cooper",Utilities,0,
TX-299981A49A32,CUST-1AA3EC0D,2025-11-17T10:02:01.791552,1853.06,USD,"Torres, Patton and Wood",Food,0,
TX-17CC61DFCEE2,CUST-1AA3EC0D,2025-11-19T23:02:01.791552,1041.33,USD,"Bender, Lozano and Wilson",Utilities,0,
TX-C6880456499B,CUST-1AA3EC0D,2025-11-20T11:02:01.791552,1233.34,USD,"Bryan, Thompson and Fry",Food,0,
TX-12F0BF5D627D,CUST-1AA3EC0D,2025-11-22T05:02:01.791552,1955.51,USD,Galloway-Lucas,Utilities,0,
TX-C97B0F8026EB,CUST-1AA3EC0D,2025-11-23T14:02:01.791552,1168.89,USD,Collins and Sons,Utilities,0,
TX-A4227732C892,CUST-1AA3EC0D,2025-11-27T13:02:01.791552,1518.4,USD,Rodriguez LLC,Food,0,
TX-1411DEC57F76,CUST-1AA3EC0D,2025-11-29T13:02:01.791552,1290.81,USD,"Morrison, Ellis and Adams",Travel,0,
TX-7782D545ED7E,CUST-1AA3EC0D,2025-12-01T01:02:01.791552,592.87,USD,Smith PLC,Travel,0,
TX-5A5DC34E3642,CUST-1AA3EC0D,2025-12-05T17:02:01.791552,566.05,USD,Burke-Garcia,Retail,0,
TX-B1402BEA3396,CUST-1AA3EC0D,2025-12-08T08:02:01.791552,449.82,USD,Waters-Stone,Retail,0,
TX-634CDC4B6EE6,CUST-1AA3EC0D,2025-12-10T19:02:01.791552,340.19,USD,"Williams, Horne and Donovan",Travel,0,
TX-E65D0465E8DC,CUST-1AA3EC0D,2025-12-14T11:02:01.791552,311.47,USD,"Johnson, Boyer and Allen",Food,0,
TX-10764C8C6B35,CUST-1AA3EC0D,2025-12-15T13:02:01.791552,1620.85,USD,Reeves Group,Travel,0,
TX-7F57A4693AFE,CUST-1AA3EC0D,2025-12-20T04:02:01.791552,1930.37,USD,"Thornton, Robertson and Taylor",Travel,0,
TX-1C00E8153757,CUST-1AA3EC0D,2025-12-24T04:02:01.791552,250.91,USD,Short Group,Utilities,0,
TX-7D8057DFE3FE,CUST-1AA3EC0D,2025-12-25T19:02:01.791552,278.44,USD,"Baldwin, Garcia and Lyons",Food,0,
TX-9101F13EFAC6,CUST-1AA3EC0D,2025-12-29T07:02:01.791552,1065.96,USD,Manning-Allen,Utilities,0,
TX-BEB68D2C61D2,CUST-1AA3EC0D,2026-01-03T07:02:01.791552,1356.83,USD,Palmer PLC,Food,0,
TX-5A3434155CAA,CUST-1AA3EC0D,2026-01-08T03:02:01.791552,583.07,USD,Thompson Group,Travel,0,
TX-5AC7F1321EE1,CUST-1AA3EC0D,2026-01-11T10:02:01.791552,1665.59,USD,Bowman-Phillips,Utilities,0,
TX-C3FDEA6132A5,CUST-1AA3EC0D,2026-01-11T11:02:01.791552,803.8,USD,"Mitchell, Rowland and Ho",Retail,0,
TX-FA525CAFF0B5,CUST-1AA3EC0D,2026-01-15T23:02:01.791552,1954.08,USD,Ramirez PLC,Retail,0,
TX-9013DA80B265,CUST-1AA3EC0D,2026-01-19T14:02:01.791552,662.94,USD,"Bryan, Reynolds and Pierce",Retail,0,
TX-8FDEF2219477,CUST-1AA3EC0D,2026-01-23T08:02:01.791552,1645.4,USD,Duncan PLC,Food,0,
TX-B0E17EA1058E,CUST-1AA3EC0D,2026-01-24T04:02:01.791552,207.15,USD,"Howard, Perkins and Petersen",Utilities,0,
TX-6CDCCD4682EB,CUST-1AA3EC0D,2026-01-26T10:02:01.791552,1465.6,USD,Simmons-Perkins,Utilities,0,
TX-259AE77106E7,CUST-1AA3EC0D,2026-01-28T21:02:01.791552,500.16,USD,Hess-Oneill,Utilities,0,
TX-4F3C03ACF311,CUST-1AA3EC0D,2026-01-30T22:02:01.791552,68.63,USD,"Ruiz, Larson and Reyes",Retail,0,
TX-403F7623C85A,CUST-1AA3EC0D,2026-02-04T18:02:01.791552,362.52,USD,"Cruz, Riley and Watson",Retail,0,
TX-4576BD04E11D,CUST-1AA3EC0D,2026-02-05T03:02:01.791552,1142.58,USD,Wade and Sons,Travel,0,
TX-3319F381C88D,CUST-1AA3EC0D,2026-02-09T04:02:01.791552,718.17,USD,Fischer Inc,Food,0,
TX-FA40406A3FAB,CUST-1CD8CB62,2025-11-16T11:02:01.791552,1132.95,USD,"Williams, Martinez and Manning",Utilities,0,
TX-7302D0CDCE60,CUST-1CD8CB62,2025-11-19T13:02:01.791552,242.38,USD,"Smith, Cabrera and Spencer",Food,0,
TX-3738AF1EBBCE,CUST-1CD8CB62,2025-11-20T07:02:01.791552,1167.91,USD,Reed and Sons,Utilities,0,
TX-C42416BDD258,CUST-1CD8CB62,2025-11-20T21:02:01.791552,543.08,USD,Schaefer-Bridges,Food,0,
TX-537FBB488289,CUST-1CD8CB62,2025-11-23T07:02:01.791552,354.08,USD,Thomas-Ramsey,Travel,0,
TX-F68D44546650,CUST-1CD8CB62,2025-11-25T23:02:01.791552,1721.12,USD,Armstrong LLC,Utilities,0,
TX-5424F5FF0CF6,CUST-1CD8CB62,2025-11-27T12:02:01.791552,368.92,USD,Harris Inc,Utilities,0,
TX-4A951A8845FB,CUST-1CD8CB62,2025-12-01T23:02:01.791552,1174.62,USD,Simmons-Norman,Food,0,
TX-9673796A5525,CUST-1CD8CB62,2025-12-06T14:02:01.791552,1069.86,USD,Smith PLC,Utilities,0,
TX-4E3A02EBCCBC,CUST-1CD8CB62,2025-12-09T01:02:01.791552,971.5,USD,"Russell, Buchanan and York",Travel,0,
TX-FD570174523E,CUST-1CD8CB62,2025-12-09T20:02:01.791552,504.05,USD,Gentry-Woodard,Utilities,0,
TX-92713666D727,CUST-1CD8CB62,2025-12-11T22:02:01.791552,690.49,USD,Black PLC,Retail,0,
TX-4D5089D7F8FD,CUST-1CD8CB62,2025-12-13T23:02:01.791552,334.82,USD,Davis Inc,Food,0,
TX-CCE7ADCD6140,CUST-1CD8CB62,2025-12-18T08:02:01.791552,986.06,USD,Pratt LLC,Travel,0,
TX-53A7AC651DBA,CUST-1CD8CB62,2025-12-23T06:02:01.791552,1031.27,USD,Sutton Inc,Food,0,
TX-C128CF59A8FF,CUST-1CD8CB62,2025-12-26T05:02:01.791552,1211.25,USD,"Park, Estrada and Acosta",Retail,0,
TX-A58A47B5073F,CUST-1CD8CB62,2025-12-27T05:02:01.791552,1188.91,USD,White Group,Utilities,0,
TX-202DC6FC7871,CUST-1CD8CB62,2025-12-29T22:02:01.791552,642.6,USD,Bowen Ltd,Travel,0,
TX-A1B39E3CB227,CUST-1CD8CB62,2025-12-30T17:02:01.791552,150.61,USD,"Patterson, Weaver and Cruz",Utilities,0,
TX-3858277E2CEC,CUST-1CD8CB62,2026-01-03T15:02:01.791552,335.11,USD,Taylor PLC,Utilities,0,
TX-70BC47A87B28,CUST-1CD8CB62,2026-01-08T14:02:01.791552,1761.82,USD,Mckinney-Gomez,Utilities,0,
TX-992997F8282E,CUST-1CD8CB62,2026-01-09T01:02:01.791552,132.67,USD,Lee-Smith,Food,0,
TX-A96FF478AE19,CUST-1CD8CB62,2026-01-12T05:02:01.791552,277.4,USD,Mitchell Group,Food,0,
TX-1C520FB256B6,CUST-1CD8CB62,2026-01-12T17:02:01.791552,443.28,USD,Welch-Hanna,Utilities,0,
TX-1624049363D4,CUST-1CD8CB62,2026-01-13T23:02:01.791552,476.04,USD,"Williams, Mccall and Martin",Food,0,
TX-F210A928CB75,CUST-1CD8CB62,2026-01-16T13:02:01.791552,993.34,USD,Smith-Gross,Utilities,0,
TX-3F1573B017DD,CUST-1CD8CB62,2026-01-17T14:02:01.791552,1696.39,USD,Fowler and Sons,Retail,0,
TX-25A8C08B7219,CUST-1CD8CB62,2026-01-20T18:02:01.791552,1596.34,USD,Luna Inc,Travel,0,
TX-F68E51626161,CUST-1CD8CB62,2026-01-25T09:02:01.791552,1609.4,USD,"Carpenter, Marshall and Edwards",Travel,0,
TX-5EC4DD3A05DF,CUST-1CD8CB62,2026-01-25T18:02:01.791552,1415.63,USD,Brooks Group,Travel,0,
TX-687D1D821E7B,CUST-1CD8CB62,2026-01-26T20:02:01.791552,1570.48,USD,Bailey LLC,Food,0,
TX-45CD7DA64058,CUST-1CD8CB62,2026-01-29T11:02:01.791552,1713.89,USD,"Porter, Gray and Richardson",Food,0,
TX-671B7EBF9E56,CUST-1CD8CB62,2026-02-03T06:02:01.791552,1329.59,USD,Terry-Pham,Utilities,0,
TX-FD47C566C53E,CUST-1CD8CB62,2026-02-04T10:02:01.791552,1514.56,USD,"Rollins, Jones and Bennett",Travel,0,
TX-6372E89D90EC,CUST-1CD8CB62,2026-02-07T09:02:01.791552,240.62,USD,Miller LLC,Retail,0,
TX-5CE8BBB7D856,CUST-1CD8CB62,2026-02-07T15:02:01.791552,1331.63,USD,"Ellis, Daniel and Edwards",Retail,0,
TX-174432090849,CUST-B0F24AAD,2025-11-16T10:02:01.791552,1790.51,USD,"Smith, Juarez and Chan",Retail,0,
TX-57F4F7AEA8D0,CUST-B0F24AAD,2025-11-18T21:02:01.791552,677.67,USD,Jones-Caldwell,Travel,0,
TX-7D71A797FB21,CUST-B0F24AAD,2025-11-19T16:02:01.791552,509.26,USD,"Marshall, Rogers and Ingram",Food,0,
TX-CDFE8B3B06F9,CUST-B0F24AAD,2025-11-21T16:02:01.791552,1150.43,USD,Levy PLC,Retail,0,
TX-A9C489FAD442,CUST-B0F24AAD,2025-11-22T20:02:01.791552,1651.81,USD,Miller Inc,Food,0,
TX-FA50E4F20CE2,CUST-B0F24AAD,2025-11-25T09:02:01.791552,693.82,USD,Thompson-Warner,Food,0,
TX-7350A0BBACD8,CUST-B0F24AAD,2025-11-25T23:02:01.791552,185.44,USD,Todd-Miller,Travel,0,
TX-F1B19E6FFE72,CUST-B0F24AAD,2025-11-27T13:02:01.791552,1530.08,USD,Grant PLC,Retail,0,
TX-4F27A9165765,CUST-B0F24AAD,2025-11-29T17:02:01.791552,1652.65,USD,"Harrison, Berry and Huynh",Retail,0,
TX-6E6733CF529E,CUST-B0F24AAD,2025-11-30T19:02:01.791552,1454.17,USD,Brown-Barnes,Travel,0,
TX-F4A3F05533EF,CUST-B0F24AAD,2025-12-04T08:02:01.791552,950.14,USD,"Hood, Garrett and Vincent",Travel,0,
TX-008E3184BFED,CUST-B0F24AAD,2025-12-05T12:02:01.791552,1371.02,USD,White and Sons,Retail,0,
TX-9A99EAC9F348,CUST-B0F24AAD,2025-12-07T03:02:01.791552,1969.02,USD,Harper Ltd,Food,0,
TX-084CFFB2C3BD,CUST-B0F24AAD,2025-12-10T06:02:01.791552,125.06,USD,Klein Inc,Food,0,
TX-8D7BF0CCACE5,CUST-B0F24AAD,2025-12-15T05:02:01.791552,1419.43,USD,Carlson-Larson,Utilities,0,
TX-0F950BDB9F1A,CUST-B0F24AAD,2025-12-15T20:02:01.791552,445.5,USD,Lowe LLC,Retail,0,
TX-3899D1E96DA3,CUST-B0F24AAD,2025-12-18T17:02:01.791552,1286.03,USD,Long PLC,Retail,0,
TX-1EECED648A1F,CUST-B0F24AAD,2025-12-19T16:02:01.791552,476.37,USD,"Anderson, Melendez and Walters",Travel,0,
TX-37394D9C41D0,CUST-B0F24AAD,2025-12-20T05:02:01.791552,1450.34,USD,Kirby and Sons,Food,0,
TX-C5DA63F599DB,CUST-B0F24AAD,2025-12-24T16:02:01.791552,1791.14,USD,Martin-Anderson,Retail,0,
TX-04C1EA988706,CUST-B0F24AAD,2025-12-25T15:02:01.791552,458.25,USD,Woods-Hamilton,Travel,0,
TX-8277D95E158E,CUST-B0F24AAD,2025-12-27T15:02:01.791552,861.74,USD,Martin Group,Food,0,
TX-4C41CD8B04EA,CUST-B0F24AAD,2026-01-01T11:02:01.791552,155.37,USD,"Stone, Sullivan and Kirby",Retail,0,
TX-9160B29D6F17,CUST-B0F24AAD,2026-01-03T08:02:01.791552,1178.21,USD,Thompson LLC,Travel,0,
TX-E3D8D8B2E8DF,CUST-B0F24AAD,2026-01-08T08:02:01.791552,898.02,USD,"Wang, Perez and Mejia",Travel,0,
TX-518B0C78B0DD,CUST-B0F24AAD,2026-01-08T19:02:01.791552,1847.56,USD,Thomas-Barrera,Travel,0,
TX-ECBCE5CD24B5,CUST-B0F24AAD,2026-01-12T03:02:01.791552,18.96,USD,Berry Group,Retail,0,
TX-350FA584A596,CUST-B0F24AAD,2026-01-13T01:02:01.791552,1579.28,USD,"Rodriguez, Mejia and Mccarty",Food,0,
TX-0C7ED5A9EC50,CUST-B0F24AAD,2026-01-16T07:02:01.791552,842.59,USD,Fitzpatrick LLC,Food,0,
TX-DCAD725F6C3F,CUST-B0F24AAD,2026-01-18T19:02:01.791552,1992.47,USD,Williams LLC,Travel,0,
TX-7B8B108BAAE9,CUST-B0F24AAD,2026-01-21T16:02:01.791552,1460.09,USD,"Barrett, Lyons and Martinez",Food,0,
TX-E7A8DBAF8BA3,CUST-3EEE23CC,2025-11-19T00:02:01.791552,644.51,USD,Mcgrath-Hardy,Food,0,
TX-1FE2885693A7,CUST-3EEE23CC,2025-11-20T10:02:01.791552,337.26,USD,Ramos LLC,Travel,0,
TX-F6A6F3EA98C7,CUST-3EEE23CC,2025-11-23T16:02:01.791552,731.5,USD,Carter-Gamble,Utilities,0,
TX-E943ACEDC0B3,CUST-3EEE23CC,2025-11-26T10:02:01.791552,430.0,USD,Lopez-Beck,Travel,0,
TX-4D7A5888F1C7,CUST-3EEE23CC,2025-11-27T11:02:01.791552,264.04,USD,"Williams, Hernandez and Holden",Retail,0,
TX-60FA9B58464F,CUST-3EEE23CC,2025-12-02T03:02:01.791552,511.81,USD,Maynard-Nelson,Utilities,0,
TX-E07886C6BB17,CUST-3EEE23CC,2025-12-05T19:02:01.791552,738.96,USD,"Young, Moore and Lee",Food,0,
TX-1F6AE6FFBEBE,CUST-3EEE23CC,2025-12-07T12:02:01.791552,576.12,USD,Norton Ltd,Retail,0,
TX-7013DEA05A74,CUST-3EEE23CC,2025-12-10T10:02:01.791552,1006.14,USD,Montes-Thompson,Utilities,0,
TX-7A81FD38B5C5,CUST-3EEE23CC,2025-12-13T03:02:01.791552,637.08,USD,Jones and Sons,Utilities,0,
TX-15380464444E,CUST-3EEE23CC,2025-12-14T11:02:01.791552,1430.11,USD,Miller-Garcia,Retail,0,
TX-F2D92F5033E2,CUST-3EEE23CC,2025-12-17T13:02:01.791552,410.21,USD,Ware Ltd,Utilities,0,
TX-1143FB54D043,CUST-3EEE23CC,2025-12-18T11:02:01.791552,338.06,USD,Hawkins and Sons,Retail,0,
TX-E5B8407C4673,CUST-3EEE23CC,2025-12-23T00:02:01.791552,929.33,USD,"Erickson, Cobb and Price",Travel,0,
TX-9D18E908FF44,CUST-3EEE23CC,2025-12-26T07:02:01.791552,231.96,USD,Tanner-Crawford,Utilities,0,
TX-10590DF94A73,CUST-3EEE23CC,2025-12-30T02:02:01.791552,1935.41,USD,Rodriguez-Turner,Food,0,
TX-148FAE0DDEBC,CUST-3EEE23CC,2026-01-01T02:02:01.791552,1779.45,USD,Chambers-Howe,Travel,0,
TX-47B5E712EC27,CUST-3EEE23CC,2026-01-03T04:02:01.791552,188.28,USD,Mills PLC,Retail,0,
TX-2420FF94D0A4,CUST-3EEE23CC,2026-01-08T03:02:01.791552,1790.75,USD,Moore PLC,Utilities,0,
TX-5582ECEC2746,CUST-3EEE23CC,2026-01-09T12:02:01.791552,1149.3,USD,"Serrano, Compton and Hancock",Utilities,0,
TX-587811734B36,CUST-3EEE23CC,2026-01-12T00:02:01.791552,1976.39,USD,Gaines-Bush,Retail,0,
TX-7477A43DC871,CUST-3EEE23CC,2026-01-13T16:02:01.791552,575.21,USD,Taylor-Yates,Food,0,
TX-9EFC229D19C7,CUST-3EEE23CC,2026-01-14T04:02:01.791552,132.8,USD,Campbell Inc,Retail,0,
TX-62EA7FAE4CBF,CUST-3EEE23CC,2026-01-16T03:02:01.791552,1929.14,USD,"Dawson, King and Brown",Food,0,
TX-8F533F502AAB,CUST-3EEE23CC,2026-01-16T22:02:01.791552,773.15,USD,Smith LLC,Travel,0,
TX-C8D9CAB0A8A3,CUST-3EEE23CC,2026-01-17T16:02:01.791552,830.09,USD,Hawkins Ltd,Food,0,
TX-5587F7B3EB4E,CUST-3EEE23CC,2026-01-19T18:02:01.791552,1898.41,USD,Cobb-Olson,Food,0,
TX-9A4506B980BA,CUST-3EEE23CC,2026-01-19T20:02:01.791552,1425.85,USD,"Padilla, King and Bennett",Food,0,
TX-DA2CA9DB00B5,CUST-3EEE23CC,2026-01-24T11:02:01.791552,489.43,USD,"Jimenez, Hernandez and Chen",Travel,0,
TX-482025F18933,CUST-3EEE23CC,2026-01-27T18:02:01.791552,1412.1,USD,"Ray, Daniel and Huang",Travel,0,
TX-86728914B3C9,CUST-3EEE23CC,2026-01-28T12:02:01.791552,184.91,USD,"Williams, Carter and Graham",Food,0,
TX-151E99E91428,CUST-3EEE23CC,2026-01-30T02:02:01.791552,716.44,USD,"Fernandez, Keller and Quinn",Food,0,
TX-22EFF8E8570B,CUST-3EEE23CC,2026-01-30T07:02:01.791552,181.93,USD,"White, Rodriguez and Blackwell",Utilities,0,
TX-01B827BB72B5,CUST-3EEE23CC,2026-01-30T19:02:01.791552,90.59,USD,Porter-Daniels,Travel,0,
TX-6AC13B7AC920,CUST-3EEE23CC,2026-01-31T08:02:01.791552,448.98,USD,Chavez-Miller,Travel,0,
TX-F321A6F2C85F,CUST-3EEE23CC,2026-02-02T17:02:01.791552,1783.38,USD,Freeman-Weeks,Utilities,0,
TX-D9D6CA514DA3,CUST-6CE627B1,2025-11-16T13:02:01.791552,880.1,USD,"Vaughan, Robinson and Smith",Retail,0,
TX-058DF11CB349,CUST-6CE627B1,2025-11-20T22:02:01.791552,11.06,USD,"Lee, Howell and Wright",Retail,0,
TX-93687BD1352A,CUST-6CE627B1,2025-11-23T02:02:01.791552,1272.69,USD,Boyd Group,Food,0,
TX-B1DC1AE57327,CUST-6CE627B1,2025-11-25T17:02:01.791552,1146.95,USD,Holden and Sons,Food,0,
TX-4854D6CDFB83,CUST-6CE627B1,2025-11-29T08:02:01.791552,1357.44,USD,"Mcmillan, Hunt and Richmond",Travel,0,
TX-FB30519C2BF6,CUST-6CE627B1,2025-12-02T14:02:01.791552,1196.91,USD,Moran and Sons,Travel,0,
TX-F9C750189FDA,CUST-6CE627B1,2025-12-05T13:02:01.791552,144.49,USD,Thomas Group,Food,0,
TX-67A373906364,CUST-6CE627B1,2025-12-09T01:02:01.791552,1656.74,USD,Fleming-Baker,Travel,0,
TX-1C0BC9C09D1E,CUST-6CE627B1,2025-12-12T14:02:01.791552,1293.11,USD,"Weaver, Ware and Duncan",Travel,0,
TX-0F2A123F206D,CUST-6CE627B1,2025-12-14T19:02:01.791552,189.93,USD,Brooks-Lewis,Food,0,
TX-FD727FA1FCC6,CUST-6CE627B1,2025-12-15T04:02:01.791552,21.29,USD,Huerta-Meyer,Retail,0,
TX-3713BADA7C2D,CUST-6CE627B1,2025-12-19T14:02:01.791552,923.56,USD,Winters Inc,Travel,0,
TX-9C486BF99B30,CUST-6CE627B1,2025-12-20T15:02:01.791552,1791.13,USD,Waters PLC,Utilities,0,
TX-CF84082DD723,CUST-6CE627B1,2025-12-21T18:02:01.791552,1263.78,USD,Cook-Chan,Food,0,
TX-37E7632E98ED,CUST-6CE627B1,2025-12-22T23:02:01.791552,1497.65,USD,Diaz and Sons,Retail,0,
TX-23A5CA67B0C9,CUST-6CE627B1,2025-12-25T06:02:01.791552,142.03,USD,Walker-Pruitt,Utilities,0,
TX-DB46AE518DFB,CUST-6CE627B1,2025-12-29T04:02:01.791552,1394.77,USD,Brooks Inc,Travel,0,
TX-D6C3D86A12D7,CUST-6CE627B1,2026-01-02T15:02:01.791552,1297.07,USD,"Wallace, Owens and Smith",Retail,0,
TX-9F2CE4A53093,CUST-6CE627B1,2026-01-03T22:02:01.791552,1103.9,USD,Wallace PLC,Travel,0,
TX-D4D5B6ABB2AA,CUST-6CE627B1,2026-01-08T16:02:01.791552,1044.17,USD,"Nunez, Hansen and Mcknight",Utilities,0,
TX-0715AE185076,CUST-6CE627B1,2026-01-11T20:02:01.791552,106.97,USD,Lutz-Escobar,Travel,0,
TX-FDA980289B4A,CUST-6CE627B1,2026-01-15T01:02:01.791552,688.45,USD,"Cummings, Moore and Curtis",Travel,0,
TX-BEC0B9813057,CUST-6CE627B1,2026-01-18T17:02:01.791552,1205.72,USD,Mckenzie-Valdez,Travel,0,
TX-B98A3277D3DC,CUST-6CE627B1,2026-01-22T03:02:01.791552,314.48,USD,"Alexander, Phillips and Williams",Retail,0,
TX-2C29A9135E2A,CUST-6CE627B1,2026-01-24T15:02:01.791552,1235.38,USD,"Kelly, Alexander and Reid",Food,0,
TX-93F72586813B,CUST-6CE627B1,2026-01-26T00:02:01.791552,33.64,USD,"Davis, Beck and Greene",Retail,0,
TX-83D7DF8CDDEB,CUST-6CE627B1,2026-01-28T02:02:01.791552,311.49,USD,Riley Inc,Retail,0,
TX-DF79A543C9FE,CUST-6CE627B1,2026-01-28T07:02:01.791552,1854.53,USD,Love PLC,Retail,0,
TX-F3B1B7F0815B,CUST-6CE627B1,2026-01-30T13:02:01.791552,728.14,USD,Meyers PLC,Food,0,
TX-AB6054913765,CUST-6CE627B1,2026-02-02T16:02:01.791552,836.37,USD,"Rogers, Lewis and Ramos",Utilities,0,
TX-BE6434A7570D,CUST-6CE627B1,2026-02-05T20:02:01.791552,467.55,USD,"Peterson, Rivera and Harris",Food,0,
TX-D90E20E2E895,CUST-6CE627B1,2026-02-08T10:02:01.791552,68.84,USD,Miles LLC,Travel,0,
TX-E15D9AC3A2EB,CUST-29DEFD9E,2025-11-18T03:02:01.791552,1124.9,USD,Prince Group,Food,0,
TX-DF50B66A56E9,CUST-29DEFD9E,2025-11-20T19:02:01.791552,725.94,USD,Kelly Group,Travel,0,
TX-5358250B0A28,CUST-29DEFD9E,2025-11-20T23:02:01.791552,1040.92,USD,"Martinez, Nelson and Dean",Food,0,
TX-F71F00020125,CUST-29DEFD9E,2025-11-22T20:02:01.791552,163.67,USD,Hensley-Henderson,Travel,0,
TX-47020ABB0B5F,CUST-29DEFD9E,2025-11-23T14:02:01.791552,1780.34,USD,Hansen PLC,Utilities,0,
TX-0A743703E807,CUST-29DEFD9E,2025-11-27T17:02:01.791552,1443.08,USD,Kramer Inc,Travel,0,
TX-905C360AC594,CUST-3CB3D9BA,2025-11-17T04:02:01.791552,512.92,USD,Barber Inc,Utilities,0,
TX-72B52C269B00,CUST-3CB3D9BA,2025-11-20T18:02:01.791552,764.5,USD,Knight-Martinez,Food,0,
TX-F5089A40588E,CUST-3CB3D9BA,2025-11-25T00:02:01.791552,813.16,USD,"Hess, Dixon and Davenport",Retail,0,
TX-642438D97A2F,CUST-3CB3D9BA,2025-11-25T09:02:01.791552,366.55,USD,Wright-Chapman,Retail,0,
TX-691D1C71683A,CUST-3CB3D9BA,2025-11-28T05:02:01.791552,586.06,USD,Carroll LLC,Utilities,0,
TX-7DCC2F7229F8,CUST-3CB3D9BA,2025-11-30T11:02:01.791552,1364.35,USD,Harris and Sons,Utilities,0,
TX-E6ABCEAFEA5C,CUST-3CB3D9BA,2025-12-02T07:02:01.791552,1845.66,USD,"Freeman, Joyce and Lee",Utilities,0,
TX-FBF5A20C1534,CUST-3CB3D9BA,2025-12-03T11:02:01.791552,579.85,USD,Johnson-Lopez,Retail,0,
TX-2655CB30AEF8,CUST-3CB3D9BA,2025-12-08T01:02:01.791552,538.5,USD,"Morrison, Garcia and Diaz",Travel,0,
TX-2DE7C06E8F88,CUST-3CB3D9BA,2025-12-10T04:02:01.791552,1331.83,USD,Preston-Rose,Travel,0,
TX-95F658740FD3,CUST-3CB3D9BA,2025-12-13T07:02:01.791552,440.92,USD,"Tran, Warren and Sloan",Travel,0,
TX-0D050392D52B,CUST-3CB3D9BA,2025-12-16T15:02:01.791552,1264.24,USD,"Greene, Daniel and Hardy",Utilities,0,
TX-16B8CFD53DBB,CUST-3CB3D9BA,2025-12-17T16:02:01.791552,1012.68,USD,Hawkins-Gutierrez,Travel,0,
TX-6E4365AD6A2D,CUST-3CB3D9BA,2025-12-19T06:02:01.791552,309.24,USD,"Smith, Campbell and Cooper",Travel,0,
TX-CE4F1ECF40B3,CUST-3CB3D9BA,2025-12-21T23:02:01.791552,1364.59,USD,Perry-Zuniga,Retail,0,
TX-D43EEF92C282,CUST-3CB3D9BA,2025-12-22T20:02:01.791552,1935.19,USD,Ryan Group,Utilities,0,
TX-42C73231F3EF,CUST-3CB3D9BA,2025-12-25T22:02:01.791552,1771.17,USD,"Lane, Garcia and Le",Travel,0,
TX-C7DC85730E07,CUST-3CB3D9BA,2025-12-30T04:02:01.791552,1282.38,USD,Farmer Inc,Retail,0,
TX-02B442F4B534,CUST-3CB3D9BA,2026-01-02T01:02:01.791552,1717.19,USD,Reid-Goodman,Food,0,
TX-B82505C85E4D,CUST-3CB3D9BA,2026-01-02T16:02:01.791552,843.39,USD,Myers Group,Retail,0,
TX-F7D8DF9C1FC4,CUST-3CB3D9BA,2026-01-04T14:02:01.791552,657.66,USD,Tyler LLC,Travel,0,
TX-EDA9AB03EC1E,CUST-3CB3D9BA,2026-01-04T21:02:01.791552,1945.92,USD,"Nolan, Thomas and Howard",Travel,0,
TX-DE4218D3DBB8,CUST-3CB3D9BA,2026-01-07T03:02:01.791552,1918.95,USD,Pena-Hudson,Food,0,
TX-BCCAECA13351,CUST-3CB3D9BA,2026-01-10T10:02:01.791552,1660.16,USD,Fields PLC,Travel,0,
TX-4446C7DC079B,CUST-3CB3D9BA,2026-01-12T08:02:01.791552,1842.41,USD,Reynolds-Ramirez,Utilities,0,
TX-0963E85C6238,CUST-3CB3D9BA,2026-01-13T19:02:01.791552,1378.68,USD,"Sloan, Brown and Marks",Travel,0,
TX-E8FC5EB71CB4,CUST-3CB3D9BA,2026-01-15T01:02:01.791552,357.2,USD,Duke-Wade,Travel,0,
TX-78F5B3007D6D,CUST-3CB3D9BA,2026-01-15T14:02:01.791552,1599.93,USD,Sanchez Group,Retail,0,
TX-0F8D685CDC76,CUST-3CB3D9BA,2026-01-18T12:02:01.791552,333.82,USD,Braun-Cooper,Utilities,0,
TX-61912B70EB4C,CUST-3CB3D9BA,2026-01-20T07:02:01.791552,1278.23,USD,Johnson and Sons,Food,0,
TX-BAC8BE8C67B5,CUST-3CB3D9BA,2026-01-22T01:02:01.791552,695.86,USD,"Rogers, Oliver and Smith",Utilities,0,
TX-6ECF86A6230A,CUST-3CB3D9BA,2026-01-22T21:02:01.791552,1116.14,USD,Cook-Smith,Travel,0,
TX-C038C671D96E,CUST-3CB3D9BA,2026-01-23T03:02:01.791552,1637.38,USD,Noble-Beard,Retail,0,
TX-228D55B7ADD3,CUST-3CB3D9BA,2026-01-26T00:02:01.791552,1292.91,USD,Warren Group,Utilities,0,
TX-FCF9DECDD158,CUST-3CB3D9BA,2026-01-27T01:02:01.791552,522.76,USD,Bauer-Lewis,Retail,0,
TX-BAB00EAA2BE0,CUST-3CB3D9BA,2026-01-30T01:02:01.791552,614.29,USD,"Allen, Sutton and Newton",Retail,0,
TX-22A607225BC6,CUST-3CB3D9BA,2026-02-03T21:02:01.791552,608.8,USD,Johnson-Ortiz,Retail,0,
TX-BC7B13F75EDD,CUST-3CB3D9BA,2026-02-04T18:02:01.791552,1043.87,USD,Clay-Ramirez,Retail,0,
TX-2EAE541FCA7A,CUST-3CB3D9BA,2026-02-06T06:02:01.791552,1690.92,USD,James-Gilmore,Food,0,
TX-39E373552A0E,CUST-3CB3D9BA,2026-02-09T11:02:01.791552,607.54,USD,Neal-Howard,Travel,0,
TX-D60607CAF758,CUST-3CB3D9BA,2026-02-10T03:02:01.791552,1416.71,USD,Mendoza-Sanchez,Utilities,0,
TX-9D99C9A61D8A,CUST-33CDCD78,2025-11-16T09:02:01.791552,426.67,USD,Swanson-Johnson,Utilities,0,
TX-959A12043F28,CUST-33CDCD78,2025-11-18T14:02:01.791552,1398.4,USD,Graham Ltd,Retail,0,
TX-5D7EBDBEF7C1,CUST-33CDCD78,2025-11-21T15:02:01.791552,918.38,USD,Allen-Salazar,Retail,0,
TX-5C3BB90A6556,CUST-33CDCD78,2025-11-26T07:02:01.791552,1121.45,USD,"Werner, Fowler and Scott",Food,0,
TX-4AFF84105E5C,CUST-33CDCD78,2025-11-30T22:02:01.791552,806.51,USD,Smith-Bond,Food,0,
TX-8FAEB3D76268,CUST-33CDCD78,2025-12-02T00:02:01.791552,1327.11,USD,Reeves Inc,Food,0,
TX-DAB293F3C602,CUST-33CDCD78,2025-12-05T18:02:01.791552,787.59,USD,Hanna LLC,Food,0,
TX-4BA49A1FA295,CUST-33CDCD78,2025-12-06T12:02:01.791552,522.86,USD,Guzman-Jones,Retail,0,
TX-FCA42F89FA92,CUST-33CDCD78,2025-12-08T09:02:01.791552,377.94,USD,"Smith, Reed and Nelson",Retail,0,
TX-90E6F836B5A3,CUST-33CDCD78,2025-12-11T08:02:01.791552,828.81,USD,Morris LLC,Travel,0,
TX-9466A9DDF58E,CUST-33CDCD78,2025-12-15T22:02:01.791552,588.5,USD,Moyer Group,Travel,0,
TX-01454C348599,CUST-33CDCD78,2025-12-18T09:02:01.791552,806.32,USD,Morales PLC,Retail,0,
TX-3B2FFD4ECC51,CUST-33CDCD78,2025-12-19T21:02:01.791552,1474.26,USD,Johnson-Perez,Food,0,
TX-FB919229EF25,CUST-33CDCD78,2025-12-20T19:02:01.791552,494.67,USD,Washington Ltd,Utilities,0,
TX-61A89EC572E0,CUST-33CDCD78,2025-12-21T04:02:01.791552,1597.23,USD,Fisher-Cortez,Utilities,0,
TX-25ED532B2107,CUST-33CDCD78,2025-12-23T18:02:01.791552,1762.88,USD,"Nixon, Wright and Rodriguez",Travel,0,
TX-FC2049FD26EA,CUST-33CDCD78,2025-12-25T16:02:01.791552,1621.64,USD,"Townsend, Johnson and Perry",Retail,0,
TX-A3F137C25BE6,CUST-33CDCD78,2025-12-26T06:02:01.791552,1706.65,USD,Evans-Reynolds,Travel,0,
TX-1F2B80E068EB,CUST-33CDCD78,2025-12-27T05:02:01.791552,1760.82,USD,Weaver Inc,Travel,0,
TX-3FFE72CC2B7C,CUST-33CDCD78,2025-12-27T07:02:01.791552,627.72,USD,"Thompson, Martinez and Moore",Food,0,
TX-C497D0198A81,CUST-33CDCD78,2025-12-29T12:02:01.791552,36.09,USD,Cline-Crane,Retail,0,
TX-C757C7478A0D,CUST-33CDCD78,2026-01-02T17:02:01.791552,1624.71,USD,"Figueroa, Mills and Jensen",Retail,0,
TX-6DC793DFA594,CUST-33CDCD78,2026-01-02T21:02:01.791552,931.39,USD,"Skinner, Gamble and Rodriguez",Food,0,
TX-7CCE73B5E197,CUST-33CDCD78,2026-01-04T14:02:01.791552,1201.8,USD,Hernandez-Dunlap,Food,0,
TX-119C2AF20963,CUST-33CDCD78,2026-01-06T15:02:01.791552,1221.78,USD,"Davis, Norris and Jones",Food,0,
TX-A1C3F47C7417,CUST-33CDCD78,2026-01-11T10:02:01.791552,995.33,USD,Bentley Inc,Travel,0,
TX-4578FB6FB696,CUST-33CDCD78,2026-01-15T10:02:01.791552,1479.2,USD,Hoover Group,Travel,0,
TX-553A0D98128C,CUST-33CDCD78,2026-01-16T15:02:01.791552,1831.32,USD,Livingston-Diaz,Food,0,
TX-6000A8296211,CUST-33CDCD78,2026-01-19T06:02:01.791552,1118.08,USD,"Russell, Cox and Thomas",Food,0,
TX-1E0176C8439E,CUST-33CDCD78,2026-01-24T01:02:01.791552,359.59,USD,"Cross, Goodwin and Bryant",Travel,0,
TX-3FF1B3E08285,CUST-33CDCD78,2026-01-28T20:02:01.791552,248.36,USD,"Rogers, Pacheco and James",Utilities,0,
TX-BEF3AD11C4EB,CUST-33CDCD78,2026-01-31T07:02:01.791552,1436.15,USD,Payne-Guerrero,Travel,0,
TX-AE91EC1B6CED,CUST-33CDCD78,2026-02-04T08:02:01.791552,421.7,USD,"Gonzalez, Christensen and Summers",Food,0,
TX-76A14441FF5E,CUST-33CDCD78,2026-02-05T12:02:01.791552,1283.87,USD,Willis and Sons,Food,0,
TX-DDF6822FD780,CUST-33CDCD78,2026-02-09T20:02:01.791552,876.25,USD,"Landry, Mitchell and Mccarthy",Travel,0,
TX-316F2297EB4E,CUST-33CDCD78,2026-02-10T04:02:01.791552,1950.67,USD,Ortiz Ltd,Retail,0,
TX-9096974B9D96,CUST-60880038,2025-11-14T16:02:01.791552,1044.96,USD,Smith-Thomas,Travel,0,
TX-4A9341F743FB,CUST-60880038,2025-11-17T16:02:01.791552,1176.79,USD,Henry Group,Food,0,
TX-9B8FDADDD49E,CUST-60880038,2025-11-20T17:02:01.791552,71.44,USD,Hall-Richards,Food,0,
TX-4A9F9135EE3F,CUST-60880038,2025-11-22T07:02:01.791552,998.21,USD,"Peterson, Melton and Townsend",Utilities,0,
TX-CE2CA2FD266C,CUST-60880038,2025-11-26T13:02:01.791552,332.72,USD,"Richardson, Garcia and Hatfield",Travel,0,
TX-9CF9205CCF05,CUST-60880038,2025-11-28T07:02:01.791552,140.11,USD,"Peterson, Mills and Townsend",Retail,0,
TX-3AF546B61ADC,CUST-60880038,2025-12-02T05:02:01.791552,1580.55,USD,"Mckay, Patton and Williams",Utilities,0,
TX-A8175EB14BED,CUST-60880038,2025-12-06T06:02:01.791552,1546.71,USD,"Aguirre, Moran and Howard",Retail,0,
TX-7DC66DF06788,CUST-60880038,2025-12-08T17:02:01.791552,1503.99,USD,"Harrison, Cummings and Wilson",Travel,0,
TX-2C292353B21B,CUST-60880038,2025-12-13T10:02:01.791552,222.5,USD,"Ortiz, Anderson and Curry",Travel,0,
TX-BB7EFE41D2E5,CUST-60880038,2025-12-13T19:02:01.791552,1356.21,USD,"Rivera, Griffith and Lewis",Retail,0,
TX-2218B5633CA2,CUST-60880038,2025-12-16T20:02:01.791552,494.95,USD,Fields-Smith,Travel,0,
TX-6FBEA9B1013A,CUST-60880038,2025-12-21T18:02:01.791552,1493.73,USD,Thomas-Campbell,Retail,0,
TX-D72AFCFD62F4,CUST-60880038,2025-12-25T12:02:01.791552,614.49,USD,Bell-Hernandez,Utilities,0,
TX-0F8051B97C6E,CUST-60880038,2025-12-26T07:02:01.791552,1208.26,USD,"Petty, Rush and Medina",Food,0,
TX-C887E643D219,CUST-60880038,2025-12-27T12:02:01.791552,777.11,USD,"Nichols, Martinez and Johnson",Food,0,
TX-89CBDF981155,CUST-60880038,2025-12-29T05:02:01.791552,984.9,USD,Harris-Wang,Utilities,0,
TX-755F3DEEA6DC,CUST-60880038,2025-12-29T09:02:01.791552,231.73,USD,Jones-Bonilla,Food,0,
TX-1AD378A809C8,CUST-60880038,2026-01-02T19:02:01.791552,1430.83,USD,Wilson and Sons,Food,0,
TX-C10DEBCEACCF,CUST-60880038,2026-01-03T04:02:01.791552,1605.21,USD,"Mendez, Williams and Oneal",Travel,0,
TX-2C5F369954CA,CUST-60880038,2026-01-07T11:02:01.791552,1394.04,USD,Smith PLC,Utilities,0,
TX-964D5BD0E166,CUST-60880038,2026-01-09T12:02:01.791552,938.14,USD,"Byrd, Clark and Johnson",Utilities,0,
TX-9CE795050584,CUST-60880038,2026-01-13T05:02:01.791552,298.97,USD,"Richardson, Garcia and Huynh",Food,0,
TX-46A67525B018,CUST-60880038,2026-01-17T11:02:01.791552,184.45,USD,Armstrong-Alvarez,Travel,0,
TX-0F6F63740D4D,CUST-60880038,2026-01-21T21:02:01.791552,110.61,USD,"Jensen, Barnes and Hart",Retail,0,
TX-DCB9965E89F3,CUST-60880038,2026-01-22T13:02:01.791552,282.16,USD,Young-Suarez,Food,0,
TX-C20C040E5EFD,CUST-60880038,2026-01-26T04:02:01.791552,26.37,USD,Robinson-Silva,Food,0,
TX-D15853259A33,CUST-60880038,2026-01-30T10:02:01.791552,307.71,USD,Dominguez-Gardner,Travel,0,
TX-CE4613755CFE,CUST-60880038,2026-02-01T05:02:01.791552,1366.04,USD,Flowers PLC,Retail,0,
TX-028AAA1CE40D,CUST-60880038,2026-02-01T21:02:01.791552,1477.67,USD,"Mckee, Rivera and Howard",Retail,0,
TX-49C4975E6E85,CUST-60880038,2026-02-05T13:02:01.791552,1328.7,USD,Lopez Group,Utilities,0,
TX-23552EE867A6,CUST-60880038,2026-02-10T05:02:01.791552,132.5,USD,Riggs Group,Travel,0,
TX-A3C545229CD0,CUST-BB5F8605,2025-11-17T10:02:01.791552,961.52,USD,Newton Group,Utilities,0,
TX-AECBCBC7C3F3,CUST-BB5F8605,2025-11-19T13:02:01.791552,334.58,USD,White-Mcconnell,Utilities,0,
TX-D1BB4C125ABB,CUST-BB5F8605,2025-11-23T07:02:01.791552,1390.16,USD,Cunningham PLC,Utilities,0,
TX-1A1F581172A7,CUST-BB5F8605,2025-11-24T01:02:01.791552,963.22,USD,Anderson Inc,Travel,0,
TX-7C8C11E40E5E,CUST-BB5F8605,2025-11-28T07:02:01.791552,35.59,USD,Thomas Group,Travel,0,
TX-02C4F376D80A,CUST-BB5F8605,2025-12-01T10:02:01.791552,758.18,USD,Sosa-Andrews,Travel,0,
TX-D329516E316B,CUST-BB5F8605,2025-12-01T16:02:01.791552,1371.94,USD,Petersen-Estrada,Travel,0,
TX-AB2FEC66974F,CUST-BB5F8605,2025-12-06T14:02:01.791552,476.52,USD,Lopez-Garcia,Travel,0,
TX-DE3EC17BC12E,CUST-BB5F8605,2025-12-10T17:02:01.791552,1113.79,USD,Murphy PLC,Retail,0,
TX-04AB6048DA11,CUST-BB5F8605,2025-12-15T14:02:01.791552,1129.04,USD,"Butler, Foster and Zavala",Utilities,0,
TX-B68ACA8FDDE3,CUST-BB5F8605,2025-12-16T12:02:01.791552,1602.18,USD,Farmer Ltd,Retail,0,
TX-809BCF70E490,CUST-BB5F8605,2025-12-17T21:02:01.791552,1419.25,USD,Hobbs Inc,Food,0,
TX-120EAA733B85,CUST-BB5F8605,2025-12-18T02:02:01.791552,13.05,USD,"Yoder, Gonzalez and Rodriguez",Utilities,0,
TX-1FA0B56ACD8B,CUST-BB5F8605,2025-12-22T10:02:01.791552,1447.28,USD,Arroyo-Wright,Travel,0,
TX-A5EADB7C362B,CUST-BB5F8605,2025-12-23T23:02:01.791552,1551.66,USD,Delgado and Sons,Travel,0,
TX-13314FEF1F47,CUST-BB5F8605,2025-12-25T16:02:01.791552,29.89,USD,"Peterson, Lucas and Graham",Retail,0,
TX-1A8A23252412,CUST-BB5F8605,2025-12-27T02:02:01.791552,685.5,USD,Smith PLC,Utilities,0,
TX-495FA3661D83,CUST-BB5F8605,2025-12-28T16:02:01.791552,49.5,USD,Crawford Ltd,Travel,0,
TX-70DA2C308E5C,CUST-BB5F8605,2026-01-02T08:02:01.791552,1921.67,USD,Griffin-Miranda,Travel,0,
TX-4DECE6D1D784,CUST-BB5F8605,2026-01-05T04:02:01.791552,1591.52,USD,"Rodriguez, Kim and Fernandez",Utilities,0,
TX-1267B71E4B28,CUST-BB5F8605,2026-01-08T02:02:01.791552,841.66,USD,"Lowe, Lynn and Robles",Utilities,0,
TX-BEEDC5B6ED52,CUST-BB5F8605,2026-01-12T16:02:01.791552,1553.76,USD,"Sanchez, Crawford and King",Utilities,0,
TX-8977DCAEE646,CUST-BB5F8605,2026-01-16T22:02:01.791552,80.97,USD,Thomas-Perkins,Food,0,
TX-39501A8D5629,CUST-BB5F8605,2026-01-17T19:02:01.791552,588.87,USD,Meyer-Brown,Food,0,
TX-6F88EE652116,CUST-BB5F8605,2026-01-18T14:02:01.791552,632.75,USD,"Alvarado, Jimenez and Golden",Retail,0,
TX-48FB6EC2D8C7,CUST-BB5F8605,2026-01-19T15:02:01.791552,769.63,USD,Wang-Taylor,Food,0,
TX-6A06439881F4,CUST-BB5F8605,2026-01-21T05:02:01.791552,174.09,USD,"Fisher, Watts and Sharp",Food,0,
TX-EB616892BD80,CUST-BB5F8605,2026-01-25T19:02:01.791552,1000.26,USD,Garza LLC,Utilities,0,
TX-F913FC22166D,CUST-BB5F8605,2026-01-25T21:02:01.791552,405.42,USD,Johnson Inc,Utilities,0,
TX-1306BF332FA3,CUST-BB5F8605,2026-01-30T17:02:01.791552,486.58,USD,Morrison-Stewart,Utilities,0,
TX-F487E28A38D6,CUST-BB5F8605,2026-02-03T17:02:01.791552,297.64,USD,"Simmons, Hayes and Lynch",Food,0,
TX-E4535E755432,CUST-18345E55,2025-11-18T09:02:01.791552,898.25,USD,Manning-Juarez,Retail,0,
TX-3681528052B0,CUST-18345E55,2025-11-18T16:02:01.791552,181.64,USD,Ramirez Inc,Retail,0,
TX-B904893F3A94,CUST-18345E55,2025-11-22T02:02:01.791552,47.94,USD,Robbins-Fuller,Food,0,
TX-3E4CDB71A814,CUST-18345E55,2025-11-24T01:02:01.791552,1735.41,USD,"Simpson, Vasquez and Howard",Utilities,0,
TX-8770EDF95659,CUST-18345E55,2025-11-27T19:02:01.791552,1718.58,USD,Davis Inc,Retail,0,
TX-7895E77B5AAD,CUST-18345E55,2025-11-29T05:02:01.791552,686.49,USD,Murphy LLC,Retail,0,
TX-F5A49A662B87,CUST-18345E55,2025-11-30T21:02:01.791552,792.95,USD,"Meyer, Patterson and Peterson",Retail,0,
TX-DE956B4C0776,CUST-18345E55,2025-12-01T08:02:01.791552,1122.98,USD,Williamson Group,Retail,0,
TX-C99BF7FE4BBA,CUST-18345E55,2025-12-01T11:02:01.791552,1022.24,USD,Farley PLC,Utilities,0,
TX-CFEBFD870B9D,CUST-18345E55,2025-12-05T04:02:01.791552,38.81,USD,Willis-Kelley,Food,0,
TX-3E74D72B379E,CUST-18345E55,2025-12-09T00:02:01.791552,1498.37,USD,"Young, Weber and Tucker",Travel,0,
TX-2964A67FF55E,CUST-18345E55,2025-12-09T19:02:01.791552,753.18,USD,Stephens LLC,Food,0,
TX-88F758EEE9B6,CUST-18345E55,2025-12-10T08:02:01.791552,122.26,USD,"Powell, Fernandez and White",Travel,0,
TX-D51514675D2A,CUST-18345E55,2025-12-11T22:02:01.791552,1149.21,USD,Anderson-Green,Utilities,0,
TX-C767118F53B9,CUST-18345E55,2025-12-14T10:02:01.791552,1859.5,USD,Pope Group,Travel,0,
TX-EF6CA97A5C60,CUST-18345E55,2025-12-18T02:02:01.791552,1676.48,USD,Lozano-Walker,Food,0,
TX-36707921C05E,CUST-18345E55,2025-12-22T14:02:01.791552,1934.14,USD,Kelly PLC,Retail,0,
TX-8D5481B32A43,CUST-18345E55,2025-12-27T12:02:01.791552,1098.98,USD,"Carter, Davidson and Wright",Food,0,
TX-1858DBF983BC,CUST-18345E55,2025-12-30T04:02:01.791552,411.18,USD,Anderson PLC,Retail,0,
TX-36C1B0F90FCB,CUST-18345E55,2025-12-31T18:02:01.791552,1773.64,USD,Pierce-Medina,Retail,0,
TX-F5A7006A659B,CUST-2E7EB51C,2025-11-15T21:02:01.791552,1945.33,USD,"Good, Simpson and Clay",Travel,0,
TX-C3EEDDB6033A,CUST-2E7EB51C,2025-11-19T17:02:01.791552,331.92,USD,Pennington-Martinez,Utilities,0,
TX-A221F66B9EEF,CUST-2E7EB51C,2025-11-24T08:02:01.791552,833.63,USD,"Meyer, Turner and Li",Retail,0,
TX-31C990EE3D54,CUST-2E7EB51C,2025-11-28T06:02:01.791552,1539.58,USD,Bonilla LLC,Food,0,
TX-806AAD9D2919,CUST-2E7EB51C,2025-11-29T21:02:01.791552,1952.28,USD,Holloway-Rose,Utilities,0,
TX-1F7DCC2257A7,CUST-2E7EB51C,2025-11-30T20:02:01.791552,1889.23,USD,"Cook, Smith and Curry",Utilities,0,
TX-D5D46DB478FD,CUST-2E7EB51C,2025-12-01T14:02:01.791552,1215.86,USD,Robles-Wright,Retail,0,
TX-106CC0E0C9B7,CUST-2E7EB51C,2025-12-03T16:02:01.791552,1128.41,USD,Forbes-Morris,Travel,0,
TX-4634F4339D0D,CUST-2E7EB51C,2025-12-04T04:02:01.791552,1406.08,USD,Smith-Miller,Travel,0,
TX-1D4F924BE56B,CUST-2E7EB51C,2025-12-05T07:02:01.791552,1624.58,USD,"Ruiz, Mcdowell and Waters",Utilities,0,
TX-EFCC0C3B0A44,CUST-2E7EB51C,2025-12-09T17:02:01.791552,890.34,USD,"Spencer, Freeman and Hernandez",Travel,0,
TX-922EB91DB4E5,CUST-40D828E7,2025-11-17T06:02:01.791552,1467.45,USD,Maynard-Lewis,Food,0,
TX-FC02AE42DBA1,CUST-40D828E7,2025-11-19T02:02:01.791552,1198.13,USD,Morrison-Daniels,Retail,0,
TX-DD814425DACB,CUST-40D828E7,2025-11-23T14:02:01.791552,565.1,USD,Sims and Sons,Retail,0,
TX-7648BBF5097C,CUST-40D828E7,2025-11-26T12:02:01.791552,1775.0,USD,"Thomas, Wilson and Thomas",Travel,0,
TX-71DA44B7A4DF,CUST-40D828E7,2025-12-01T11:02:01.791552,734.71,USD,"Kelley, Joseph and Hill",Food,0,
TX-AC55DD9052D7,CUST-40D828E7,2025-12-04T22:02:01.791552,28.19,USD,White and Sons,Food,0,
TX-6355F3546927,CUST-40D828E7,2025-12-09T14:02:01.791552,66.15,USD,Sims Ltd,Utilities,0,
TX-6F1235E64C01,CUST-40D828E7,2025-12-10T11:02:01.791552,57.72,USD,"Mendoza, Richmond and Smith",Retail,0,
TX-954836BF40E5,CUST-40D828E7,2025-12-14T03:02:01.791552,1400.07,USD,Shaw-Smith,Food,0,
TX-2E08486491DA,CUST-40D828E7,2025-12-18T02:02:01.791552,816.7,USD,Watson-Callahan,Retail,0,
TX-D2C9934A58E0,CUST-40D828E7,2025-12-21T10:02:01.791552,821.89,USD,Hughes LLC,Utilities,0,
TX-F3002A1639C4,CUST-40D828E7,2025-12-22T12:02:01.791552,290.9,USD,Gould-Johnson,Food,0,
TX-19C65760FECB,CUST-40D828E7,2025-12-27T12:02:01.791552,51.1,USD,"Bell, Harris and Vang",Food,0,
TX-CD3B510CAD25,CUST-40D828E7,2025-12-27T19:02:01.791552,1970.1,USD,"Rice, Bass and Smith",Travel,0,
TX-00C431E3C98A,CUST-40D828E7,2025-12-28T20:02:01.791552,1873.5,USD,"Mack, Sanders and Bass",Travel,0,
TX-9E445AE630E0,CUST-40D828E7,2026-01-01T19:02:01.791552,1906.17,USD,Snyder and Sons,Food,0,
TX-A4A675FE63A1,CUST-40D828E7,2026-01-03T22:02:01.791552,1012.87,USD,Parsons LLC,Travel,0,
TX-9E8003179BBE,CUST-40D828E7,2026-01-06T22:02:01.791552,1449.14,USD,"Fernandez, Marsh and Jones",Travel,0,
TX-E87E03D70A39,CUST-40D828E7,2026-01-09T15:02:01.791552,1030.63,USD,Hull LLC,Travel,0,
TX-501072395E69,CUST-40D828E7,2026-01-10T02:02:01.791552,629.87,USD,"Williams, Edwards and Hendrix",Food,0,
TX-21FEF579292F,CUST-40D828E7,2026-01-15T00:02:01.791552,854.72,USD,Hooper-Smith,Travel,0,
TX-C60D6D45297A,CUST-40D828E7,2026-01-15T08:02:01.791552,1081.39,USD,"Perez, Wolf and Bentley",Retail,0,
TX-A026E1D442D2,CUST-40D828E7,2026-01-16T18:02:01.791552,599.06,USD,"King, Park and Garcia",Utilities,0,
TX-32E512A3437E,CUST-40D828E7,2026-01-18T03:02:01.791552,1835.82,USD,"Dennis, Young and Stephens",Food,0,
TX-A745BE0EAFAE,CUST-40D828E7,2026-01-19T19:02:01.791552,1499.82,USD,Hines Ltd,Utilities,0,
TX-E38FED7DC69C,CUST-40D828E7,2026-01-24T11:02:01.791552,774.49,USD,"Wilson, Sanchez and Weaver",Food,0,
TX-C0517C7C7387,CUST-40D828E7,2026-01-25T11:02:01.791552,414.91,USD,"Harris, Goodman and Ramirez",Retail,0,
TX-30757FE44005,CUST-40D828E7,2026-01-30T11:02:01.791552,307.14,USD,Schmidt Ltd,Utilities,0,
TX-E4D08B1FC0E0,CUST-40D828E7,2026-02-02T13:02:01.791552,230.02,USD,Wagner LLC,Utilities,0,
TX-F32926859B48,CUST-40D828E7,2026-02-03T03:02:01.791552,620.62,USD,Sherman-Webster,Food,0,
TX-CF5EE55631EB,CUST-40D828E7,2026-02-07T13:02:01.791552,565.99,USD,Miller-Cooper,Retail,0,
TX-35A0610AA7E4,CUST-40D828E7,2026-02-10T04:02:01.791552,1541.54,USD,Booth-Velazquez,Utilities,0,
TX-9832EE3BD528,CUST-40D828E7,2026-02-11T13:02:01.791552,1001.15,USD,"Greer, Hunter and Mosley",Food,0,
TX-72ECB3106674,CUST-87AC6E7E,2025-11-17T03:02:01.791552,1153.37,USD,Schmidt-White,Food,0,
TX-27A737D71912,CUST-87AC6E7E,2025-11-18T09:02:01.791552,1399.97,USD,Johnson-Porter,Utilities,0,
TX-30616D1F5133,CUST-87AC6E7E,2025-11-18T19:02:01.791552,1454.92,USD,Fletcher Inc,Food,0,
TX-3C99D7C870FC,CUST-87AC6E7E,2025-11-22T05:02:01.791552,113.84,USD,Johnson Group,Food,0,
TX-7DB9CFA916A0,CUST-87AC6E7E,2025-11-25T05:02:01.791552,860.55,USD,Perry LLC,Food,0,
TX-7DEF6F11ABEA,CUST-87AC6E7E,2025-11-28T13:02:01.791552,252.58,USD,Hudson-Carr,Food,0,
TX-F9A7BE0E3C00,CUST-87AC6E7E,2025-12-02T04:02:01.791552,194.52,USD,"Strickland, Rivera and Faulkner",Retail,0,
TX-86DD09EA324E,CUST-87AC6E7E,2025-12-04T02:02:01.791552,1836.23,USD,"Jarvis, Perez and Gilbert",Travel,0,
TX-03D8B985597C,CUST-87AC6E7E,2025-12-04T22:02:01.791552,1772.97,USD,Christian-Giles,Food,0,
TX-EBDD46236E46,CUST-87AC6E7E,2025-12-05T16:02:01.791552,1567.07,USD,David PLC,Food,0,
TX-0D82FF2F4AAD,CUST-87AC6E7E,2025-12-08T19:02:01.791552,1966.53,USD,Solis and Sons,Retail,0,
TX-E0E686BB6039,CUST-87AC6E7E,2025-12-12T06:02:01.791552,1595.5,USD,Daniel Inc,Retail,0,
TX-F32F54F5C23D,CUST-87AC6E7E,2025-12-14T12:02:01.791552,1829.51,USD,Sullivan-Lucero,Retail,0,
TX-5BB1D7DA240B,CUST-87AC6E7E,2025-12-15T23:02:01.791552,1328.7,USD,"Thornton, James and Garcia",Food,0,
TX-9CDB7B1EF21A,CUST-87AC6E7E,2025-12-17T06:02:01.791552,1415.78,USD,Jackson Ltd,Travel,0,
TX-118AB357A4CD,CUST-87AC6E7E,2025-12-19T04:02:01.791552,393.78,USD,"Deleon, Nguyen and Fisher",Food,0,
TX-A011AEE99C93,CUST-87AC6E7E,2025-12-21T14:02:01.791552,1361.74,USD,Cunningham LLC,Retail,0,
TX-ECCC82F0ACBF,CUST-87AC6E7E,2025-12-24T23:02:01.791552,303.9,USD,Edwards-Thomas,Food,0,
TX-B1CA1734259C,CUST-87AC6E7E,2025-12-26T13:02:01.791552,1401.63,USD,"Rasmussen, Reyes and Fields",Food,0,
TX-3266A424653A,CUST-87AC6E7E,2025-12-31T09:02:01.791552,59.82,USD,"Scott, Sheppard and Alexander",Retail,0,
TX-654BAE762216,CUST-87AC6E7E,2026-01-04T18:02:01.791552,598.51,USD,Rodriguez-Johnson,Retail,0,
TX-7B1BC9931E88,CUST-87AC6E7E,2026-01-05T07:02:01.791552,1106.37,USD,Wilkins Group,Retail,0,
TX-E076CC9B56FC,CUST-87AC6E7E,2026-01-05T21:02:01.791552,984.06,USD,Crawford-Henry,Utilities,0,
TX-AC637312104E,CUST-87AC6E7E,2026-01-09T18:02:01.791552,817.34,USD,Mitchell Inc,Food,0,
TX-AE03D2BEDDE1,CUST-87AC6E7E,2026-01-14T05:02:01.791552,434.67,USD,Riley-Boone,Utilities,0,
TX-7E98116C3FA4,CUST-B87FB9CF,2025-11-14T11:02:01.791552,88.05,USD,Holmes-James,Retail,0,
TX-CFC7BAF93969,CUST-B87FB9CF,2025-11-14T21:02:01.791552,755.06,USD,Shaw-Lopez,Food,0,
TX-E303A0289687,CUST-B87FB9CF,2025-11-16T17:02:01.791552,1738.4,USD,Banks-Myers,Food,0,
TX-C658AD08F662,CUST-B87FB9CF,2025-11-17T08:02:01.791552,1862.55,USD,Garcia PLC,Utilities,0,
TX-57F83BF11A71,CUST-B87FB9CF,2025-11-19T18:02:01.791552,980.4,USD,"Berger, Fields and Sanchez",Retail,0,
TX-072AF42B60DB,CUST-B87FB9CF,2025-11-21T08:02:01.791552,999.79,USD,Dickson Ltd,Food,0,
TX-5681BD83EC8F,CUST-B87FB9CF,2025-11-21T09:02:01.791552,1195.38,USD,Fisher-Hoover,Travel,0,
TX-89E5113C443C,CUST-B87FB9CF,2025-11-24T08:02:01.791552,381.25,USD,"West, Miller and Velez",Retail,0,
TX-43CD46840F76,CUST-B87FB9CF,2025-11-25T22:02:01.791552,1900.36,USD,Cook-Kramer,Food,0,
TX-469105053760,CUST-B87FB9CF,2025-11-29T06:02:01.791552,1760.26,USD,"Cummings, Smith and Medina",Retail,0,
TX-9F367A6BEF47,CUST-B87FB9CF,2025-12-02T10:02:01.791552,813.73,USD,Miller-Nelson,Retail,0,
TX-68C0EFB5D4D8,CUST-B87FB9CF,2025-12-06T02:02:01.791552,643.07,USD,Joseph-Garcia,Utilities,0,
TX-7CA0551016CF,CUST-B87FB9CF,2025-12-09T05:02:01.791552,1520.45,USD,"Hill, Wilson and Anderson",Utilities,0,
TX-5393F60A8DD5,CUST-B87FB9CF,2025-12-10T08:02:01.791552,1755.94,USD,Walker-Mora,Retail,0,
TX-D1E481F2DE53,CUST-B87FB9CF,2025-12-11T08:02:01.791552,562.71,USD,Roach LLC,Utilities,0,
TX-C4F2785FD50A,CUST-B87FB9CF,2025-12-12T02:02:01.791552,1136.38,USD,Cruz LLC,Utilities,0,
TX-86DABFB775E5,CUST-B87FB9CF,2025-12-12T03:02:01.791552,366.46,USD,Goodwin PLC,Retail,0,
TX-3446DA3B9301,CUST-FE7EF847,2025-11-17T01:02:01.791552,779.58,USD,Warren-Hooper,Utilities,0,
TX-856D041E9000,CUST-FE7EF847,2025-11-18T17:02:01.791552,509.42,USD,Sweeney and Sons,Retail,0,
TX-782EA93E2E68,CUST-FE7EF847,2025-11-23T11:02:01.791552,1530.64,USD,"Sanchez, Sherman and Dickerson",Utilities,0,
TX-BDAA49DBF1B2,CUST-FE7EF847,2025-11-26T03:02:01.791552,923.15,USD,Hernandez-Miller,Food,0,
TX-E7D9D70AEC6C,CUST-FE7EF847,2025-11-29T00:02:01.791552,1210.01,USD,Morrison-Stewart,Travel,0,
TX-83622E7AE4EB,CUST-FE7EF847,2025-11-29T20:02:01.791552,1121.24,USD,"Gonzales, Lopez and Garcia",Retail,0,
TX-41B6A87E8881,CUST-FE7EF847,2025-12-04T02:02:01.791552,837.38,USD,Miller-Price,Utilities,0,
TX-D5E3488ADE61,CUST-FE7EF847,2025-12-04T04:02:01.791552,799.6,USD,"Johnson, Dixon and Butler",Retail,0,
TX-2FB228E7A994,CUST-FE7EF847,2025-12-08T01:02:01.791552,1157.47,USD,Eaton-Castillo,Utilities,0,
TX-DBE445B7DC5F,CUST-FE7EF847,2025-12-12T10:02:01.791552,1241.05,USD,Rogers-Barry,Retail,0,
TX-37EE9EE2879F,CUST-FE7EF847,2025-12-16T08:02:01.791552,1155.42,USD,"Mcdaniel, Smith and Chaney",Utilities,0,
TX-14CC6DF805A9,CUST-FE7EF847,2025-12-20T13:02:01.791552,711.79,USD,Garcia-Ruiz,Travel,0,
TX-1E03C33D3DD4,CUST-FE7EF847,2025-12-25T10:02:01.791552,1472.08,USD,King Group,Food,0,
TX-A77E0C118427,CUST-FE7EF847,2025-12-30T01:02:01.791552,791.07,USD,Harmon-Eaton,Retail,0,
TX-9644D2E6F627,CUST-FE7EF847,2025-12-30T03:02:01.791552,1040.03,USD,Martin-Pena,Food,0,
TX-0BE0648B4EB7,CUST-FE7EF847,2025-12-30T14:02:01.791552,291.59,USD,Griffith-Wise,Retail,0,
TX-EC2EF7206E4B,CUST-FE7EF847,2026-01-02T04:02:01.791552,1840.63,USD,"Johnson, Woods and Lewis",Utilities,0,
TX-B97C800F365A,CUST-FE7EF847,2026-01-02T15:02:01.791552,1469.79,USD,Pacheco-Mitchell,Food,0,
TX-0469033DCE2B,CUST-FE7EF847,2026-01-06T17:02:01.791552,1349.41,USD,"Bender, Lee and Edwards",Retail,0,
TX-98CEBAFDD527,CUST-FE7EF847,2026-01-11T01:02:01.791552,1143.82,USD,Gutierrez LLC,Food,0,
TX-6E42DEE2109A,CUST-FE7EF847,2026-01-15T13:02:01.791552,1637.3,USD,"Kelly, Johnston and Livingston",Food,0,
TX-9CF0914FE160,CUST-FE7EF847,2026-01-19T21:02:01.791552,213.7,USD,Williams-Rubio,Travel,0,
TX-CFCACB0E3333,CUST-FE7EF847,2026-01-21T14:02:01.791552,1314.02,USD,Stokes-Williams,Utilities,0,
TX-4381E21CE4BA,CUST-FE7EF847,2026-01-25T13:02:01.791552,1016.41,USD,Cole Inc,Travel,0,
TX-D094A083CD6B,CUST-FE7EF847,2026-01-27T01:02:01.791552,1824.31,USD,Nguyen Ltd,Food,0,
TX-E801D45A6FA3,CUST-FE7EF847,2026-01-29T19:02:01.791552,653.04,USD,Smith Group,Utilities,0,
TX-F549E5802761,CUST-FE7EF847,2026-02-02T08:02:01.791552,1111.71,USD,Mccoy Inc,Retail,0,
TX-E594754C9524,CUST-FE7EF847,2026-02-03T09:02:01.791552,1474.18,USD,Berg Ltd,Utilities,0,
TX-150EA10AD9FD,CUST-FE7EF847,2026-02-08T09:02:01.791552,297.43,USD,Ball-Garcia,Travel,0,
TX-8C58FD5EB316,CUST-75BB9BF2,2025-11-17T08:02:01.791552,1121.06,USD,Pham PLC,Utilities,0,
TX-2E0C60037345,CUST-75BB9BF2,2025-11-21T23:02:01.791552,913.22,USD,House-Clay,Utilities,0,
TX-985BF4DF4ECF,CUST-75BB9BF2,2025-11-26T02:02:01.791552,1005.36,USD,"Nguyen, Herring and Scott",Food,0,
TX-85B5590AEFE5,CUST-75BB9BF2,2025-11-26T10:02:01.791552,786.44,USD,Ross Ltd,Utilities,0,
TX-4D7EC6B70846,CUST-75BB9BF2,2025-11-29T13:02:01.791552,1845.57,USD,"Harris, Anderson and Graham",Utilities,0,
TX-ADFF6DF79660,CUST-75BB9BF2,2025-12-03T08:02:01.791552,1265.22,USD,"Petty, Powell and Cook",Food,0,
TX-37E0F35F177F,CUST-75BB9BF2,2025-12-07T22:02:01.791552,548.48,USD,Mcdaniel Group,Food,0,
TX-AA3176462FE5,CUST-75BB9BF2,2025-12-08T02:02:01.791552,655.37,USD,"Newman, Baird and Pham",Utilities,0,
TX-010F0D3DB019,CUST-75BB9BF2,2025-12-10T00:02:01.791552,1805.58,USD,"Allen, Marshall and Hall",Travel,0,
TX-E1B032D328AB,CUST-9A04B15B,2025-11-18T05:02:01.791552,230.2,USD,Cole-Greene,Utilities,0,
TX-F0E5224C7CD1,CUST-9A04B15B,2025-11-18T09:02:01.791552,1099.71,USD,"Johnson, Barrett and Hinton",Retail,0,
TX-09CB0EAE6986,CUST-9A04B15B,2025-11-19T20:02:01.791552,70.91,USD,"Fields, Smith and Novak",Retail,0,
TX-821394A6D926,CUST-9A04B15B,2025-11-22T10:02:01.791552,322.07,USD,"Mcclure, Smith and Miller",Travel,0,
TX-DC60B9DC6B7C,CUST-9A04B15B,2025-11-24T01:02:01.791552,457.67,USD,Woods Ltd,Utilities,0,
TX-890AC64A687C,CUST-9A04B15B,2025-11-28T11:02:01.791552,1047.8,USD,Cruz PLC,Utilities,0,
TX-05D7EF8E1756,CUST-9A04B15B,2025-12-02T06:02:01.791552,564.27,USD,Jones-Neal,Travel,0,
TX-311639977997,CUST-7AC74017,2025-11-16T19:02:01.791552,1652.5,USD,"Olsen, Ellis and White",Travel,0,
TX-9DFAD12940CA,CUST-7AC74017,2025-11-18T03:02:01.791552,1722.2,USD,Williams and Sons,Retail,0,
TX-65BCEE73C93C,CUST-7AC74017,2025-11-19T07:02:01.791552,665.68,USD,Johnson-Melendez,Utilities,0,
TX-4AED39C4FD1C,CUST-7AC74017,2025-11-20T11:02:01.791552,1147.65,USD,"Chambers, Flores and Graham",Utilities,0,
TX-AFC0A9B62609,CUST-7AC74017,2025-11-25T03:02:01.791552,1676.08,USD,Stevens LLC,Utilities,0,
TX-E8642E05A4F8,CUST-7AC74017,2025-11-25T18:02:01.791552,457.77,USD,Hawkins-Norman,Utilities,0,
TX-F2750DC292CC,CUST-7AC74017,2025-11-30T04:02:01.791552,1855.64,USD,"Hopkins, Lopez and Wilcox",Utilities,0,
TX-A2324AB2A335,CUST-7AC74017,2025-11-30T12:02:01.791552,1522.84,USD,"Robertson, Walker and Armstrong",Food,0,
TX-1F7D6AE40BB4,CUST-7AC74017,2025-12-01T12:02:01.791552,1795.24,USD,Lowe-Flores,Travel,0,
TX-13D2397F6DAD,CUST-7AC74017,2025-12-06T00:02:01.791552,125.97,USD,Adams Inc,Retail,0,
TX-EE5760C62F77,CUST-7AC74017,2025-12-08T02:02:01.791552,1128.0,USD,Proctor LLC,Travel,0,
TX-27D718AC14E5,CUST-7AC74017,2025-12-10T04:02:01.791552,858.79,USD,Wilson Ltd,Food,0,
TX-7AC30DF211F3,CUST-7AC74017,2025-12-13T23:02:01.791552,1679.19,USD,Moody-Hughes,Food,0,
TX-BE27906B5714,CUST-7AC74017,2025-12-14T04:02:01.791552,484.81,USD,Hoffman PLC,Travel,0,
TX-B2F29C50E12E,CUST-7AC74017,2025-12-14T19:02:01.791552,1810.74,USD,"Miller, Zimmerman and Vazquez",Retail,0,
TX-4ED80EB53314,CUST-7AC74017,2025-12-19T15:02:01.791552,1928.76,USD,Hill-Fox,Utilities,0,
TX-2E3848A71EF5,CUST-7AC74017,2025-12-21T15:02:01.791552,827.86,USD,Bates-Ryan,Food,0,
TX-6BC18308C3A5,CUST-7AC74017,2025-12-25T14:02:01.791552,1124.6,USD,Wright PLC,Utilities,0,
TX-80A57639266C,CUST-7AC74017,2025-12-27T00:02:01.791552,1236.08,USD,Obrien-White,Travel,0,
TX-9615A182E73D,CUST-7AC74017,2025-12-31T07:02:01.791552,496.97,USD,Adams-Berg,Food,0,
TX-05183BBEFFB3,CUST-7AC74017,2026-01-04T12:02:01.791552,728.56,USD,"Sullivan, Brown and Lam",Utilities,0,
TX-FA36B37B57F2,CUST-7AC74017,2026-01-07T23:02:01.791552,494.92,USD,Johnson-Howell,Travel,0,
TX-C3ACC3E62AA3,CUST-7AC74017,2026-01-12T00:02:01.791552,1967.86,USD,Oliver Ltd,Retail,0,
TX-A018E79F3ED8,CUST-7AC74017,2026-01-15T10:02:01.791552,799.0,USD,"Lozano, Fields and Smith",Travel,0,
TX-4ABF9AAC4A59,CUST-7AC74017,2026-01-20T01:02:01.791552,760.12,USD,Maddox Group,Retail,0,
TX-925AE8AB0A5D,CUST-7AC74017,2026-01-22T03:02:01.791552,1928.31,USD,Jackson-Mcgee,Utilities,0,
TX-2F6C633ED9DF,CUST-7AC74017,2026-01-23T20:02:01.791552,284.2,USD,Weaver Group,Retail,0,
TX-89574F3AD597,CUST-7AC74017,2026-01-28T09:02:01.791552,543.89,USD,Gates-Freeman,Retail,0,
TX-DE824128018C,CUST-7AC74017,2026-01-29T10:02:01.791552,1937.86,USD,Lee-Sanford,Travel,0,
TX-D03505B036A5,CUST-7AC74017,2026-01-29T13:02:01.791552,1366.12,USD,Sanford-Raymond,Travel,0,
TX-B3FA9A0A6871,CUST-7AC74017,2026-02-01T01:02:01.791552,1009.48,USD,James and Sons,Travel,0,
TX-21CDDB253F86,CUST-7AC74017,2026-02-05T03:02:01.791552,1400.29,USD,Torres Ltd,Utilities,0,
TX-5D49E6C208EE,CUST-7AC74017,2026-02-07T01:02:01.791552,37.18,USD,Park Ltd,Travel,0,
TX-DDCB8F6D85A2,CUST-7AC74017,2026-02-11T09:02:01.791552,925.42,USD,"Pham, Shaffer and Waters",Utilities,0,
TX-AFDA112566D9,CUST-7AC74017,2026-02-11T10:02:01.791552,1358.41,USD,Ramirez and Sons,Retail,0,
TX-57576449EBA1,CUST-5FCCCB05,2025-11-16T19:02:01.791552,1041.13,USD,Rojas Inc,Retail,0,
TX-085E2353C24A,CUST-5FCCCB05,2025-11-18T23:02:01.791552,1989.15,USD,Fletcher PLC,Retail,0,
TX-76335BA39874,CUST-5FCCCB05,2025-11-19T17:02:01.791552,11.06,USD,Wolfe-Guerra,Travel,0,
TX-5B54504DB2AA,CUST-5FCCCB05,2025-11-24T08:02:01.791552,924.26,USD,Allen Ltd,Utilities,0,
TX-9F63DBE9733B,CUST-5FCCCB05,2025-11-26T09:02:01.791552,445.02,USD,"Anderson, James and Turner",Travel,0,
TX-6574DBB19352,CUST-5FCCCB05,2025-11-29T05:02:01.791552,1719.65,USD,Wheeler Inc,Retail,0,
TX-1CB86010B8FC,CUST-5FCCCB05,2025-11-29T13:02:01.791552,1736.35,USD,Jackson-Dominguez,Utilities,0,
TX-F1356CD023EE,CUST-9F90E87A,2025-11-24T01:12:01.791552,9082.79,USD,Pierce Group,Fraudulent,1,Structuring
TX-5D0EC1198209,CUST-9F90E87A,2025-11-24T01:41:01.791552,9516.82,USD,Wheeler-Richmond,Fraudulent,1,Structuring
TX-F20DF1ECC1A3,CUST-9F90E87A,2025-11-24T02:26:01.791552,9010.67,USD,Olson and Sons,Fraudulent,1,Structuring
TX-AE55FDE36D7A,CUST-9F90E87A,2025-11-24T03:23:01.791552,9159.44,USD,"Huynh, Chambers and Park",Fraudulent,1,Structuring
TX-147B3C242F7D,CUST-9F90E87A,2025-11-24T03:37:01.791552,9045.24,USD,"Jennings, Brown and Goodwin",Fraudulent,1,Structuring
TX-A38458D03CFE,CUST-9F90E87A,2025-11-24T03:54:01.791552,9735.97,USD,Harris-Henderson,Fraudulent,1,Structuring
TX-60DAD6BA8D56,CUST-05313002,2025-11-14T02:02:01.791552,1977.59,USD,Fry-Lee,Retail,0,
TX-8DFFD54EE48D,CUST-05313002,2025-11-14T21:02:01.791552,1528.01,USD,Middleton Group,Retail,0,
TX-FC3794A416F6,CUST-05313002,2025-11-18T22:02:01.791552,1213.76,USD,Christian LLC,Utilities,0,
TX-4971D0921DE0,CUST-05313002,2025-11-20T03:02:01.791552,704.46,USD,Simpson Inc,Retail,0,
TX-4CFCADF6732C,CUST-05313002,2025-11-21T12:02:01.791552,445.43,USD,"Perez, Liu and Orozco",Food,0,
TX-74BA65834ADF,CUST-05313002,2025-11-24T13:02:01.791552,135.64,USD,Stein-Gonzales,Food,0,
TX-0812AED92E5B,CUST-05313002,2025-11-25T17:02:01.791552,371.08,USD,Garcia LLC,Retail,0,
TX-71FA2E014B97,CUST-05313002,2025-11-26T12:02:01.791552,1771.63,USD,"Jones, Dickson and Shaw",Food,0,
TX-40A201E65C19,CUST-05313002,2025-11-27T07:02:01.791552,1168.85,USD,Bruce-Baker,Utilities,0,
TX-034B24909F4C,CUST-05313002,2025-11-29T09:02:01.791552,1852.34,USD,Castillo-Jordan,Retail,0,
TX-CC616533A50B,CUST-05313002,2025-12-03T13:02:01.791552,1523.12,USD,Sheppard-Pierce,Retail,0,
TX-0227F679292E,CUST-05313002,2025-12-05T21:02:01.791552,1788.66,USD,"Meyer, Waters and Flores",Utilities,0,
TX-BBC6CBC90B46,CUST-05313002,2025-12-08T20:02:01.791552,549.0,USD,Torres and Sons,Travel,0,
TX-C5B2B10395CA,CUST-05313002,2025-12-13T07:02:01.791552,345.52,USD,Roberson Ltd,Travel,0,
TX-7259C14AAA08,CUST-05313002,2025-12-14T16:02:01.791552,1482.94,USD,"Washington, Malone and Rogers",Food,0,
TX-4C28CA8C4455,CUST-05313002,2025-12-15T20:02:01.791552,1562.2,USD,"Hansen, Lopez and Rogers",Utilities,0,
TX-878679E2B850,CUST-05313002,2025-12-18T17:02:01.791552,1282.15,USD,Le-Foster,Food,0,
TX-8420B282C886,CUST-05313002,2025-12-21T04:02:01.791552,1222.71,USD,Lee-Turner,Food,0,
TX-D89FEC882AC0,CUST-05313002,2025-12-22T07:02:01.791552,1938.12,USD,Tucker and Sons,Food,0,
TX-87C657433B05,CUST-05313002,2025-12-23T23:02:01.791552,684.23,USD,Schneider-Murphy,Utilities,0,
TX-B572DBAA4FE3,CUST-05313002,2025-12-25T17:02:01.791552,1320.57,USD,"Chang, Little and Edwards",Utilities,0,
TX-B60FE4CC7B3C,CUST-05313002,2025-12-29T02:02:01.791552,1535.78,USD,Burnett LLC,Retail,0,
TX-51DDF25D564E,CUST-05313002,2026-01-02T22:02:01.791552,1209.18,USD,Ramos-Mercer,Retail,0,
TX-F60D5F35691C,CUST-05313002,2026-01-03T02:02:01.791552,1720.06,USD,Johnson-Johnson,Utilities,0,
TX-5985C59F13AA,CUST-05313002,2026-01-07T07:02:01.791552,1278.25,USD,White-Lane,Utilities,0,
TX-B5015A34AB73,CUST-05313002,2026-01-08T00:02:01.791552,566.16,USD,"Li, Rivers and Christian",Utilities,0,
TX-6411D5E0D68A,CUST-05313002,2026-01-10T13:02:01.791552,96.46,USD,Mitchell and Sons,Travel,0,
TX-073DBC6E8C22,CUST-05313002,2026-01-13T21:02:01.791552,1459.66,USD,Russell Ltd,Food,0,
TX-94C8B9155938,CUST-05313002,2026-01-15T08:02:01.791552,1418.8,USD,"Bell, Curry and Garcia",Food,0,
TX-6C47DDCE17E6,CUST-05313002,2026-01-19T14:02:01.791552,67.75,USD,Olsen Inc,Travel,0,
TX-26279981D144,CUST-05313002,2026-01-23T22:02:01.791552,820.22,USD,Sanchez-Reed,Travel,0,
TX-2D413871AE2D,CUST-05313002,2026-01-24T21:02:01.791552,1438.27,USD,"Bell, Cox and Nelson",Travel,0,
TX-0C7DDB786679,CUST-5812B969,2025-11-16T13:02:01.791552,646.94,USD,Hodges-Thompson,Travel,0,
TX-BA5E11CFB692,CUST-5812B969,2025-11-19T10:02:01.791552,688.05,USD,Sanders LLC,Food,0,
TX-179BBE412E5A,CUST-5812B969,2025-11-24T09:02:01.791552,784.95,USD,"Coleman, Macdonald and Munoz",Food,0,
TX-F725A509F374,CUST-5812B969,2025-11-28T14:02:01.791552,1529.48,USD,Frazier-Miller,Utilities,0,
TX-2CF8BA4A7C98,CUST-5812B969,2025-11-29T19:02:01.791552,1384.39,USD,Reynolds Inc,Utilities,0,
TX-C9D1B0294EBC,CUST-5812B969,2025-11-30T01:02:01.791552,413.18,USD,"Christensen, Osborne and Smith",Travel,0,
TX-9BACD6757046,CUST-5812B969,2025-12-04T22:02:01.791552,702.91,USD,"Pham, Sloan and Wyatt",Travel,0,
TX-FE907E60E57A,CUST-5812B969,2025-12-05T21:02:01.791552,54.47,USD,Taylor-Johnson,Food,0,
TX-2625EB547F37,CUST-5812B969,2025-12-10T17:02:01.791552,528.39,USD,"Bright, Schmidt and Gonzalez",Travel,0,
TX-281C60BBFCD1,CUST-5812B969,2025-12-12T12:02:01.791552,1011.96,USD,Thompson Ltd,Food,0,
TX-60A8715053DC,CUST-5812B969,2025-12-13T10:02:01.791552,1891.12,USD,Duran-Jackson,Travel,0,
TX-9EC5D4E1AE0A,CUST-5812B969,2025-12-15T21:02:01.791552,936.1,USD,Reed Ltd,Travel,0,
TX-2D5210463D90,CUST-5812B969,2025-12-19T12:02:01.791552,1699.44,USD,Russell Ltd,Retail,0,
TX-1EED87BCA291,CUST-5812B969,2025-12-20T22:02:01.791552,822.06,USD,Chapman-Ruiz,Utilities,0,
TX-208DD0E41B00,CUST-5812B969,2025-12-24T02:02:01.791552,964.32,USD,Harrell LLC,Retail,0,
TX-FBDFB0E7AE66,CUST-5812B969,2025-12-24T07:02:01.791552,715.2,USD,Caldwell-Jackson,Travel,0,
TX-2B28DD98E923,CUST-5812B969,2025-12-26T12:02:01.791552,1561.47,USD,Knight-Garcia,Retail,0,
TX-14E07015E069,CUST-5812B969,2025-12-31T05:02:01.791552,344.96,USD,Young-Owens,Travel,0,
TX-670DDDB110EB,CUST-5812B969,2025-12-31T06:02:01.791552,1610.45,USD,"Johnson, Heath and Michael",Utilities,0,
TX-AE510187B8C0,CUST-5812B969,2026-01-03T15:02:01.791552,1541.3,USD,Becker Inc,Retail,0,
TX-31940D221C2C,CUST-5812B969,2026-01-07T06:02:01.791552,1799.13,USD,Stephenson-Adams,Food,0,
TX-179622EF3597,CUST-5812B969,2026-01-11T03:02:01.791552,80.7,USD,"Salas, Long and Brown",Retail,0,
TX-B2C245B7151B,CUST-5812B969,2026-01-12T12:02:01.791552,1016.0,USD,Ramirez Inc,Retail,0,
TX-593E65523192,CUST-5812B969,2026-01-13T10:02:01.791552,1067.47,USD,Mathews-Ho,Retail,0,
TX-0827749D02CB,CUST-5812B969,2026-01-16T16:02:01.791552,1256.23,USD,Vasquez Ltd,Retail,0,
TX-A3717D49AC47,CUST-5812B969,2026-01-18T02:02:01.791552,1243.15,USD,"Garcia, Jones and Butler",Travel,0,
TX-1B71FA46CC50,CUST-5812B969,2026-01-22T22:02:01.791552,1816.97,USD,Navarro Ltd,Utilities,0,
TX-C0BD9B5EA9D2,CUST-5812B969,2026-01-24T21:02:01.791552,662.52,USD,Hoffman Group,Retail,0,
TX-75F2E8E4EF43,CUST-5812B969,2026-01-25T19:02:01.791552,877.37,USD,"Malone, Howard and Cole",Travel,0,
TX-F1351E9B8C07,CUST-5812B969,2026-01-27T12:02:01.791552,572.48,USD,"Barton, Holland and Newton",Retail,0,
TX-74257619D361,CUST-5812B969,2026-01-29T02:02:01.791552,1554.73,USD,Wilson-Sharp,Travel,0,
TX-EE6C3011BB10,CUST-5812B969,2026-01-31T19:02:01.791552,1683.91,USD,Shelton LLC,Retail,0,
TX-A083D882F51C,CUST-5812B969,2026-02-03T11:02:01.791552,118.27,USD,"Carter, Long and Paul",Utilities,0,
TX-0E6E7043D5A4,CUST-5812B969,2026-02-06T10:02:01.791552,1076.29,USD,Schultz-Lawson,Utilities,0,
TX-FB817C1DD814,CUST-5812B969,2026-02-10T02:02:01.791552,435.72,USD,"Greene, Callahan and Campos",Food,0,
TX-55E78F84CC5F,CUST-0362875F,2025-11-16T08:02:01.791552,1201.1,USD,"Morris, Burton and Ruiz",Travel,0,
TX-B1D0C76F54F6,CUST-0362875F,2025-11-16T12:02:01.791552,1524.9,USD,Foley Inc,Retail,0,
TX-046D4048585E,CUST-0362875F,2025-11-17T20:02:01.791552,408.92,USD,Christian-Lawrence,Travel,0,
TX-2776C81C1876,CUST-0362875F,2025-11-22T15:02:01.791552,1584.93,USD,Martinez-Campbell,Utilities,0,
TX-B8971A5E5C8D,CUST-0362875F,2025-11-26T15:02:01.791552,1575.12,USD,Love Inc,Travel,0,
TX-A3D80A9BD12F,CUST-0362875F,2025-11-30T05:02:01.791552,1173.58,USD,Barron Inc,Retail,0,
TX-C4BBA5BDA494,CUST-0362875F,2025-12-02T02:02:01.791552,434.43,USD,"Henderson, Wilcox and Lynch",Utilities,0,
TX-670E97162324,CUST-0362875F,2025-12-06T19:02:01.791552,180.24,USD,"Mercer, Patel and Grant",Travel,0,
TX-F660B169E6C2,CUST-0362875F,2025-12-08T00:02:01.791552,1632.13,USD,Lowe Inc,Utilities,0,
TX-3DF0342B584F,CUST-0362875F,2025-12-12T00:02:01.791552,262.12,USD,Sullivan Ltd,Food,0,
TX-7D8D9B1769A1,CUST-0362875F,2025-12-16T14:02:01.791552,1081.13,USD,Christensen-Watkins,Food,0,
TX-E5591D823B37,CUST-0362875F,2025-12-16T18:02:01.791552,753.77,USD,Clark LLC,Utilities,0,
TX-BEF80896E147,CUST-0362875F,2025-12-19T04:02:01.791552,697.08,USD,Horton-Frost,Utilities,0,
TX-AA8C17A2C355,CUST-0362875F,2025-12-20T17:02:01.791552,1820.73,USD,Phillips-Mccullough,Utilities,0,
TX-A0DEBCC8E9A9,CUST-0362875F,2025-12-22T01:02:01.791552,1565.76,USD,Zimmerman and Sons,Food,0,
TX-DF1BBDD68C83,CUST-0362875F,2025-12-24T18:02:01.791552,1558.19,USD,"Johnson, Davis and Schmidt",Retail,0,
TX-4C9A6CBCDFEF,CUST-0362875F,2025-12-27T03:02:01.791552,177.33,USD,Weaver and Sons,Utilities,0,
TX-74EE6A442704,CUST-0362875F,2025-12-29T02:02:01.791552,390.83,USD,Kim Group,Utilities,0,
TX-72F994540FDA,CUST-0362875F,2026-01-01T16:02:01.791552,1074.85,USD,Watson and Sons,Utilities,0,
TX-3747742087E5,CUST-0362875F,2026-01-01T21:02:01.791552,815.36,USD,Aguilar PLC,Food,0,
TX-AB52B591E37F,CUST-0362875F,2026-01-04T03:02:01.791552,987.11,USD,Davis LLC,Utilities,0,
TX-FD0D712B274F,CUST-0362875F,2026-01-09T00:02:01.791552,706.97,USD,Bradford PLC,Utilities,0,
TX-6CF5ADA8D26D,CUST-0362875F,2026-01-13T07:02:01.791552,654.29,USD,Wilson-Beck,Food,0,
TX-7435E61D6B4A,CUST-0362875F,2026-01-18T05:02:01.791552,39.13,USD,Davis Group,Food,0,
TX-5ED91C255538,CUST-0362875F,2026-01-22T16:02:01.791552,698.71,USD,Moore-Taylor,Travel,0,
TX-3EA26605E1D0,CUST-0362875F,2026-01-25T18:02:01.791552,895.5,USD,Daugherty LLC,Food,0,
TX-D7750036315D,CUST-0362875F,2026-01-29T22:02:01.791552,764.89,USD,Bass and Sons,Utilities,0,
TX-B4F5FE097F43,CUST-0362875F,2026-01-30T23:02:01.791552,851.9,USD,Bird Group,Utilities,0,
TX-1BA9E19AA49F,CUST-0362875F,2026-02-03T01:02:01.791552,1166.05,USD,"Miller, Obrien and Lane",Travel,0,
TX-7A763DC84850,CUST-0362875F,2026-02-05T11:02:01.791552,1936.37,USD,Santos-Alvarez,Travel,0,
TX-BD30701F35F1,CUST-0362875F,2026-02-06T21:02:01.791552,79.64,USD,Cohen-Lucas,Food,0,
TX-2CEFD863B09A,CUST-0362875F,2026-02-09T23:02:01.791552,1322.26,USD,Anderson-Nicholson,Travel,0,
TX-E09415D05247,CUST-3E364B32,2025-11-14T09:02:01.791552,1646.28,USD,Shepherd-Taylor,Retail,0,
TX-30909FA8FACE,CUST-3E364B32,2025-11-18T06:02:01.791552,591.73,USD,"Lewis, Grant and Rodriguez",Utilities,0,
TX-B3890D9DAC9A,CUST-3E364B32,2025-11-18T15:02:01.791552,750.7,USD,Williams-Henson,Food,0,
TX-DA32F43404E8,CUST-3E364B32,2025-11-23T01:02:01.791552,1254.89,USD,Bowman-Cummings,Utilities,0,
TX-229EE97DEBDE,CUST-3E364B32,2025-11-23T22:02:01.791552,1022.54,USD,"Baldwin, Johnson and Johnston",Travel,0,
TX-BF4065D36FEB,CUST-3E364B32,2025-11-28T10:02:01.791552,1876.17,USD,"Perez, Ramos and Smith",Travel,0,
TX-7BD2174CE2F2,CUST-3E364B32,2025-11-29T10:02:01.791552,787.8,USD,"Blake, Wilson and Martin",Utilities,0,
TX-C45D437C4251,CUST-3E364B32,2025-12-03T09:02:01.791552,1139.63,USD,Smith LLC,Utilities,0,
TX-0B68051E1A4A,CUST-3E364B32,2025-12-03T15:02:01.791552,1993.68,USD,Johnson Ltd,Food,0,
TX-8C4314079485,CUST-3E364B32,2025-12-03T17:02:01.791552,768.65,USD,Murphy and Sons,Food,0,
TX-C1FF012DE9E1,CUST-3E364B32,2025-12-04T02:02:01.791552,531.68,USD,Spencer-Blankenship,Food,0,
TX-38709F48A0B7,CUST-3E364B32,2025-12-05T02:02:01.791552,643.26,USD,"Rice, Thompson and Harmon",Food,0,
TX-4A806740B239,CUST-3E364B32,2025-12-10T01:02:01.791552,1200.28,USD,"Brown, Harris and Hurst",Travel,0,
TX-91866D8BEB6E,CUST-3E364B32,2025-12-12T18:02:01.791552,1629.38,USD,Mathews-Schwartz,Utilities,0,
TX-57E6B9611894,CUST-3E364B32,2025-12-17T16:02:01.791552,636.84,USD,Mckee PLC,Travel,0,
TX-51C41612845C,CUST-3E364B32,2025-12-21T14:02:01.791552,542.27,USD,Hurley-Maldonado,Utilities,0,
TX-5A5064C06B62,CUST-3E364B32,2025-12-25T11:02:01.791552,1695.66,USD,Shepherd PLC,Travel,0,
TX-8FC20B450F4B,CUST-3E364B32,2025-12-26T17:02:01.791552,946.09,USD,"Livingston, Burch and Carpenter",Utilities,0,
TX-343491491518,CUST-3E364B32,2025-12-28T11:02:01.791552,1306.22,USD,"Ward, Cook and Ritter",Travel,0,
TX-B2433330631B,CUST-3E364B32,2025-12-30T10:02:01.791552,1675.42,USD,Macias Inc,Retail,0,
TX-213A98F21E15,CUST-3E364B32,2025-12-31T04:02:01.791552,409.9,USD,Collier LLC,Food,0,
TX-6E67E018118F,CUST-3E364B32,2026-01-04T01:02:01.791552,1351.02,USD,Tate LLC,Utilities,0,
TX-BA2913ECE98C,CUST-3E364B32,2026-01-04T16:02:01.791552,222.79,USD,"Murphy, Cooper and Butler",Utilities,0,
TX-A8F465FC19BB,CUST-3E364B32,2026-01-08T02:02:01.791552,1722.18,USD,"Simmons, Garcia and Thomas",Utilities,0,
TX-03240400FA64,CUST-3E364B32,2026-01-09T02:02:01.791552,1203.5,USD,Rhodes LLC,Utilities,0,
TX-B6B4652BA119,CUST-3E364B32,2026-01-10T05:02:01.791552,1412.09,USD,"Carter, Stanley and Obrien",Retail,0,
TX-644FEFB7A2E7,CUST-3E364B32,2026-01-12T02:02:01.791552,10.95,USD,"Reynolds, Dominguez and Ruiz",Food,0,
TX-61C61332E3CA,CUST-E3A24E29,2025-11-17T12:02:01.791552,668.42,USD,Vargas Group,Food,0,
TX-B30F527D8CDA,CUST-E3A24E29,2025-11-22T04:02:01.791552,177.99,USD,"Brown, Guzman and Wang",Travel,0,
TX-D42D2341F724,CUST-E3A24E29,2025-11-26T12:02:01.791552,758.83,USD,Kim LLC,Utilities,0,
TX-D9057A82EEBC,CUST-E3A24E29,2025-11-30T04:02:01.791552,763.34,USD,Prince-Cameron,Travel,0,
TX-9BE15E1D3957,CUST-E3A24E29,2025-12-02T02:02:01.791552,1083.0,USD,Black and Sons,Travel,0,
TX-AEE6F4E30EAC,CUST-E3A24E29,2025-12-03T16:02:01.791552,1002.21,USD,Mccormick PLC,Travel,0,
TX-63278E3A5C38,CUST-4809428E,2025-11-18T17:02:01.791552,996.64,USD,"Mcdonald, Ashley and Rivera",Food,0,
TX-25BF8DEF7893,CUST-4809428E,2025-11-22T00:02:01.791552,1553.97,USD,Lowery PLC,Utilities,0,
TX-5F59BD60EA3F,CUST-4809428E,2025-11-24T17:02:01.791552,1227.78,USD,Wright PLC,Utilities,0,
TX-AAD4C8089321,CUST-4809428E,2025-11-29T06:02:01.791552,1995.64,USD,"Scott, Ward and Kelly",Retail,0,
TX-CB73A830C887,CUST-4809428E,2025-12-03T14:02:01.791552,1888.83,USD,Weaver Ltd,Travel,0,
TX-BD9E1C4FBD28,CUST-4809428E,2025-12-04T12:02:01.791552,790.16,USD,Hodges PLC,Retail,0,
TX-4B440F7310ED,CUST-4809428E,2025-12-05T19:02:01.791552,1512.89,USD,Keller Ltd,Retail,0,
TX-3072B64E42CB,CUST-4809428E,2025-12-09T17:02:01.791552,718.54,USD,"Martin, Wiley and Campbell",Travel,0,
TX-785415A3127D,CUST-4809428E,2025-12-13T02:02:01.791552,1865.15,USD,"Giles, Stevenson and Marsh",Utilities,0,
TX-4D15B209C606,CUST-4809428E,2025-12-14T20:02:01.791552,1434.12,USD,"Doyle, Barber and Patel",Travel,0,
TX-D996168C71EF,CUST-4809428E,2025-12-19T19:02:01.791552,766.53,USD,"Gates, Ross and Ingram",Travel,0,
TX-17C5B665DE81,CUST-4809428E,2025-12-22T17:02:01.791552,362.88,USD,Franklin Group,Food,0,
TX-EEB46FB9D164,CUST-4809428E,2025-12-25T08:02:01.791552,986.92,USD,"Scott, Blankenship and Johnson",Utilities,0,
TX-FE8C419560B0,CUST-4809428E,2025-12-25T10:02:01.791552,180.56,USD,Smith LLC,Retail,0,
TX-ADCB4D52CC8F,CUST-4809428E,2025-12-29T04:02:01.791552,1532.64,USD,Rogers Group,Utilities,0,
TX-44CE30B727BD,CUST-4809428E,2025-12-30T09:02:01.791552,748.78,USD,"Guerrero, Black and Luna",Retail,0,
TX-BA4FE3BC3FC0,CUST-4809428E,2026-01-01T17:02:01.791552,1483.64,USD,Webb PLC,Travel,0,
TX-7C34D00C0D0C,CUST-4809428E,2026-01-05T17:02:01.791552,1434.11,USD,Powell Inc,Food,0,
TX-07F24A50B15E,CUST-4809428E,2026-01-06T06:02:01.791552,793.2,USD,"Novak, Rodriguez and Mercer",Food,0,
TX-AA2C1897BF32,CUST-4809428E,2026-01-08T21:02:01.791552,868.43,USD,Hernandez Ltd,Food,0,
TX-5D06D3469CCE,CUST-4809428E,2026-01-12T00:02:01.791552,1307.48,USD,"Pena, Perry and Harris",Food,0,
TX-2200BDD5E877,CUST-4809428E,2026-01-13T21:02:01.791552,1221.68,USD,Barron-Mcdonald,Retail,0,
TX-BBF68A6A66D7,CUST-4809428E,2026-01-16T23:02:01.791552,788.87,USD,"Rogers, Bailey and Harris",Utilities,0,
TX-E11CF41A7507,CUST-4809428E,2026-01-19T20:02:01.791552,907.53,USD,"Morse, Mcgrath and Thomas",Retail,0,
TX-0452C7B2FCE7,CUST-8BF1D1BC,2025-12-01T01:03:10.791552,202.71,USD,Benton-Bautista,Fraudulent,1,High Velocity
TX-CDD3B50BC25D,CUST-8BF1D1BC,2025-12-01T01:04:01.791552,398.03,USD,Williams LLC,Fraudulent,1,High Velocity
TX-2A391C365F28,CUST-8BF1D1BC,2025-12-01T01:07:51.791552,289.59,USD,Christensen Group,Fraudulent,1,High Velocity
TX-5BB0D7E80BB6,CUST-8BF1D1BC,2025-12-01T01:10:13.791552,368.81,USD,"Arias, Torres and Mason",Fraudulent,1,High Velocity
TX-D447B23D6602,CUST-8BF1D1BC,2025-12-01T01:10:57.791552,137.29,USD,Franklin and Sons,Fraudulent,1,High Velocity
TX-C0D385F636D4,CUST-8BF1D1BC,2025-12-01T01:15:44.791552,152.11,USD,Campbell-Hernandez,Fraudulent,1,High Velocity
TX-BB7297F6DC56,CUST-8BF1D1BC,2025-12-01T01:17:19.791552,481.88,USD,"Morgan, Allen and King",Fraudulent,1,High Velocity
TX-9EB9F4C7836F,CUST-8BF1D1BC,2025-12-01T01:19:44.791552,447.15,USD,Lane Group,Fraudulent,1,High Velocity
TX-4D2FD44FD759,CUST-8BF1D1BC,2025-12-01T01:22:17.791552,116.36,USD,Salazar-Blake,Fraudulent,1,High Velocity
TX-8311069E4A70,CUST-8BF1D1BC,2025-12-01T01:27:17.791552,182.82,USD,Smith-Bates,Fraudulent,1,High Velocity
TX-70B01DF185CD,CUST-8BF1D1BC,2025-12-01T01:29:00.791552,112.22,USD,Ross-Kelly,Fraudulent,1,High Velocity
TX-B35F94A92AC2,CUST-042D08C3,2025-11-17T16:02:01.791552,1125.47,USD,"Clark, Brown and Schmidt",Travel,0,
TX-F909E80032FF,CUST-042D08C3,2025-11-19T04:02:01.791552,1388.0,USD,Thornton Group,Retail,0,
TX-FBD430B633A7,CUST-042D08C3,2025-11-21T16:02:01.791552,610.17,USD,"Brown, Lewis and Spence",Retail,0,
TX-4630019654A8,CUST-042D08C3,2025-11-24T04:02:01.791552,505.71,USD,"Reed, Cline and Collins",Travel,0,
TX-4F1F50DF0392,CUST-042D08C3,2025-11-24T21:02:01.791552,261.4,USD,Obrien-Johnson,Travel,0,
TX-9E1DC86EEAD6,CUST-042D08C3,2025-11-26T09:02:01.791552,276.72,USD,"Hernandez, Frederick and Malone",Travel,0,
TX-7A7EE9644C94,CUST-042D08C3,2025-11-27T23:02:01.791552,201.04,USD,Mcknight Ltd,Retail,0,
TX-06AB508CABCC,CUST-042D08C3,2025-12-01T23:02:01.791552,458.96,USD,Lester-York,Travel,0,
TX-483B46E0A942,CUST-042D08C3,2025-12-03T22:02:01.791552,128.42,USD,"Smith, Murray and King",Travel,0,
TX-06FDC4AFB516,CUST-042D08C3,2025-12-06T21:02:01.791552,234.37,USD,"Clark, Page and Edwards",Food,0,
TX-53AEA9BDB0F2,CUST-042D08C3,2025-12-09T06:02:01.791552,438.0,USD,Nicholson Group,Utilities,0,
TX-DABA47F6EEB7,CUST-042D08C3,2025-12-10T05:02:01.791552,1636.5,USD,Marshall PLC,Food,0,
TX-D010F383D7A2,CUST-042D08C3,2025-12-14T01:02:01.791552,1363.8,USD,Medina PLC,Travel,0,
TX-DFF79A8A63CB,CUST-042D08C3,2025-12-15T19:02:01.791552,305.48,USD,"Potts, Tate and Wright",Food,0,
TX-845800CA2E7F,CUST-042D08C3,2025-12-16T22:02:01.791552,1143.76,USD,Ortiz PLC,Travel,0,
TX-C40F742DF184,CUST-042D08C3,2025-12-17T15:02:01.791552,1121.1,USD,"King, Taylor and Lewis",Travel,0,
TX-D9FCB3470A08,CUST-042D08C3,2025-12-18T05:02:01.791552,755.12,USD,Wallace Group,Utilities,0,
TX-98821FDB40E5,CUST-042D08C3,2025-12-20T18:02:01.791552,1902.63,USD,Castillo-Christian,Food,0,
TX-727CD9989F14,CUST-042D08C3,2025-12-21T17:02:01.791552,1570.97,USD,"Smith, Murphy and Hunter",Utilities,0,
TX-0750EFA8DA59,CUST-042D08C3,2025-12-24T11:02:01.791552,1231.12,USD,Reyes-Harrell,Travel,0,
TX-D8AEE492FA8C,CUST-042D08C3,2025-12-24T20:02:01.791552,1762.21,USD,Richardson-Shaw,Retail,0,
TX-03A69675ECFB,CUST-042D08C3,2025-12-26T22:02:01.791552,1628.98,USD,"Novak, Robinson and Tran",Retail,0,
TX-CB7C63A86CFD,CUST-042D08C3,2025-12-31T22:02:01.791552,913.75,USD,"Rodriguez, Sawyer and Smith",Food,0,
TX-AECCD74DB7F9,CUST-042D08C3,2026-01-03T22:02:01.791552,1274.28,USD,Kelley Ltd,Food,0,
TX-4929FC81444C,CUST-F3808E76,2025-11-15T18:02:01.791552,1823.98,USD,"Morris, Hartman and Shelton",Food,0,
TX-ED523EECBB8F,CUST-F3808E76,2025-11-19T19:02:01.791552,509.75,USD,Morales-Mack,Food,0,
TX-333EDFEFF94B,CUST-F3808E76,2025-11-24T08:02:01.791552,34.29,USD,Carr-Gilbert,Food,0,
TX-B0280C6F4A16,CUST-F3808E76,2025-11-27T03:02:01.791552,621.75,USD,"Williams, Taylor and Ball",Food,0,
TX-CACBFB4D8C21,CUST-F3808E76,2025-11-30T15:02:01.791552,539.42,USD,Baldwin-Hawkins,Food,0,
TX-BD8A35CE69AA,CUST-F3808E76,2025-12-03T18:02:01.791552,1820.27,USD,"Wilson, Landry and James",Travel,0,
TX-77D9B13F640D,CUST-F3808E76,2025-12-05T17:02:01.791552,116.61,USD,Bryant Group,Utilities,0,
TX-8CE34FB5FF0F,CUST-F3808E76,2025-12-09T02:02:01.791552,1892.93,USD,Ellis LLC,Utilities,0,
TX-6D12ED1C0EA3,CUST-F3808E76,2025-12-13T18:02:01.791552,280.14,USD,"Novak, Martin and Mahoney",Food,0,
TX-1B10378E715A,CUST-F3808E76,2025-12-14T19:02:01.791552,154.1,USD,"Stanley, Edwards and Tate",Utilities,0,
TX-E35D5073E815,CUST-F3808E76,2025-12-15T05:02:01.791552,261.05,USD,Kelly-Miller,Travel,0,
TX-42B84C971063,CUST-F3808E76,2025-12-18T20:02:01.791552,879.93,USD,Wyatt-Fletcher,Utilities,0,
TX-E2030829CC3A,CUST-F3808E76,2025-12-20T07:02:01.791552,60.72,USD,"Brown, Williams and Tran",Food,0,
TX-5799B4FAE790,CUST-F3808E76,2025-12-20T10:02:01.791552,924.54,USD,Armstrong-Lewis,Utilities,0,
TX-5798692A023B,CUST-F3808E76,2025-12-20T19:02:01.791552,1135.44,USD,Wallace Inc,Utilities,0,
TX-7A27A0CA5030,CUST-F3808E76,2025-12-21T05:02:01.791552,1286.96,USD,Mcdonald Group,Utilities,0,
TX-00DB99D1ADA8,CUST-F3808E76,2025-12-23T21:02:01.791552,1374.05,USD,Pena Ltd,Food,0,
TX-E2A719762F62,CUST-F3808E76,2025-12-28T06:02:01.791552,1498.15,USD,"Mcdonald, Fisher and Bishop",Food,0,
TX-282B140E1E63,CUST-F3808E76,2025-12-30T20:02:01.791552,300.34,USD,Smith Ltd,Travel,0,
TX-3FC0CD155707,CUST-F3808E76,2026-01-02T01:02:01.791552,555.52,USD,"Medina, Clark and Mercado",Food,0,
TX-F03F1E8E774B,CUST-F3808E76,2026-01-04T19:02:01.791552,179.1,USD,"Allen, Thompson and Pratt",Retail,0,
TX-6A8086EE7E2F,CUST-F3808E76,2026-01-06T00:02:01.791552,121.64,USD,"Richardson, Tucker and Lozano",Travel,0,
TX-F2E06F7ACDF2,CUST-F3808E76,2026-01-10T03:02:01.791552,155.75,USD,Taylor Group,Utilities,0,
TX-66192830680D,CUST-F3808E76,2026-01-11T03:02:01.791552,1532.32,USD,Krause-Martin,Travel,0,
TX-6EF5A86555D3,CUST-F3808E76,2026-01-13T16:02:01.791552,1889.21,USD,"Dean, Bailey and Ramirez",Travel,0,
TX-EFD297F5E0E4,CUST-F3808E76,2026-01-17T19:02:01.791552,515.32,USD,"Martinez, Wagner and Juarez",Travel,0,
TX-CD8C764637F2,CUST-F3808E76,2026-01-22T16:02:01.791552,1267.22,USD,"Sandoval, Avery and Lucero",Travel,0,
TX-640747B99C2D,CUST-F3808E76,2026-01-23T05:02:01.791552,1933.35,USD,"Reynolds, Walsh and Davila",Food,0,
TX-4F6353B5D8BC,CUST-F3808E76,2026-01-25T02:02:01.791552,392.98,USD,Morales Ltd,Retail,0,
TX-F97843CC9E74,CUST-F3808E76,2026-01-29T20:02:01.791552,664.23,USD,"Guerra, Bell and Clark",Food,0,
TX-63E633C4762A,CUST-F3808E76,2026-02-03T13:02:01.791552,1374.13,USD,Mcclure-Wagner,Food,0,
TX-4E9BA75F50DD,CUST-F3808E76,2026-02-05T19:02:01.791552,581.99,USD,Griffith LLC,Travel,0,
TX-69E761071383,CUST-F3808E76,2026-02-09T05:02:01.791552,359.6,USD,"Williams, Young and Wilson",Utilities,0,
TX-A74DA4943598,CUST-F3808E76,2026-02-09T23:02:01.791552,1431.62,USD,"Miller, Melendez and Davis",Travel,0,
TX-32E790EA107B,CUST-F3808E76,2026-02-10T09:02:01.791552,1131.55,USD,Patterson-Fields,Food,0,
TX-353E8F8A9D56,CUST-C1336F64,2025-11-16T12:02:01.791552,788.73,USD,Love-Miller,Travel,0,
TX-59292807C314,CUST-C1336F64,2025-11-19T20:02:01.791552,1398.6,USD,Randolph Group,Food,0,
TX-F2281527A50A,CUST-C1336F64,2025-11-22T08:02:01.791552,603.32,USD,Glenn Group,Utilities,0,
TX-A48FD5B35C76,CUST-C1336F64,2025-11-22T13:02:01.791552,1258.77,USD,Perkins Inc,Travel,0,
TX-1544BD38A0A4,CUST-C1336F64,2025-11-25T18:02:01.791552,125.63,USD,Scott-Grimes,Food,0,
TX-C83FE1A7305F,CUST-C1336F64,2025-11-27T11:02:01.791552,1573.66,USD,Moody-Bradford,Retail,0,
TX-F704C3CE7F10,CUST-C1336F64,2025-11-30T12:02:01.791552,1577.5,USD,Vasquez-Powell,Retail,0,
TX-9C8EE61650F7,CUST-C1336F64,2025-12-05T02:02:01.791552,24.1,USD,"Smith, Reynolds and Mitchell",Retail,0,
TX-FC300E48A2F2,CUST-C1336F64,2025-12-07T20:02:01.791552,1620.92,USD,Cook-Wood,Food,0,
TX-B7D098B0D4EC,CUST-C1336F64,2025-12-09T20:02:01.791552,761.54,USD,"Lee, Sanders and Taylor",Utilities,0,
TX-AA65B368CEF8,CUST-C1336F64,2025-12-13T02:02:01.791552,880.2,USD,"Harris, Black and Ruiz",Utilities,0,
TX-EF956F7D8776,CUST-C1336F64,2025-12-14T11:02:01.791552,1257.23,USD,Stokes-Parker,Travel,0,
TX-A5B39FA5A7BF,CUST-C1336F64,2025-12-18T11:02:01.791552,1221.57,USD,Miles-Holt,Utilities,0,
TX-845EC08B3352,CUST-C1336F64,2025-12-19T03:02:01.791552,1278.58,USD,"Houston, Payne and Wilson",Travel,0,
TX-18D15C1E6DC7,CUST-C1336F64,2025-12-21T16:02:01.791552,1355.8,USD,Greene Ltd,Retail,0,
TX-A53EEDF8DF22,CUST-C1336F64,2025-12-26T01:02:01.791552,657.05,USD,"Dougherty, Smith and Castro",Travel,0,
TX-1B6FB9308766,CUST-C1336F64,2025-12-29T22:02:01.791552,866.67,USD,"Jones, Beck and Morgan",Travel,0,
TX-864CAB76F4A1,CUST-C1336F64,2025-12-31T14:02:01.791552,486.72,USD,Benjamin-Lee,Food,0,
TX-A81031157B80,CUST-C1336F64,2026-01-04T08:02:01.791552,1192.37,USD,Daniels-Smith,Food,0,
TX-40F4A1E3341D,CUST-C1336F64,2026-01-07T21:02:01.791552,1625.02,USD,"Haynes, Meyer and Gilmore",Food,0,
TX-F35D2AE892AF,CUST-C1336F64,2026-01-09T09:02:01.791552,96.47,USD,"Hernandez, Gentry and Mills",Utilities,0,
TX-2BD0E6FE6E0C,CUST-C1336F64,2026-01-10T13:02:01.791552,1871.29,USD,"Henderson, Bond and Wilson",Travel,0,
TX-292A67CBC784,CUST-C1336F64,2026-01-14T23:02:01.791552,1617.37,USD,"Cabrera, Garcia and Hernandez",Travel,0,
TX-F4DEB4BB9CB6,CUST-C1336F64,2026-01-15T15:02:01.791552,634.85,USD,Flores and Sons,Retail,0,
TX-C6F92E598082,CUST-C1336F64,2026-01-18T08:02:01.791552,24.47,USD,Gamble PLC,Food,0,
TX-529F432E0BC9,CUST-C1336F64,2026-01-20T07:02:01.791552,429.36,USD,"Bonilla, Hernandez and Liu",Utilities,0,
TX-8943D5238FC3,CUST-C1336F64,2026-01-23T02:02:01.791552,1598.96,USD,Reilly and Sons,Retail,0,
TX-3F28AF04BE11,CUST-C1336F64,2026-01-26T18:02:01.791552,69.62,USD,Cobb LLC,Utilities,0,
TX-AE07DEB22F76,CUST-C1336F64,2026-01-28T13:02:01.791552,1654.05,USD,Caldwell Group,Utilities,0,
TX-E8A9527196C6,CUST-C1336F64,2026-02-02T07:02:01.791552,1171.34,USD,Garcia Ltd,Utilities,0,
TX-AA6553516025,CUST-6EF4B051,2025-11-16T09:02:01.791552,1053.43,USD,Henderson-Herrera,Travel,0,
TX-9FBF2415A4B7,CUST-6EF4B051,2025-11-18T06:02:01.791552,1408.69,USD,Montoya Group,Utilities,0,
TX-22C338E71529,CUST-6EF4B051,2025-11-18T19:02:01.791552,1500.95,USD,Price-Carey,Travel,0,
TX-A2E9B5CEDE9C,CUST-6EF4B051,2025-11-19T19:02:01.791552,1885.29,USD,"Thomas, Proctor and Baker",Food,0,
TX-F8205479FC5E,CUST-6EF4B051,2025-11-23T08:02:01.791552,1051.36,USD,Hayes-Walton,Travel,0,
TX-FB0051BB4C83,CUST-6EF4B051,2025-11-24T02:02:01.791552,54.77,USD,Parks and Sons,Retail,0,
TX-113D5DCD9845,CUST-6EF4B051,2025-11-26T21:02:01.791552,373.71,USD,Nelson Ltd,Food,0,
TX-BD850795843D,CUST-6EF4B051,2025-11-29T06:02:01.791552,1458.44,USD,"Hunter, Leach and Boyd",Travel,0,
TX-468D2760E997,CUST-6EF4B051,2025-11-30T13:02:01.791552,1804.34,USD,Lee-Howard,Travel,0,
TX-3A292330F5B2,CUST-6EF4B051,2025-12-01T20:02:01.791552,450.09,USD,"Thompson, Johnson and Thompson",Retail,0,
TX-CCD4CD4038E5,CUST-6EF4B051,2025-12-04T13:02:01.791552,295.15,USD,"Hale, Walker and Moore",Retail,0,
TX-D917EC043E5B,CUST-6EF4B051,2025-12-09T01:02:01.791552,1228.56,USD,Gonzales LLC,Travel,0,
TX-3530A1E09E4A,CUST-6EF4B051,2025-12-09T03:02:01.791552,465.67,USD,"Tanner, Burnett and Warren",Retail,0,
TX-DA6C4EECDA1B,CUST-6EF4B051,2025-12-12T11:02:01.791552,645.07,USD,"Thompson, Zimmerman and Hernandez",Utilities,0,
TX-5C82C13D2CA5,CUST-6EF4B051,2025-12-17T08:02:01.791552,1575.18,USD,Stewart Ltd,Travel,0,
TX-03502F55E782,CUST-6EF4B051,2025-12-20T21:02:01.791552,228.89,USD,Murphy Group,Utilities,0,
TX-D9A3E49305B0,CUST-6EF4B051,2025-12-22T16:02:01.791552,248.05,USD,"Price, Smith and Murphy",Food,0,
TX-904285355BAF,CUST-6EF4B051,2025-12-24T05:02:01.791552,1263.05,USD,Moore-Robinson,Utilities,0,
TX-4A479E6BBB19,CUST-6EF4B051,2025-12-24T11:02:01.791552,301.24,USD,Brandt Inc,Retail,0,
TX-6260AF70EAF0,CUST-6EF4B051,2025-12-24T12:02:01.791552,1972.45,USD,Norman Group,Utilities,0,
TX-332B64E11F55,CUST-6EF4B051,2025-12-25T13:02:01.791552,525.0,USD,Fischer-Roberts,Travel,0,
TX-9DBC697CCD50,CUST-6EF4B051,2025-12-27T20:02:01.791552,281.41,USD,"Hernandez, Brady and Young",Retail,0,
TX-6603AB560642,CUST-6EF4B051,2026-01-01T20:02:01.791552,1836.24,USD,Smith-Rose,Utilities,0,
TX-FA9C10C2460D,CUST-6EF4B051,2026-01-02T16:02:01.791552,777.32,USD,"Kim, Conner and Brown",Food,0,
TX-4BF32793E9E5,CUST-6EF4B051,2026-01-03T16:02:01.791552,1508.94,USD,"Juarez, Keith and Smith",Food,0,
TX-DA393E236EDF,CUST-6EF4B051,2026-01-05T13:02:01.791552,824.66,USD,Shaffer-Oneal,Utilities,0,
TX-73ECE60268E5,CUST-6EF4B051,2026-01-09T11:02:01.791552,1294.56,USD,Jackson-Estes,Retail,0,
TX-49D02340AAE4,CUST-6EF4B051,2026-01-14T05:02:01.791552,730.55,USD,"Tanner, Marshall and Johnson",Travel,0,
TX-62C19A6E6F4B,CUST-6EF4B051,2026-01-16T06:02:01.791552,20.44,USD,"Summers, Weaver and Martin",Retail,0,
TX-C8913609BD6B,CUST-6EF4B051,2026-01-18T07:02:01.791552,1749.43,USD,Cherry Ltd,Retail,0,
TX-FF31919ECAAC,CUST-6EF4B051,2026-01-22T05:02:01.791552,1920.58,USD,Morgan-Mcneil,Travel,0,
TX-1A50832F6FAA,CUST-6EF4B051,2026-01-24T05:02:01.791552,240.48,USD,"Young, Rubio and Love",Food,0,
TX-4FEF8BDFAD3E,CUST-6EF4B051,2026-01-27T16:02:01.791552,752.67,USD,Hunt PLC,Travel,0,
TX-67F5F492FEBE,CUST-6EF4B051,2026-01-31T03:02:01.791552,1931.44,USD,Hill LLC,Retail,0,
TX-DA82E6E84086,CUST-6EF4B051,2026-02-04T17:02:01.791552,1952.59,USD,Hernandez-Reed,Retail,0,
TX-E484409066F9,CUST-6EF4B051,2026-02-08T05:02:01.791552,1706.38,USD,"Lewis, Robinson and Allen",Food,0,
TX-74D375374051,CUST-6EF4B051,2026-02-09T05:02:01.791552,998.64,USD,Reeves Ltd,Travel,0,
TX-134598D5B5E3,CUST-6EF4B051,2026-02-10T15:02:01.791552,573.96,USD,"Mays, Sawyer and Duncan",Food,0,
TX-C50B6FF931DA,CUST-B2064CA2,2025-11-15T09:02:01.791552,1824.41,USD,Roth Ltd,Utilities,0,
TX-5AEAFBC069F3,CUST-B2064CA2,2025-11-17T16:02:01.791552,811.42,USD,Anderson-Ferguson,Retail,0,
TX-80E2D06FD387,CUST-B2064CA2,2025-11-18T02:02:01.791552,1643.05,USD,"Hughes, Hill and Walsh",Travel,0,
TX-560C1CDABD8E,CUST-B2064CA2,2025-11-20T13:02:01.791552,1780.1,USD,Knox-Smith,Utilities,0,
TX-452DCDCAB941,CUST-B2064CA2,2025-11-23T09:02:01.791552,1242.15,USD,Williams-Miller,Travel,0,
TX-364475837990,CUST-B2064CA2,2025-11-26T05:02:01.791552,1903.04,USD,"Rivera, Roth and Lutz",Retail,0,
TX-597ADAC5AFC6,CUST-B2064CA2,2025-11-28T11:02:01.791552,623.33,USD,"Burns, Burnett and Ayala",Utilities,0,
TX-AF7E505FC64B,CUST-B2064CA2,2025-12-02T08:02:01.791552,1124.44,USD,"Duncan, Ball and Tran",Food,0,
TX-A0E088D4469E,CUST-B2064CA2,2025-12-05T13:02:01.791552,151.34,USD,Smith Ltd,Travel,0,
TX-1A487DE305C3,CUST-B2064CA2,2025-12-10T03:02:01.791552,1327.83,USD,Mcguire Ltd,Travel,0,
TX-2D147A86DE4A,CUST-B2064CA2,2025-12-13T23:02:01.791552,735.28,USD,"Anderson, Wood and Escobar",Travel,0,
TX-C9C6E28AECA4,CUST-B2064CA2,2025-12-14T17:02:01.791552,1515.32,USD,"Ellis, Chan and Nichols",Retail,0,
TX-7E70F0A4FC29,CUST-B2064CA2,2025-12-19T16:02:01.791552,672.26,USD,"Pearson, Gonzalez and Townsend",Food,0,
TX-4860DB49205D,CUST-B2064CA2,2025-12-22T12:02:01.791552,1698.34,USD,Mcdaniel-Allen,Travel,0,
TX-F0DCF582C1DB,CUST-B2064CA2,2025-12-25T12:02:01.791552,984.88,USD,"Arnold, Gates and Vasquez",Travel,0,
TX-237DA72D7D2E,CUST-B2064CA2,2025-12-28T06:02:01.791552,306.03,USD,"Cobb, Figueroa and Wood",Retail,0,
TX-B8F3DFC1DA46,CUST-B2064CA2,2025-12-30T02:02:01.791552,1927.6,USD,Roach Group,Utilities,0,
TX-8F0F5CE54A9A,CUST-B2064CA2,2026-01-01T12:02:01.791552,1955.78,USD,Carpenter PLC,Utilities,0,
TX-282BEE90AACB,CUST-B2064CA2,2026-01-02T23:02:01.791552,134.58,USD,"Day, Chapman and Cox",Retail,0,
TX-3168CA34EA60,CUST-B2064CA2,2026-01-03T06:02:01.791552,1330.64,USD,"Flores, Deleon and Gardner",Utilities,0,
TX-5F98DC5351FA,CUST-B2064CA2,2026-01-06T07:02:01.791552,387.04,USD,Russell LLC,Retail,0,
TX-CBA4A6121EE4,CUST-B2064CA2,2026-01-07T09:02:01.791552,1195.09,USD,"Bell, Black and Hampton",Food,0,
TX-353A3D362E27,CUST-B2064CA2,2026-01-11T20:02:01.791552,1842.18,USD,Miller LLC,Food,0,
TX-BAA243F27823,CUST-B2064CA2,2026-01-12T02:02:01.791552,1840.36,USD,Cox-Gilbert,Travel,0,
TX-F5AB1641641A,CUST-B2064CA2,2026-01-13T22:02:01.791552,101.26,USD,Ruiz-Walter,Travel,0,
TX-AE9E4518C544,CUST-B2064CA2,2026-01-17T22:02:01.791552,186.84,USD,"Walker, Harrington and King",Food,0,
TX-A38821AA947C,CUST-B2064CA2,2026-01-18T23:02:01.791552,716.16,USD,Gentry-Miller,Retail,0,
TX-163FF4EA359D,CUST-B2064CA2,2026-01-20T12:02:01.791552,1833.15,USD,Guerra-Tate,Retail,0,
TX-D4AA52A9DC79,CUST-B2064CA2,2026-01-23T03:02:01.791552,1771.34,USD,Lane Ltd,Retail,0,
TX-B44F62C2B335,CUST-B2064CA2,2026-01-26T22:02:01.791552,1118.13,USD,"Ward, Montgomery and Brown",Travel,0,
TX-3989FBDE43E5,CUST-B2064CA2,2026-01-31T08:02:01.791552,182.4,USD,Cox Inc,Food,0,
TX-E274AF69DC27,CUST-B2064CA2,2026-02-04T21:02:01.791552,1926.94,USD,Watson PLC,Utilities,0,
TX-321F4E514AB9,CUST-B2064CA2,2026-02-06T19:02:01.791552,1953.68,USD,"Davis, Rich and Lutz",Retail,0,
TX-AB2D69C61985,CUST-B2064CA2,2026-02-06T23:02:01.791552,1167.94,USD,"Davis, Thomas and Jenkins",Food,0,
TX-6778FA911AC8,CUST-B2064CA2,2026-02-08T12:02:01.791552,1809.83,USD,"Taylor, Carter and Moore",Travel,0,
TX-2FB5CB4C0A91,CUST-89E4C731,2025-11-20T02:01:01.791552,9050.49,USD,"Martinez, Dillon and Richardson",Fraudulent,1,Structuring
TX-6AAE9A6E65ED,CUST-89E4C731,2025-11-20T02:26:01.791552,9166.24,USD,"Hill, Walker and Wilson",Fraudulent,1,Structuring
TX-C43E08FB874F,CUST-89E4C731,2025-11-20T03:04:01.791552,9767.96,USD,Gordon Ltd,Fraudulent,1,Structuring
TX-9E7882F7FC9C,CUST-89E4C731,2025-11-20T04:00:01.791552,9835.01,USD,"Patel, Garcia and Morales",Fraudulent,1,Structuring
TX-B710BB78960F,CUST-89E4C731,2025-11-20T04:29:01.791552,9716.2,USD,Mcbride-Jackson,Fraudulent,1,Structuring
TX-A090ACBA9048,CUST-89E4C731,2025-11-20T05:06:01.791552,9616.24,USD,Gomez and Sons,Fraudulent,1,Structuring
TX-4CD01C504233,CUST-89E4C731,2025-11-20T05:24:01.791552,9130.25,USD,"Zimmerman, Jenkins and Hood",Fraudulent,1,Structuring
TX-09C846B8010E,CUST-89E4C731,2025-11-20T05:53:01.791552,9185.29,USD,"Stokes, Cole and Green",Fraudulent,1,Structuring
TX-126AB9E4380D,CUST-89E4C731,2025-11-20T06:49:01.791552,9752.97,USD,Hernandez Group,Fraudulent,1,Structuring
TX-DE4D36F0F0C1,CUST-C960EDB2,2025-11-14T21:02:01.791552,643.33,USD,Edwards Group,Travel,0,
TX-5AEE38FEA6AD,CUST-C960EDB2,2025-11-15T12:02:01.791552,700.0,USD,Porter LLC,Food,0,
TX-44E6D389A3AD,CUST-C960EDB2,2025-11-16T13:02:01.791552,1246.52,USD,Shaw and Sons,Travel,0,
TX-1EF6EE67C5C1,CUST-C960EDB2,2025-11-18T13:02:01.791552,318.49,USD,Klein-Green,Travel,0,
TX-F6C38333A184,CUST-C960EDB2,2025-11-22T06:02:01.791552,501.63,USD,"Johnson, Long and Donovan",Travel,0,
TX-9D23EB552D2D,CUST-C960EDB2,2025-11-23T01:02:01.791552,1806.09,USD,Bell-Henderson,Travel,0,
TX-23577EAF93F9,CUST-C960EDB2,2025-11-24T00:02:01.791552,777.21,USD,Harris-Mitchell,Food,0,
TX-9844019C9B40,CUST-C960EDB2,2025-11-25T17:02:01.791552,271.82,USD,Kaufman LLC,Travel,0,
TX-EA3174C52F21,CUST-C960EDB2,2025-11-29T11:02:01.791552,1074.33,USD,"Anderson, Hanson and Shaffer",Utilities,0,
TX-67819AA673E3,CUST-C960EDB2,2025-11-29T19:02:01.791552,238.79,USD,"Perez, Wolfe and Arnold",Travel,0,
TX-06BA7AD725DD,CUST-C960EDB2,2025-11-30T02:02:01.791552,1039.52,USD,Pierce Group,Travel,0,
TX-9DC7D3E6BB08,CUST-C960EDB2,2025-11-30T16:02:01.791552,1496.26,USD,Estrada-Mora,Utilities,0,
TX-7055F2316186,CUST-C960EDB2,2025-12-03T01:02:01.791552,338.07,USD,Evans-Hodges,Food,0,
TX-F3F3EC956FBB,CUST-C960EDB2,2025-12-04T17:02:01.791552,641.43,USD,Ballard Inc,Food,0,
TX-6F1B86300B47,CUST-C960EDB2,2025-12-07T04:02:01.791552,1625.91,USD,Morris Group,Food,0,
TX-76327468CC3A,CUST-C960EDB2,2025-12-09T23:02:01.791552,96.14,USD,Ortega LLC,Food,0,
TX-5FC1B90F5FED,CUST-C960EDB2,2025-12-10T15:02:01.791552,1107.75,USD,"Alexander, Ibarra and Clark",Travel,0,
TX-F6C63098794F,CUST-705A779D,2025-11-16T11:02:01.791552,411.31,USD,"Collins, Green and Bradley",Retail,0,
TX-103B74998B2A,CUST-705A779D,2025-11-17T03:02:01.791552,860.76,USD,"Sanders, Conway and Jimenez",Retail,0,
TX-F8E2E19020B4,CUST-705A779D,2025-11-17T11:02:01.791552,998.23,USD,Tate-Crane,Travel,0,
TX-FB8BF24BF83E,CUST-705A779D,2025-11-21T07:02:01.791552,903.91,USD,Tucker and Sons,Retail,0,
TX-3F8A61EE3EDD,CUST-705A779D,2025-11-22T13:02:01.791552,517.29,USD,Griffin-Mcdaniel,Food,0,
TX-15ACC1592AFF,CUST-705A779D,2025-11-24T08:02:01.791552,1245.59,USD,"Choi, Garza and Bowman",Food,0,
TX-089CE1943834,CUST-705A779D,2025-11-29T00:02:01.791552,1610.71,USD,Hogan Group,Food,0,
TX-3E537266D589,CUST-705A779D,2025-12-02T01:02:01.791552,92.12,USD,"Stevens, Castillo and Barker",Travel,0,
TX-1EC432D99BD0,CUST-705A779D,2025-12-04T18:02:01.791552,903.37,USD,"Johnson, Rodriguez and Garcia",Travel,0,
TX-1E82D83C94B1,CUST-705A779D,2025-12-06T07:02:01.791552,1940.08,USD,"Chen, Jones and George",Retail,0,
TX-D29921024254,CUST-705A779D,2025-12-09T10:02:01.791552,715.08,USD,Murphy-White,Utilities,0,
TX-40872233011F,CUST-705A779D,2025-12-12T00:02:01.791552,841.92,USD,"Fernandez, Torres and Bell",Food,0,
TX-8F69638BC5E4,CUST-705A779D,2025-12-13T06:02:01.791552,801.17,USD,"Patel, Lee and Wood",Food,0,
TX-B42B9E6E016B,CUST-705A779D,2025-12-14T02:02:01.791552,1734.08,USD,Williams-Diaz,Food,0,
TX-8AD74E4DA2E5,CUST-3D88F7E9,2025-11-18T08:02:01.791552,556.56,USD,Douglas Inc,Utilities,0,
TX-771FCC9F3383,CUST-3D88F7E9,2025-11-23T08:02:01.791552,1858.73,USD,"Soto, Caldwell and Smith",Food,0,
TX-7CDEA3800219,CUST-3D88F7E9,2025-11-26T02:02:01.791552,839.05,USD,"Perkins, Green and Alexander",Travel,0,
TX-98C4D5AC3EEC,CUST-3D88F7E9,2025-11-27T12:02:01.791552,1192.82,USD,"Olsen, Olsen and Short",Retail,0,
TX-63C7A34E1003,CUST-3D88F7E9,2025-11-28T11:02:01.791552,878.24,USD,Farmer Inc,Food,0,
TX-C2996118F063,CUST-3D88F7E9,2025-11-28T13:02:01.791552,1539.97,USD,Cortez-Garner,Food,0,
TX-827457844EDD,CUST-3D88F7E9,2025-11-30T16:02:01.791552,962.48,USD,Klein Ltd,Retail,0,
TX-A4E789764F30,CUST-3D88F7E9,2025-11-30T20:02:01.791552,1401.36,USD,"Browning, Pierce and Powell",Food,0,
TX-776B9AE1180E,CUST-3D88F7E9,2025-12-05T18:02:01.791552,1957.85,USD,"Richardson, Robertson and Malone",Utilities,0,
TX-2A02A06D248D,CUST-3D88F7E9,2025-12-09T05:02:01.791552,1012.05,USD,"Bender, Anderson and Brown",Food,0,
TX-A3B4CD2FE032,CUST-3D88F7E9,2025-12-11T10:02:01.791552,651.36,USD,Johnson Inc,Retail,0,
TX-520D372B1516,CUST-EB1D0EEE,2025-11-14T12:02:01.791552,1746.93,USD,Williams-Rivera,Retail,0,
TX-260A05EFDF25,CUST-EB1D0EEE,2025-11-18T16:02:01.791552,734.29,USD,Coleman and Sons,Utilities,0,
TX-FF8DCE41F60F,CUST-EB1D0EEE,2025-11-19T17:02:01.791552,822.41,USD,"Larsen, Perez and Reeves",Food,0,
TX-235753CDDF96,CUST-EB1D0EEE,2025-11-24T04:02:01.791552,865.72,USD,"Welch, Jackson and Ortega",Travel,0,
TX-5FE842B153B2,CUST-EB1D0EEE,2025-11-29T01:02:01.791552,1279.42,USD,"Kelly, Davies and Hawkins",Utilities,0,
TX-AD0A12BA5709,CUST-EB1D0EEE,2025-12-02T09:02:01.791552,1838.33,USD,Wilson PLC,Retail,0,
TX-2CDE9E0151DE,CUST-EB1D0EEE,2025-12-06T15:02:01.791552,148.7,USD,Taylor Ltd,Retail,0,
TX-773AC1E1CFC8,CUST-EB1D0EEE,2025-12-09T14:02:01.791552,1482.2,USD,"Chaney, Huber and Alvarado",Utilities,0,
TX-8C7FD01AA31E,CUST-EB1D0EEE,2025-12-14T11:02:01.791552,985.63,USD,Lopez PLC,Retail,0,
TX-3E2C81977529,CUST-EB1D0EEE,2025-12-18T21:02:01.791552,449.29,USD,Lane PLC,Utilities,0,
TX-1E6F9F980DAC,CUST-EB1D0EEE,2025-12-20T20:02:01.791552,186.3,USD,Dennis-Weber,Utilities,0,
TX-E549F4DD226D,CUST-EB1D0EEE,2025-12-21T22:02:01.791552,1246.1,USD,Roberson-Hernandez,Food,0,
TX-9F80EDAB1972,CUST-EB1D0EEE,2025-12-23T18:02:01.791552,1797.93,USD,"Martinez, Campbell and Wang",Utilities,0,
TX-0B9B1A94DAD9,CUST-EB1D0EEE,2025-12-28T01:02:01.791552,520.76,USD,Barrett Ltd,Retail,0,
TX-1B4D6972B2F0,CUST-EB1D0EEE,2026-01-02T01:02:01.791552,191.2,USD,Smith-Porter,Retail,0,
TX-2724475037E9,CUST-EB1D0EEE,2026-01-06T21:02:01.791552,313.39,USD,Dickerson-Martin,Travel,0,
TX-59237B7FA1B0,CUST-EB1D0EEE,2026-01-11T12:02:01.791552,1006.35,USD,Miller-Pineda,Retail,0,
TX-A06A55BF06A9,CUST-EB1D0EEE,2026-01-14T11:02:01.791552,1804.88,USD,Aguirre Ltd,Food,0,
TX-C2FD5580A6F2,CUST-EB1D0EEE,2026-01-19T01:02:01.791552,444.34,USD,King-Lewis,Food,0,
TX-CD8CB0919058,CUST-EB1D0EEE,2026-01-21T15:02:01.791552,154.16,USD,Morales Inc,Food,0,
TX-51D408B2D5CE,CUST-EB1D0EEE,2026-01-24T18:02:01.791552,1024.76,USD,Erickson-Martinez,Retail,0,
TX-F870513D17DF,CUST-EB1D0EEE,2026-01-29T11:02:01.791552,164.37,USD,Soto-Hernandez,Travel,0,
TX-B3292DC8AE45,CUST-CFE418FA,2025-11-17T22:02:01.791552,621.7,USD,Brown Group,Retail,0,
TX-65D981473DDC,CUST-CFE418FA,2025-11-22T07:02:01.791552,535.16,USD,"Murray, Chambers and Bradshaw",Food,0,
TX-390FF4ED5974,CUST-CFE418FA,2025-11-25T21:02:01.791552,809.63,USD,Velasquez-Hudson,Utilities,0,
TX-DBCE2D17AB81,CUST-CFE418FA,2025-11-29T07:02:01.791552,1644.52,USD,Brown and Sons,Food,0,
TX-F057341ACF0F,CUST-CFE418FA,2025-12-02T08:02:01.791552,1597.07,USD,Carr-Hawkins,Utilities,0,
TX-3857D0097D67,CUST-CFE418FA,2025-12-04T14:02:01.791552,1744.06,USD,"Meyer, Ellison and Bowman",Retail,0,
TX-E2003B37ACF5,CUST-CFE418FA,2025-12-04T20:02:01.791552,1709.02,USD,Holt-Bradshaw,Utilities,0,
TX-9DC373E752C9,CUST-CFE418FA,2025-12-08T17:02:01.791552,1136.45,USD,Hampton LLC,Food,0,
TX-BBEAFC4A338A,CUST-CFE418FA,2025-12-09T20:02:01.791552,1608.16,USD,Goodwin-Patel,Utilities,0,
TX-336AD5B3B538,CUST-CFE418FA,2025-12-11T12:02:01.791552,186.33,USD,Grimes-Castillo,Retail,0,
TX-B9552E3D946D,CUST-CFE418FA,2025-12-14T21:02:01.791552,1552.25,USD,"Graham, West and Hardy",Utilities,0,
TX-78ED46C5040A,CUST-CFE418FA,2025-12-19T02:02:01.791552,985.04,USD,"Schmidt, Lucas and Gonzalez",Travel,0,
TX-52B0E93187D3,CUST-CFE418FA,2025-12-20T17:02:01.791552,1544.42,USD,Baxter LLC,Travel,0,
TX-DDACB23FD215,CUST-CFE418FA,2025-12-22T15:02:01.791552,1262.56,USD,"Cooper, Johnson and Snyder",Utilities,0,
TX-556A1816D456,CUST-CFE418FA,2025-12-25T06:02:01.791552,1098.05,USD,Perry and Sons,Food,0,
TX-D26D5D09CF18,CUST-CFE418FA,2025-12-25T08:02:01.791552,711.3,USD,Smith-Schaefer,Retail,0,
TX-DD0523279603,CUST-CFE418FA,2025-12-27T22:02:01.791552,1800.18,USD,"Benjamin, Johnston and Johnson",Utilities,0,
TX-B5FE9AC4730E,CUST-CFE418FA,2025-12-29T08:02:01.791552,1096.73,USD,"Moreno, Mejia and Wilson",Food,0,
TX-67D321E8048B,CUST-CFE418FA,2025-12-29T13:02:01.791552,432.32,USD,May LLC,Travel,0,
TX-DF893C7403CF,CUST-CFE418FA,2025-12-29T22:02:01.791552,1169.58,USD,"Dawson, Morales and Brooks",Travel,0,
TX-FA438B213851,CUST-CFE418FA,2025-12-30T21:02:01.791552,649.74,USD,Martin-Haney,Food,0,
TX-485BCD22A5ED,CUST-CFE418FA,2026-01-01T07:02:01.791552,1142.86,USD,Hall Inc,Travel,0,
TX-2BA9FE8FB355,CUST-CFE418FA,2026-01-03T17:02:01.791552,29.8,USD,"Ochoa, Carroll and Lee",Food,0,
TX-DD51CA99931E,CUST-CFE418FA,2026-01-04T15:02:01.791552,492.49,USD,Fischer-Walters,Retail,0,
TX-63455F26A076,CUST-CFE418FA,2026-01-09T06:02:01.791552,529.45,USD,Rodriguez-Brooks,Utilities,0,
TX-165EE5A6C68C,CUST-CFE418FA,2026-01-11T06:02:01.791552,1832.25,USD,"Walker, Williams and Morris",Utilities,0,
TX-075CF5C3ABC2,CUST-CFE418FA,2026-01-13T12:02:01.791552,1960.76,USD,Roth-Peterson,Utilities,0,
TX-E6979EF8EEAB,CUST-CFE418FA,2026-01-16T00:02:01.791552,1252.64,USD,"Adams, Martinez and Brown",Food,0,
TX-48F748732E99,CUST-CFE418FA,2026-01-18T06:02:01.791552,1294.75,USD,"Davis, Thompson and Schneider",Utilities,0,
TX-59F04E614C2A,CUST-CFE418FA,2026-01-20T10:02:01.791552,391.52,USD,"Kirk, Castillo and Bowers",Travel,0,
TX-C40AA3D916F8,CUST-B4EE4449,2025-11-15T03:02:01.791552,1114.15,USD,"Shah, Savage and Patterson",Utilities,0,
TX-F7C3DC4C5187,CUST-B4EE4449,2025-11-17T19:02:01.791552,657.06,USD,Morales-Brewer,Food,0,
TX-1A6F8302CFC5,CUST-B4EE4449,2025-11-21T08:02:01.791552,400.69,USD,Bond Inc,Retail,0,
TX-88477F73EC04,CUST-B4EE4449,2025-11-24T21:02:01.791552,482.7,USD,Harris Group,Retail,0,
TX-8B90C51C706D,CUST-B4EE4449,2025-11-29T13:02:01.791552,1514.88,USD,Snyder-Baldwin,Utilities,0,
TX-D5B22A612E16,CUST-B4EE4449,2025-11-30T21:02:01.791552,1744.6,USD,Adkins PLC,Retail,0,
TX-C6BBC7AC9A33,CUST-B4EE4449,2025-12-03T08:02:01.791552,819.72,USD,Miller Ltd,Food,0,
TX-B7B247AB3A91,CUST-B4EE4449,2025-12-05T18:02:01.791552,1450.77,USD,Jones-Weber,Food,0,
TX-77C8A04CA733,CUST-B4EE4449,2025-12-08T07:02:01.791552,1037.63,USD,Chan Group,Food,0,
TX-75079D262A5E,CUST-B4EE4449,2025-12-12T09:02:01.791552,190.9,USD,Carson Inc,Travel,0,
TX-A9B00F8C8290,CUST-B4EE4449,2025-12-16T23:02:01.791552,45.2,USD,Hoover-Park,Food,0,
TX-08BF17F5185A,CUST-B4EE4449,2025-12-20T18:02:01.791552,526.8,USD,Bryant-Contreras,Utilities,0,
TX-5EBF05139F13,CUST-B4EE4449,2025-12-22T20:02:01.791552,1231.77,USD,Chapman PLC,Retail,0,
TX-3F240FE2EEA7,CUST-B4EE4449,2025-12-23T19:02:01.791552,818.62,USD,Clark Group,Travel,0,
TX-3D5E7EADED4A,CUST-B4EE4449,2025-12-27T08:02:01.791552,562.8,USD,"Morton, Lopez and Morgan",Food,0,
TX-B6062FDB0908,CUST-B4EE4449,2025-12-28T05:02:01.791552,854.46,USD,"Mejia, Young and Arnold",Utilities,0,
TX-10EDDD0E5290,CUST-B4EE4449,2025-12-30T16:02:01.791552,1467.57,USD,Bolton PLC,Travel,0,
TX-2F6199F02DB0,CUST-B4EE4449,2026-01-03T18:02:01.791552,1724.94,USD,Price-Haynes,Food,0,
TX-0A2B812E6CF8,CUST-B4EE4449,2026-01-08T03:02:01.791552,1073.39,USD,Hamilton and Sons,Food,0,
TX-40BDA54910A3,CUST-B4EE4449,2026-01-11T10:02:01.791552,1823.12,USD,Ford-Gates,Food,0,
TX-FF4C02458152,CUST-B4EE4449,2026-01-13T00:02:01.791552,1161.78,USD,Clark and Sons,Utilities,0,
TX-1873AC1237E5,CUST-B4EE4449,2026-01-14T16:02:01.791552,1055.2,USD,Shepherd-Thomas,Retail,0,
TX-71AA1D40ADA7,CUST-B4EE4449,2026-01-16T03:02:01.791552,1498.89,USD,Smith and Sons,Utilities,0,
TX-5229DDDA8A10,CUST-B4EE4449,2026-01-17T15:02:01.791552,1989.99,USD,Mccann-Baker,Food,0,
TX-719EAE7809B6,CUST-B4EE4449,2026-01-22T14:02:01.791552,1832.18,USD,"Walters, Hayes and Nelson",Retail,0,
TX-F2A12635C04F,CUST-B4EE4449,2026-01-24T21:02:01.791552,722.32,USD,Brown LLC,Retail,0,
TX-5FD3DC2555B1,CUST-B4EE4449,2026-01-29T00:02:01.791552,408.64,USD,Andrade-Murphy,Utilities,0,
TX-5DEED2CA8619,CUST-B4EE4449,2026-01-31T09:02:01.791552,386.61,USD,Smith and Sons,Utilities,0,
TX-F4A39DDEADE5,CUST-B4EE4449,2026-02-01T20:02:01.791552,1483.95,USD,"Vaughan, Warner and Cooper",Utilities,0,
TX-576F33BC8AD2,CUST-B4EE4449,2026-02-02T04:02:01.791552,202.68,USD,"Newman, Miller and Ball",Retail,0,
TX-92F6138A9015,CUST-B4EE4449,2026-02-03T11:02:01.791552,480.15,USD,Cole PLC,Utilities,0,
TX-DF9AF102CF5A,CUST-7DE67EBC,2025-11-15T19:02:01.791552,194.66,USD,"Beck, Wilson and Higgins",Retail,0,
TX-8195CAFBF6BB,CUST-7DE67EBC,2025-11-18T07:02:01.791552,1259.46,USD,Morrison LLC,Food,0,
TX-78E8CE871069,CUST-7DE67EBC,2025-11-20T22:02:01.791552,832.25,USD,Davis-Patterson,Utilities,0,
TX-1CD5CD6E6F64,CUST-7DE67EBC,2025-11-21T15:02:01.791552,1961.4,USD,"Herman, Wallace and Patrick",Food,0,
TX-D5A38D106E68,CUST-7DE67EBC,2025-11-25T07:02:01.791552,226.76,USD,Calderon and Sons,Travel,0,
TX-57F416381FC5,CUST-7DE67EBC,2025-11-26T03:02:01.791552,240.73,USD,Flores Inc,Retail,0,
TX-679C2F7EB6E2,CUST-7DE67EBC,2025-11-26T13:02:01.791552,1128.72,USD,Bush Group,Utilities,0,
TX-32B8D5579A74,CUST-7DE67EBC,2025-12-01T08:02:01.791552,1573.2,USD,Griffin-Richardson,Travel,0,
TX-D5DDC12F5B98,CUST-7DE67EBC,2025-12-01T17:02:01.791552,1628.32,USD,"Powers, Johnson and Ortega",Food,0,
TX-DFE3C2BF84E2,CUST-7DE67EBC,2025-12-03T18:02:01.791552,1576.97,USD,Hull PLC,Retail,0,
TX-F15BDA2C01D7,CUST-7DE67EBC,2025-12-05T14:02:01.791552,978.77,USD,Jones-Carlson,Food,0,
TX-E878E9A39ED3,CUST-7DE67EBC,2025-12-06T23:02:01.791552,1433.72,USD,"Hampton, Moss and Elliott",Food,0,
TX-E0CC1B98F92A,CUST-7DE67EBC,2025-12-08T06:02:01.791552,1549.72,USD,Klein-Simon,Retail,0,
TX-146146AD0B6E,CUST-7DE67EBC,2025-12-09T21:02:01.791552,1956.09,USD,Martinez-Roberts,Utilities,0,
TX-34F201E90EDF,CUST-7DE67EBC,2025-12-14T03:02:01.791552,1312.77,USD,Ramos-Cobb,Utilities,0,
TX-5E51267A7F91,CUST-7DE67EBC,2025-12-18T17:02:01.791552,993.48,USD,"Collins, Hayes and Sosa",Utilities,0,
TX-2BC93E407410,CUST-7DE67EBC,2025-12-21T10:02:01.791552,334.11,USD,Douglas-Larson,Travel,0,
TX-F5054274AC49,CUST-7DE67EBC,2025-12-22T19:02:01.791552,166.8,USD,Lopez-Baxter,Utilities,0,
TX-F2B1040742B5,CUST-7DE67EBC,2025-12-23T05:02:01.791552,155.33,USD,"Robles, Duran and May",Utilities,0,
TX-03A650EFDE09,CUST-7DE67EBC,2025-12-26T08:02:01.791552,187.11,USD,"Reid, Owens and Carter",Food,0,
TX-9F7D453B7682,CUST-7DE67EBC,2025-12-30T03:02:01.791552,943.09,USD,Lewis PLC,Food,0,
TX-A44FE4C128FE,CUST-7DE67EBC,2026-01-01T16:02:01.791552,159.43,USD,"Chen, Smith and Meyers",Travel,0,
TX-FBFDACF5B4F2,CUST-7DE67EBC,2026-01-03T21:02:01.791552,1449.02,USD,Wood Inc,Food,0,
TX-91D2F75F3543,CUST-7DE67EBC,2026-01-07T20:02:01.791552,473.99,USD,Gonzalez PLC,Retail,0,
TX-8A9A0D42E3D0,CUST-7DE67EBC,2026-01-12T03:02:01.791552,698.12,USD,"Gilbert, Freeman and Owens",Travel,0,
TX-5BC6D969C8F1,CUST-EA72C855,2025-11-15T08:02:01.791552,180.94,USD,Roberts Inc,Retail,0,
TX-9AFB579DF552,CUST-EA72C855,2025-11-16T05:02:01.791552,877.5,USD,White and Sons,Utilities,0,
TX-DBA1CE40F3ED,CUST-EA72C855,2025-11-19T17:02:01.791552,567.01,USD,Wolfe PLC,Retail,0,
TX-CF4B3B6BD8C5,CUST-EA72C855,2025-11-24T11:02:01.791552,189.53,USD,Colon-Franco,Utilities,0,
TX-45993C338873,CUST-EA72C855,2025-11-25T04:02:01.791552,1298.65,USD,Solomon Inc,Utilities,0,
TX-76EAE69ACD51,CUST-EA72C855,2025-11-26T16:02:01.791552,1940.3,USD,"Roth, Cameron and Hughes",Retail,0,
TX-2ED4A0647E7A,CUST-EA72C855,2025-11-28T01:02:01.791552,449.72,USD,Thompson PLC,Food,0,
TX-46B24B27A355,CUST-EA72C855,2025-11-30T12:02:01.791552,498.41,USD,Moore LLC,Food,0,
TX-25B9688F57ED,CUST-EA72C855,2025-12-04T19:02:01.791552,1091.64,USD,"Carter, Wilson and Oneill",Retail,0,
TX-9FCC508238C4,CUST-EA72C855,2025-12-08T14:02:01.791552,1063.49,USD,"Torres, Franklin and French",Food,0,
TX-B30FA20C4A87,CUST-EA72C855,2025-12-09T19:02:01.791552,1842.22,USD,Hayden LLC,Travel,0,
TX-0086367ECCCF,CUST-EA72C855,2025-12-12T13:02:01.791552,1143.34,USD,Padilla Inc,Travel,0,
TX-FB24CE4FD37D,CUST-EA72C855,2025-12-15T15:02:01.791552,48.13,USD,Mcdaniel-Holmes,Travel,0,
TX-893AAA0BD799,CUST-EA72C855,2025-12-16T03:02:01.791552,1868.4,USD,Jones-Aguilar,Travel,0,
TX-469693CF1AC9,CUST-EA72C855,2025-12-18T23:02:01.791552,1977.51,USD,Ward-Reed,Retail,0,
TX-A43C84B7D7E1,CUST-EA72C855,2025-12-19T20:02:01.791552,1756.65,USD,"Powell, Schwartz and Flores",Food,0,
TX-5F1C09D6DD99,CUST-EA72C855,2025-12-24T02:02:01.791552,1016.51,USD,"Green, Romero and Gilbert",Retail,0,
TX-25B86A94A795,CUST-EA72C855,2025-12-29T00:02:01.791552,1448.04,USD,Blair-Cook,Retail,0,
TX-E2E17D47C7FC,CUST-EA72C855,2025-12-31T21:02:01.791552,1945.84,USD,"Johnston, Jenkins and Ferrell",Food,0,
TX-26BD5BE81899,CUST-EA72C855,2026-01-01T19:02:01.791552,1540.83,USD,Lopez and Sons,Food,0,
TX-4CCAC4C8AF16,CUST-EA72C855,2026-01-06T01:02:01.791552,377.04,USD,Horton LLC,Travel,0,
TX-CC7E0B93F933,CUST-EA72C855,2026-01-10T02:02:01.791552,801.38,USD,Huynh Ltd,Retail,0,
TX-4F835BFF96F8,CUST-EA72C855,2026-01-13T03:02:01.791552,1309.34,USD,Shelton-Freeman,Retail,0,
TX-A0779606AA82,CUST-EA72C855,2026-01-15T06:02:01.791552,1446.54,USD,Khan-Mason,Food,0,
TX-2EBDA3DFF872,CUST-EA72C855,2026-01-19T06:02:01.791552,397.17,USD,"Johnson, Mitchell and Braun",Utilities,0,
TX-249C5ACBC1E8,CUST-EA72C855,2026-01-23T06:02:01.791552,786.0,USD,King Group,Food,0,
TX-2327C9D1FE33,CUST-EA72C855,2026-01-27T18:02:01.791552,144.89,USD,Serrano-Nelson,Travel,0,
TX-1999A3C4B5A8,CUST-EA72C855,2026-01-29T14:02:01.791552,321.72,USD,"Cruz, Bryant and Robinson",Retail,0,
TX-DDB0B6C57E78,CUST-EA72C855,2026-02-02T06:02:01.791552,326.36,USD,Johnson PLC,Retail,0,
TX-3F7E6E138180,CUST-EA72C855,2026-02-04T01:02:01.791552,731.29,USD,"Smith, Brown and Carroll",Food,0,
TX-67B637B150C5,CUST-EA72C855,2026-02-06T20:02:01.791552,1319.61,USD,"Williamson, Petty and Johnson",Food,0,
TX-E5851485BC64,CUST-EA72C855,2026-02-10T04:02:01.791552,1382.32,USD,"Walker, Blanchard and Barton",Utilities,0,
TX-584CCED51A62,CUST-7175E4F7,2025-11-16T05:02:01.791552,841.81,USD,Harrison and Sons,Travel,0,
TX-68CBE122A99B,CUST-7175E4F7,2025-11-19T00:02:01.791552,1204.27,USD,"Anderson, Swanson and Thompson",Travel,0,
TX-BACE10132159,CUST-7175E4F7,2025-11-22T05:02:01.791552,1634.43,USD,Smith-Ray,Travel,0,
TX-F6CFEB41C498,CUST-7175E4F7,2025-11-26T02:02:01.791552,1007.78,USD,Hansen-Kennedy,Travel,0,
TX-AF428C4FA041,CUST-7175E4F7,2025-11-29T03:02:01.791552,1958.69,USD,Richards and Sons,Utilities,0,
TX-82538FB086FF,CUST-7175E4F7,2025-11-29T21:02:01.791552,859.49,USD,"Morse, Soto and Lawrence",Food,0,
TX-93FCD5192221,CUST-7175E4F7,2025-12-03T11:02:01.791552,422.65,USD,Owens Group,Utilities,0,
TX-9D7A559169AD,CUST-7175E4F7,2025-12-04T18:02:01.791552,1905.94,USD,"Torres, Olson and Melton",Utilities,0,
TX-6FBBD71A2D62,CUST-7175E4F7,2025-12-05T15:02:01.791552,1163.58,USD,Lewis Group,Utilities,0,
TX-6F223077D545,CUST-5B47AC50,2025-11-17T16:02:01.791552,225.88,USD,Wilson-Tucker,Food,0,
TX-4BEB236E99BA,CUST-5B47AC50,2025-11-21T14:02:01.791552,1213.61,USD,Fox-Mcmillan,Travel,0,
TX-BFA22EE2BF42,CUST-5B47AC50,2025-11-22T06:02:01.791552,1924.19,USD,Wells Ltd,Utilities,0,
TX-16E293257655,CUST-5B47AC50,2025-11-25T17:02:01.791552,1155.41,USD,Davis LLC,Retail,0,
TX-64EE9D387C9E,CUST-5B47AC50,2025-11-27T10:02:01.791552,15.34,USD,"Garcia, Moran and Jones",Utilities,0,
TX-8715E564A1AC,CUST-5B47AC50,2025-11-29T17:02:01.791552,74.66,USD,Owens LLC,Food,0,
TX-837E7F1DA29D,CUST-5B47AC50,2025-12-04T04:02:01.791552,1049.78,USD,"Scott, Lane and Mitchell",Food,0,
TX-DA59F3ADDB52,CUST-5B47AC50,2025-12-07T21:02:01.791552,1279.48,USD,Hall Ltd,Utilities,0,
TX-C38560D3D9D1,CUST-5B47AC50,2025-12-11T02:02:01.791552,958.42,USD,"Lucas, Maynard and Porter",Food,0,
TX-834CAC560D15,CUST-5B47AC50,2025-12-14T12:02:01.791552,1679.5,USD,Phillips LLC,Retail,0,
TX-1E02241BB510,CUST-5B47AC50,2025-12-16T16:02:01.791552,946.9,USD,"Ayers, Harrison and Patel",Travel,0,
TX-06C42CFFF050,CUST-5B47AC50,2025-12-19T04:02:01.791552,723.08,USD,Heath-Bender,Travel,0,
TX-447D8DFC793B,CUST-5B47AC50,2025-12-20T03:02:01.791552,28.01,USD,Johnson and Sons,Food,0,
TX-40F9441290FF,CUST-5B47AC50,2025-12-22T20:02:01.791552,1145.67,USD,"Martinez, Harper and Woodard",Travel,0,
TX-CB0CF6D3E2C8,CUST-5B47AC50,2025-12-23T00:02:01.791552,505.65,USD,"Case, Parks and Boyd",Food,0,
TX-53840ECEAE31,CUST-5B47AC50,2025-12-25T17:02:01.791552,1532.8,USD,Blackburn-Reed,Food,0,
TX-EC9E93D98B0F,CUST-DFD1B7A2,2025-11-18T14:02:01.791552,851.14,USD,"Ramos, Francis and Hudson",Food,0,
TX-5A4B7D6501E4,CUST-DFD1B7A2,2025-11-20T10:02:01.791552,1255.52,USD,Miller LLC,Travel,0,
TX-CA4F0794BE0F,CUST-DFD1B7A2,2025-11-24T22:02:01.791552,42.01,USD,Mason-Mahoney,Retail,0,
TX-6C5A3FD6B075,CUST-DFD1B7A2,2025-11-26T21:02:01.791552,1936.71,USD,"Mullins, Hall and Williams",Food,0,
TX-615236AA84B3,CUST-DFD1B7A2,2025-11-29T05:02:01.791552,875.31,USD,Wells LLC,Utilities,0,
TX-FAFF4FEF4CE8,CUST-DFD1B7A2,2025-12-01T05:02:01.791552,405.96,USD,Morris-Davis,Retail,0,
TX-C7209D585F34,CUST-DFD1B7A2,2025-12-06T02:02:01.791552,1193.87,USD,"Flores, Romero and Cox",Food,0,
TX-0FEBFCF95305,CUST-DFD1B7A2,2025-12-07T21:02:01.791552,1001.53,USD,Ruiz-Hawkins,Food,0,
TX-BC2E695E1757,CUST-DFD1B7A2,2025-12-09T11:02:01.791552,307.75,USD,Munoz-Francis,Retail,0,
TX-16AA37A58F5E,CUST-DFD1B7A2,2025-12-10T23:02:01.791552,769.71,USD,Horton-White,Retail,0,
TX-C3C2BE438DB4,CUST-DFD1B7A2,2025-12-14T15:02:01.791552,1577.67,USD,Rivas-Mcknight,Travel,0,
TX-F319E74F1750,CUST-DFD1B7A2,2025-12-16T08:02:01.791552,416.03,USD,Hughes and Sons,Utilities,0,
TX-65BA021FCB86,CUST-DFD1B7A2,2025-12-19T08:02:01.791552,420.18,USD,Phillips Group,Food,0,
TX-B8DF773B3378,CUST-DFD1B7A2,2025-12-19T15:02:01.791552,1625.43,USD,"Stevenson, Galloway and Craig",Food,0,
TX-07716D30395E,CUST-DFD1B7A2,2025-12-20T00:02:01.791552,1199.88,USD,"Wilson, Smith and Robinson",Utilities,0,
TX-5EDFE3BD2727,CUST-DFD1B7A2,2025-12-21T14:02:01.791552,1984.35,USD,Hayes Inc,Travel,0,
TX-F1858ED1F3A5,CUST-DFD1B7A2,2025-12-23T13:02:01.791552,432.22,USD,Mason Inc,Retail,0,
TX-F04C222B92C6,CUST-DFD1B7A2,2025-12-26T14:02:01.791552,1638.62,USD,Miles-Hays,Retail,0,
TX-29772B465043,CUST-DFD1B7A2,2025-12-30T10:02:01.791552,1030.13,USD,Larson Group,Retail,0,
TX-5A62188FDCF4,CUST-DFD1B7A2,2025-12-30T17:02:01.791552,1799.12,USD,"Cobb, Espinoza and Meza",Travel,0,
TX-00431BE2EF67,CUST-DFD1B7A2,2026-01-01T12:02:01.791552,924.63,USD,"King, Miller and Deleon",Utilities,0,
TX-9707231225EB,CUST-DFD1B7A2,2026-01-01T17:02:01.791552,812.99,USD,Hoover-Smith,Food,0,
TX-8D047269E9F8,CUST-DFD1B7A2,2026-01-06T14:02:01.791552,92.39,USD,Cox-Thompson,Travel,0,
TX-BD12763BCE5E,CUST-DFD1B7A2,2026-01-08T16:02:01.791552,551.78,USD,"Curry, Nguyen and Alexander",Utilities,0,
TX-A0101F48167B,CUST-DFD1B7A2,2026-01-09T13:02:01.791552,585.5,USD,Gray-Lopez,Retail,0,
TX-F70CCD32697F,CUST-DFD1B7A2,2026-01-13T04:02:01.791552,927.46,USD,Camacho-Luna,Utilities,0,
TX-DE6F6FEA0582,CUST-DFD1B7A2,2026-01-16T18:02:01.791552,960.89,USD,Bell PLC,Retail,0,
TX-7DD32F94154F,CUST-DFD1B7A2,2026-01-18T18:02:01.791552,1606.3,USD,Donaldson Ltd,Retail,0,
TX-55D3C6084A19,CUST-DFD1B7A2,2026-01-20T09:02:01.791552,1939.63,USD,"Wilson, Rhodes and Sutton",Retail,0,
TX-BA36669BE073,CUST-DFD1B7A2,2026-01-21T07:02:01.791552,1395.51,USD,Baker Inc,Travel,0,
TX-E4959480075A,CUST-DFD1B7A2,2026-01-25T10:02:01.791552,1809.26,USD,Taylor PLC,Food,0,
TX-8903D61488EB,CUST-DFD1B7A2,2026-01-25T17:02:01.791552,1495.17,USD,Spence-Rangel,Food,0,
TX-BC4BA31BBD54,CUST-DFD1B7A2,2026-01-29T07:02:01.791552,667.88,USD,Tyler and Sons,Utilities,0,
TX-CE9B5269A4BC,CUST-DFD1B7A2,2026-02-03T04:02:01.791552,851.79,USD,Davis LLC,Food,0,
TX-C7C86206F8CB,CUST-DFD1B7A2,2026-02-05T12:02:01.791552,1482.86,USD,Bass-Mcguire,Travel,0,
TX-AD342C490E3C,CUST-DFD1B7A2,2026-02-07T11:02:01.791552,1958.84,USD,Norris Inc,Travel,0,
TX-E34F9C5A4790,CUST-DFD1B7A2,2026-02-11T07:02:01.791552,217.31,USD,Allen-Edwards,Retail,0,
TX-731C60974B09,CUST-16C7DA05,2025-11-18T09:02:01.791552,364.17,USD,Green Group,Food,0,
TX-3DA59A402533,CUST-16C7DA05,2025-11-22T18:02:01.791552,393.68,USD,"Cunningham, Tyler and Smith",Food,0,
TX-3CDFA95279E6,CUST-16C7DA05,2025-11-24T04:02:01.791552,309.29,USD,White and Sons,Travel,0,
TX-47CF20DBC73E,CUST-16C7DA05,2025-11-28T15:02:01.791552,952.79,USD,"Gill, Davis and Jennings",Utilities,0,
TX-3F00F3762A8D,CUST-16C7DA05,2025-12-02T18:02:01.791552,1211.26,USD,"Fernandez, Diaz and Smith",Travel,0,
TX-CB09378EC3BE,CUST-16C7DA05,2025-12-07T04:02:01.791552,1518.44,USD,"Glover, Ayala and Houston",Retail,0,
TX-26468145A9C9,CUST-16C7DA05,2025-12-07T05:02:01.791552,337.85,USD,"Hardin, Gamble and Yoder",Retail,0,
TX-77EB4DE3EC26,CUST-16C7DA05,2025-12-10T00:02:01.791552,815.82,USD,May LLC,Retail,0,
TX-7098231D43CB,CUST-16C7DA05,2025-12-11T14:02:01.791552,1906.25,USD,Rodriguez and Sons,Food,0,
TX-692DC144C0FD,CUST-16C7DA05,2025-12-15T01:02:01.791552,1812.95,USD,Chapman Inc,Retail,0,
TX-1DD94DAA55CA,CUST-16C7DA05,2025-12-20T01:02:01.791552,513.6,USD,Andrews Inc,Utilities,0,
TX-44AFE3538EDD,CUST-16C7DA05,2025-12-23T21:02:01.791552,261.01,USD,Daugherty-Kane,Retail,0,
TX-99B5D3E05DBD,CUST-16C7DA05,2025-12-26T05:02:01.791552,1593.79,USD,Martinez-Andrews,Travel,0,
TX-9422DC561857,CUST-16C7DA05,2025-12-29T23:02:01.791552,651.36,USD,Williams-Cherry,Utilities,0,
TX-C5E3162140F5,CUST-16C7DA05,2026-01-01T07:02:01.791552,125.5,USD,Smith PLC,Food,0,
TX-3466BAD53781,CUST-16C7DA05,2026-01-06T07:02:01.791552,1358.85,USD,"Joseph, Anderson and Wang",Travel,0,
TX-1C4141D9D313,CUST-16C7DA05,2026-01-07T01:02:01.791552,154.83,USD,Flores Group,Retail,0,
TX-5EE5CFE029E3,CUST-16C7DA05,2026-01-07T05:02:01.791552,971.54,USD,Christensen LLC,Utilities,0,
TX-3CB47D107F64,CUST-16C7DA05,2026-01-12T03:02:01.791552,1465.97,USD,"Brown, Waters and Chapman",Retail,0,
TX-C3DD28DF11D7,CUST-16C7DA05,2026-01-14T10:02:01.791552,1916.13,USD,"Bowen, Becker and Davis",Retail,0,
TX-C1DFA487CD11,CUST-16C7DA05,2026-01-18T07:02:01.791552,205.17,USD,Welch-Phillips,Retail,0,
TX-8E4F7097A32A,CUST-8612545A,2025-11-16T22:02:01.791552,621.93,USD,Robinson Ltd,Retail,0,
TX-11F94E35318E,CUST-8612545A,2025-11-17T04:02:01.791552,732.21,USD,Mejia-Blankenship,Food,0,
TX-468AEFB6315B,CUST-8612545A,2025-11-18T13:02:01.791552,231.32,USD,James-Santos,Retail,0,
TX-1E9A150F1477,CUST-8612545A,2025-11-21T00:02:01.791552,308.31,USD,Robinson-Burton,Travel,0,
TX-3733EE3DB820,CUST-8612545A,2025-11-23T23:02:01.791552,724.53,USD,Snyder Ltd,Utilities,0,
TX-6EDFF2AD0543,CUST-8612545A,2025-11-28T13:02:01.791552,563.77,USD,"Mercer, Harding and Haynes",Retail,0,
TX-E12D550AC74C,CUST-8612545A,2025-12-01T22:02:01.791552,1197.52,USD,"Griffith, Nguyen and Brown",Retail,0,
TX-09C1DA6AB570,CUST-8612545A,2025-12-04T21:02:01.791552,1052.1,USD,"Lawrence, Page and Cohen",Retail,0,
TX-1CBAC5373FE1,CUST-8612545A,2025-12-05T10:02:01.791552,772.79,USD,Clark-Williams,Travel,0,
TX-6A46370A8AFD,CUST-8612545A,2025-12-07T01:02:01.791552,324.71,USD,Rivera Inc,Retail,0,
TX-EFA92D18A940,CUST-8612545A,2025-12-10T05:02:01.791552,23.92,USD,Medina Group,Food,0,
TX-F14AB0FA6744,CUST-8612545A,2025-12-11T23:02:01.791552,1525.34,USD,"Solis, Dean and Ferguson",Food,0,
TX-5163C428EA36,CUST-8612545A,2025-12-14T19:02:01.791552,1502.0,USD,"Wright, Benson and Hartman",Utilities,0,
TX-0A093FDDF7BF,CUST-8612545A,2025-12-17T14:02:01.791552,1986.85,USD,Fowler Inc,Travel,0,
TX-18AB06897079,CUST-8612545A,2025-12-19T14:02:01.791552,1794.82,USD,Sellers-Gallegos,Utilities,0,
TX-59EC1F6401B8,CUST-8612545A,2025-12-23T20:02:01.791552,997.45,USD,Marshall and Sons,Utilities,0,
TX-F709D0D0EDBE,CUST-8612545A,2025-12-26T02:02:01.791552,685.02,USD,Adams-Williams,Food,0,
TX-0FA3DF4F8D09,CUST-8612545A,2025-12-27T03:02:01.791552,1765.46,USD,"Cortez, Gonzalez and Lee",Travel,0,
TX-856D8D740F23,CUST-8612545A,2025-12-30T08:02:01.791552,1698.13,USD,Padilla-Love,Travel,0,
TX-9B93E3E0761F,CUST-8612545A,2026-01-04T00:02:01.791552,899.71,USD,"Hughes, Nelson and Mccarthy",Utilities,0,
TX-F588E7B269D6,CUST-8612545A,2026-01-05T01:02:01.791552,559.41,USD,"Green, Brown and Williams",Utilities,0,
TX-24A4EEAE5301,CUST-8612545A,2026-01-09T23:02:01.791552,857.05,USD,Ayala Inc,Travel,0,
TX-03D3B1AEF72F,CUST-8612545A,2026-01-13T08:02:01.791552,979.83,USD,Powell Inc,Utilities,0,
TX-332FB8D96701,CUST-8612545A,2026-01-18T00:02:01.791552,245.65,USD,Barker Group,Food,0,
TX-61FFF95CF78C,CUST-8612545A,2026-01-19T13:02:01.791552,1966.37,USD,"Mccoy, Wells and Reyes",Retail,0,
TX-C0A8D6735351,CUST-8612545A,2026-01-22T15:02:01.791552,1297.18,USD,Gilbert and Sons,Food,0,
TX-76D94EEF1CED,CUST-8612545A,2026-01-26T16:02:01.791552,1616.75,USD,"Anderson, Walsh and Parker",Retail,0,
TX-952A5CED530D,CUST-8612545A,2026-01-28T05:02:01.791552,1114.63,USD,"Durham, Dunn and Parsons",Utilities,0,
TX-187D4B535974,CUST-8612545A,2026-01-30T20:02:01.791552,1636.17,USD,Salinas-Cooper,Travel,0,
TX-BF34C3299143,CUST-8612545A,2026-02-03T01:02:01.791552,920.78,USD,"Brown, Vazquez and Allen",Travel,0,
TX-21780A77A6D3,CUST-8612545A,2026-02-05T05:02:01.791552,1918.36,USD,Estes LLC,Utilities,0,
TX-B9C081CBE179,CUST-8612545A,2026-02-06T16:02:01.791552,452.75,USD,"Gould, Jenkins and Montes",Travel,0,
TX-2DB5450F95FC,CUST-8612545A,2026-02-08T03:02:01.791552,667.14,USD,Parker-Marquez,Utilities,0,
TX-FF92DE0F8C55,CUST-8612545A,2026-02-08T08:02:01.791552,207.5,USD,"Escobar, Cohen and Gallagher",Travel,0,
TX-9F733A7B2A6E,CUST-8612545A,2026-02-08T16:02:01.791552,1875.8,USD,Mitchell-Brown,Food,0,
TX-1D8F97D81140,CUST-6230BB0F,2025-11-17T13:02:01.791552,252.26,USD,Farmer-Neal,Utilities,0,
TX-823DB0AB421A,CUST-6230BB0F,2025-11-22T06:02:01.791552,1917.4,USD,Davis-Copeland,Utilities,0,
TX-579EC69E3628,CUST-6230BB0F,2025-11-24T20:02:01.791552,1841.38,USD,"Goodwin, Oliver and Brown",Retail,0,
TX-7C7CFCDBE1F0,CUST-6230BB0F,2025-11-29T08:02:01.791552,1712.25,USD,Conner Ltd,Food,0,
TX-14B5F1FD91EE,CUST-6230BB0F,2025-11-30T17:02:01.791552,1448.21,USD,"Medina, Armstrong and Allen",Travel,0,
TX-17CC6A382004,CUST-6230BB0F,2025-12-02T23:02:01.791552,1935.04,USD,Stokes Inc,Food,0,
TX-C843B2BF66D5,CUST-6230BB0F,2025-12-07T16:02:01.791552,137.89,USD,Orr-Harris,Utilities,0,
TX-1EE0D172CCF4,CUST-6230BB0F,2025-12-10T02:02:01.791552,1352.54,USD,Hernandez-Roy,Retail,0,
TX-94F09CA70F50,CUST-6230BB0F,2025-12-14T13:02:01.791552,813.02,USD,Mcgrath-Hill,Travel,0,
TX-442DE1707B66,CUST-6230BB0F,2025-12-18T13:02:01.791552,414.77,USD,"Gross, Hawkins and Burns",Utilities,0,
TX-988A48B7CEC3,CUST-6230BB0F,2025-12-23T08:02:01.791552,1661.63,USD,"Davis, Morgan and Sanders",Utilities,0,
TX-5C437CC6A702,CUST-6230BB0F,2025-12-24T10:02:01.791552,1727.3,USD,"Logan, Jones and Burton",Retail,0,
TX-BFCC0695B481,CUST-6230BB0F,2025-12-26T22:02:01.791552,1273.31,USD,Newton Group,Utilities,0,
TX-0DB26BC77418,CUST-6230BB0F,2025-12-29T15:02:01.791552,1707.83,USD,Olsen-Howell,Utilities,0,
TX-3D44A7E5A249,CUST-6230BB0F,2025-12-30T13:02:01.791552,680.87,USD,"Carpenter, Johnson and Jimenez",Retail,0,
TX-8D0003425672,CUST-6230BB0F,2026-01-03T18:02:01.791552,288.71,USD,Bradley Group,Retail,0,
TX-D93F7075CA4C,CUST-6230BB0F,2026-01-07T20:02:01.791552,515.76,USD,Holloway PLC,Food,0,
TX-BDC6015B1E73,CUST-6230BB0F,2026-01-10T00:02:01.791552,343.67,USD,"Schroeder, Williams and Johnson",Travel,0,
TX-CE24C411AB5E,CUST-6230BB0F,2026-01-13T13:02:01.791552,1380.82,USD,Benitez-Edwards,Retail,0,
TX-B468C706A547,CUST-6230BB0F,2026-01-17T08:02:01.791552,987.47,USD,Gonzales Group,Utilities,0,
TX-90E5E63642FD,CUST-6230BB0F,2026-01-21T13:02:01.791552,677.1,USD,Lee LLC,Travel,0,
TX-54CD818B4CC9,CUST-6230BB0F,2026-01-23T17:02:01.791552,1225.71,USD,"French, Davis and Gibson",Food,0,
TX-690493CB642A,CUST-6230BB0F,2026-01-26T23:02:01.791552,463.02,USD,Bauer-Frazier,Travel,0,
TX-203858D93A42,CUST-3BEF3B02,2025-11-15T18:02:01.791552,1567.56,USD,Flynn and Sons,Retail,0,
TX-DACC275440AE,CUST-3BEF3B02,2025-11-17T03:02:01.791552,1450.91,USD,Mccann Group,Travel,0,
TX-C59C08F62739,CUST-3BEF3B02,2025-11-20T16:02:01.791552,46.82,USD,Marshall-Carroll,Food,0,
TX-EB650C482046,CUST-3BEF3B02,2025-11-23T23:02:01.791552,879.7,USD,Hogan and Sons,Retail,0,
TX-5C04E45BED3F,CUST-3BEF3B02,2025-11-24T16:02:01.791552,263.85,USD,Montgomery Inc,Food,0,
TX-10AAACBAD455,CUST-3BEF3B02,2025-11-25T04:02:01.791552,1327.79,USD,Odom Ltd,Utilities,0,
TX-5F313893F5CA,CUST-3BEF3B02,2025-11-29T05:02:01.791552,1561.92,USD,Martinez LLC,Utilities,0,
TX-D9C3BFDB0D9C,CUST-3BEF3B02,2025-12-01T02:02:01.791552,76.31,USD,Kelley Ltd,Travel,0,
TX-F6D947F5333A,CUST-3BEF3B02,2025-12-04T20:02:01.791552,1492.69,USD,Carter PLC,Food,0,
TX-D62E1AA0A38E,CUST-3BEF3B02,2025-12-06T07:02:01.791552,1146.35,USD,Robertson Inc,Utilities,0,
TX-927066F4832D,CUST-3BEF3B02,2025-12-09T01:02:01.791552,902.4,USD,Rogers Ltd,Travel,0,
TX-6DF91C097A80,CUST-3BEF3B02,2025-12-12T04:02:01.791552,65.01,USD,Acosta-Smith,Retail,0,
TX-2029D843CF5D,CUST-3BEF3B02,2025-12-14T14:02:01.791552,769.71,USD,"Murphy, Cruz and Hunt",Utilities,0,
TX-3D987E297BB5,CUST-3BEF3B02,2025-12-14T15:02:01.791552,1770.12,USD,Ford and Sons,Food,0,
TX-442B07B74E83,CUST-3BEF3B02,2025-12-16T05:02:01.791552,1949.84,USD,Jacobs Group,Food,0,
TX-96A288A70D97,CUST-3BEF3B02,2025-12-17T04:02:01.791552,861.72,USD,Boyd Ltd,Food,0,
TX-58997145BBC0,CUST-3BEF3B02,2025-12-18T08:02:01.791552,495.34,USD,Willis-Salazar,Utilities,0,
TX-A258B05404A9,CUST-3BEF3B02,2025-12-21T17:02:01.791552,278.86,USD,Morris Ltd,Travel,0,
TX-30936BB153E0,CUST-3BEF3B02,2025-12-25T19:02:01.791552,956.44,USD,Green-Gibson,Food,0,
TX-79E18A9521ED,CUST-3BEF3B02,2025-12-26T10:02:01.791552,1502.58,USD,Allen-Hale,Retail,0,
TX-AAEF77B03AC0,CUST-3BEF3B02,2025-12-30T14:02:01.791552,1908.89,USD,"Roberts, Clark and Carroll",Retail,0,
TX-CFF19C261650,CUST-D0B3687F,2025-11-16T10:02:01.791552,1915.5,USD,Garcia-Kim,Utilities,0,
TX-5E9BEDE4E132,CUST-D0B3687F,2025-11-17T15:02:01.791552,1998.82,USD,"Hubbard, Davis and Hall",Utilities,0,
TX-F335CC74E7F1,CUST-D0B3687F,2025-11-21T14:02:01.791552,577.74,USD,Spencer-Ramirez,Utilities,0,
TX-FE3EF5C56440,CUST-D0B3687F,2025-11-22T03:02:01.791552,475.44,USD,Roberts PLC,Travel,0,
TX-2D14B90A1BF3,CUST-D0B3687F,2025-11-22T15:02:01.791552,1967.93,USD,Mendez PLC,Utilities,0,
TX-2581ECFC8C46,CUST-D0B3687F,2025-11-25T03:02:01.791552,114.67,USD,"Griffin, Noble and Bauer",Utilities,0,
TX-55B0A3FB7430,CUST-D0B3687F,2025-11-29T19:02:01.791552,1339.73,USD,"Gregory, Morrow and Collins",Travel,0,
TX-699C3B22CA09,CUST-D0B3687F,2025-12-03T01:02:01.791552,1346.44,USD,"Powers, Lee and Romero",Retail,0,
TX-64A0504AEB4C,CUST-D0B3687F,2025-12-07T18:02:01.791552,616.07,USD,Coleman and Sons,Utilities,0,
TX-F391F11E0D17,CUST-D0B3687F,2025-12-11T15:02:01.791552,653.54,USD,"Rodriguez, Chandler and Valdez",Food,0,
TX-E1B8A870E766,CUST-D0B3687F,2025-12-16T07:02:01.791552,1676.71,USD,Sanchez and Sons,Retail,0,
TX-45E0C57D33B5,CUST-4A7D478D,2026-01-09T01:05:56.791552,269.61,USD,"Bartlett, Howell and Green",Fraudulent,1,High Velocity
TX-D0DD07D70342,CUST-4A7D478D,2026-01-09T01:10:41.791552,325.6,USD,Miller-Vazquez,Fraudulent,1,High Velocity
TX-8ABE468B1AA6,CUST-4A7D478D,2026-01-09T01:12:29.791552,123.36,USD,"Thompson, Thornton and Perez",Fraudulent,1,High Velocity
TX-8D3A9DE86070,CUST-4A7D478D,2026-01-09T01:13:34.791552,401.77,USD,Wilson-Jones,Fraudulent,1,High Velocity
TX-6ABD43BF69DE,CUST-4A7D478D,2026-01-09T01:18:13.791552,417.98,USD,"Evans, Marsh and Garner",Fraudulent,1,High Velocity
TX-1D80AD3C3A2B,CUST-4A7D478D,2026-01-09T01:19:39.791552,484.93,USD,Bell LLC,Fraudulent,1,High Velocity
TX-F24023B08745,CUST-4A7D478D,2026-01-09T01:21:13.791552,413.93,USD,Suarez Group,Fraudulent,1,High Velocity
TX-913EE96CFF16,CUST-4A7D478D,2026-01-09T01:22:18.791552,483.85,USD,"Erickson, Maynard and Andrade",Fraudulent,1,High Velocity
TX-6A5A88DD4A58,CUST-4A7D478D,2026-01-09T01:25:48.791552,387.58,USD,"Jimenez, Turner and Hall",Fraudulent,1,High Velocity
TX-2C8BCD223EE4,CUST-4A7D478D,2026-01-09T01:27:11.791552,288.18,USD,"Hill, Price and Jimenez",Fraudulent,1,High Velocity
TX-AC852D911D60,CUST-4A7D478D,2026-01-09T01:30:46.791552,163.14,USD,Evans-Phillips,Fraudulent,1,High Velocity
TX-87B6A6BA9579,CUST-4A7D478D,2026-01-09T01:34:37.791552,283.09,USD,"Black, Todd and Cannon",Fraudulent,1,High Velocity
TX-197B69EBDF88,CUST-4A7D478D,2026-01-09T01:39:35.791552,396.71,USD,Arellano Group,Fraudulent,1,High Velocity
TX-8EFEEAC4B0BB,CUST-4A7D478D,2026-01-09T01:42:04.791552,156.72,USD,"Munoz, Aguilar and Schwartz",Fraudulent,1,High Velocity
TX-7E9B1143F637,CUST-4A7D478D,2026-01-09T01:46:01.791552,370.21,USD,"Owens, Knapp and Bright",Fraudulent,1,High Velocity
TX-DA92F6120BC8,CUST-7CF41235,2025-11-17T16:02:01.791552,1039.28,USD,"Contreras, Moore and Hunter",Food,0,
TX-E402E225578D,CUST-7CF41235,2025-11-20T14:02:01.791552,212.44,USD,Daniels-Brown,Food,0,
TX-8C3230E4F4CC,CUST-7CF41235,2025-11-25T06:02:01.791552,761.5,USD,"Marquez, Phillips and Cruz",Travel,0,
TX-9A7F17E3A438,CUST-7CF41235,2025-11-25T17:02:01.791552,1237.19,USD,Larson Ltd,Utilities,0,
TX-264891C90117,CUST-7CF41235,2025-11-28T03:02:01.791552,267.91,USD,Medina-Carter,Food,0,
TX-85F7D586FED0,CUST-7CF41235,2025-11-29T04:02:01.791552,1963.46,USD,Parker and Sons,Travel,0,
TX-78D959A0D233,CUST-7CF41235,2025-12-03T13:02:01.791552,744.75,USD,Perry-Pena,Utilities,0,
TX-B1DA04F46398,CUST-7CF41235,2025-12-05T00:02:01.791552,1159.13,USD,Holloway-White,Retail,0,
TX-AEB558B84C84,CUST-7CF41235,2025-12-08T19:02:01.791552,56.17,USD,"Stewart, Deleon and Whitaker",Utilities,0,
TX-B4687C8B528A,CUST-7CF41235,2025-12-12T18:02:01.791552,465.49,USD,Christensen-Mcdonald,Travel,0,
TX-F1E7B33EC768,CUST-7CF41235,2025-12-17T15:02:01.791552,1169.01,USD,Parker-Hall,Retail,0,
TX-D324D6CB9217,CUST-7CF41235,2025-12-18T07:02:01.791552,619.06,USD,"Sanchez, Wright and Shelton",Food,0,
TX-3DE58D36B3D0,CUST-7CF41235,2025-12-21T18:02:01.791552,1619.44,USD,Sanchez-Dominguez,Food,0,
TX-701B0AC8303D,CUST-7CF41235,2025-12-26T04:02:01.791552,675.89,USD,Wilson Ltd,Travel,0,
TX-371CBFC6EA80,CUST-7CF41235,2025-12-30T14:02:01.791552,590.02,USD,Brown LLC,Utilities,0,
TX-C319C390A32C,CUST-7CF41235,2026-01-01T13:02:01.791552,1363.8,USD,"Burns, Garza and Salinas",Travel,0,
TX-1DC83DE31305,CUST-7CF41235,2026-01-01T17:02:01.791552,820.88,USD,"Ward, Aguilar and Thomas",Utilities,0,
TX-B80E2331733B,CUST-7CF41235,2026-01-05T13:02:01.791552,543.83,USD,"Sanchez, Thomas and Parker",Retail,0,
TX-35ECEE22EBA9,CUST-7CF41235,2026-01-07T06:02:01.791552,315.17,USD,"Hernandez, Hendrix and Gill",Food,0,
TX-90D6E6512BAC,CUST-7CF41235,2026-01-09T19:02:01.791552,1294.31,USD,Boyd and Sons,Retail,0,
TX-519785BD3A69,CUST-7CF41235,2026-01-14T14:02:01.791552,697.68,USD,"Kent, Lopez and Smith",Retail,0,
TX-3C93AEB07025,CUST-0E8D167A,2025-11-18T07:02:01.791552,1025.33,USD,"Parks, Watts and Anderson",Retail,0,
TX-5B3A6AE0B6F1,CUST-0E8D167A,2025-11-20T21:02:01.791552,1244.48,USD,Mcclain and Sons,Retail,0,
TX-BD477A74AF9B,CUST-0E8D167A,2025-11-22T01:02:01.791552,679.34,USD,Baker PLC,Travel,0,
TX-D5599E7D11AA,CUST-0E8D167A,2025-11-24T04:02:01.791552,593.12,USD,Wiley-Mcbride,Food,0,
TX-54199D23D23A,CUST-0E8D167A,2025-11-25T12:02:01.791552,1404.79,USD,"Webb, Anthony and Stewart",Food,0,
TX-BDD2DCC64964,CUST-0E8D167A,2025-11-26T04:02:01.791552,1183.75,USD,Luna and Sons,Travel,0,
TX-5C3ACBA2F077,CUST-0E8D167A,2025-11-28T10:02:01.791552,1443.3,USD,Tanner-Anderson,Food,0,
TX-036FFAACF1DD,CUST-0E8D167A,2025-11-30T15:02:01.791552,1606.55,USD,"King, Valencia and Kirk",Travel,0,
TX-98C7FB593ED0,CUST-0E8D167A,2025-12-03T02:02:01.791552,937.67,USD,Nicholson-Tucker,Utilities,0,
TX-33F714A25517,CUST-0E8D167A,2025-12-06T05:02:01.791552,947.51,USD,"Spencer, Mcfarland and Wolf",Utilities,0,
TX-B58D1D5BE235,CUST-0E8D167A,2025-12-10T08:02:01.791552,305.07,USD,Meyers-Keith,Food,0,
TX-1E53C9508359,CUST-0E8D167A,2025-12-13T08:02:01.791552,1103.5,USD,"Powell, Olson and Mueller",Food,0,
TX-681B3A78AFAF,CUST-0E8D167A,2025-12-13T09:02:01.791552,783.13,USD,Lee LLC,Food,0,
TX-D2402B92F71F,CUST-0E8D167A,2025-12-13T17:02:01.791552,1364.52,USD,"Clements, Gomez and Rivers",Food,0,
TX-EA9171E6A913,CUST-0E8D167A,2025-12-17T09:02:01.791552,1299.51,USD,"Simmons, Jackson and Adams",Travel,0,
TX-75EF00589568,CUST-0E8D167A,2025-12-19T08:02:01.791552,363.28,USD,Perez PLC,Utilities,0,
TX-D27CDE640992,CUST-0E8D167A,2025-12-20T23:02:01.791552,1024.49,USD,"Smith, Harvey and Perry",Travel,0,
TX-1283647B0A30,CUST-0E8D167A,2025-12-22T08:02:01.791552,1148.65,USD,Douglas-Perkins,Food,0,
TX-36EBF2BF15FD,CUST-0E8D167A,2025-12-26T13:02:01.791552,215.1,USD,Fisher-Roberts,Utilities,0,
TX-753B94D59F3E,CUST-0E8D167A,2025-12-30T17:02:01.791552,985.18,USD,Nguyen Inc,Food,0,
TX-8D97FEF726FB,CUST-0E8D167A,2026-01-04T11:02:01.791552,818.39,USD,Little-Johnson,Utilities,0,
TX-E5C5A9765ACE,CUST-0E8D167A,2026-01-05T23:02:01.791552,1142.83,USD,Norton-Garrison,Travel,0,
TX-7C33004DD52F,CUST-0E8D167A,2026-01-07T17:02:01.791552,1208.36,USD,Adams-Rivera,Utilities,0,
TX-F3B6468EAC46,CUST-0E8D167A,2026-01-08T05:02:01.791552,219.95,USD,"Dickerson, Mitchell and Moses",Retail,0,
TX-0358F5698ECB,CUST-0E8D167A,2026-01-09T02:02:01.791552,137.03,USD,"Hudson, Wells and Walters",Utilities,0,
TX-4AE16142413A,CUST-0E8D167A,2026-01-11T00:02:01.791552,512.22,USD,Johnson-Sosa,Retail,0,
TX-0BACCAB990D6,CUST-0E8D167A,2026-01-14T06:02:01.791552,1970.09,USD,Huerta-Smith,Utilities,0,
TX-7ABDA18903DA,CUST-0E8D167A,2026-01-18T18:02:01.791552,1122.73,USD,Randall Group,Utilities,0,
TX-362BF642AB43,CUST-0E8D167A,2026-01-19T09:02:01.791552,248.08,USD,Randolph and Sons,Utilities,0,
TX-3A14B0779388,CUST-0E8D167A,2026-01-23T18:02:01.791552,1456.36,USD,Smith-Miller,Travel,0,
TX-8D5519BE6B7F,CUST-0E8D167A,2026-01-27T00:02:01.791552,301.69,USD,Stevens Inc,Utilities,0,
TX-C50A0FCC4EA9,CUST-0E8D167A,2026-01-31T02:02:01.791552,793.58,USD,Watts-Fernandez,Travel,0,
TX-1CFE50F79966,CUST-0E8D167A,2026-01-31T20:02:01.791552,340.41,USD,Cruz-Hopkins,Food,0,
TX-58E98CE3CDFC,CUST-0E8D167A,2026-02-05T20:02:01.791552,1094.98,USD,"Parker, Williams and Harper",Utilities,0,
TX-D7B55BA97C2C,CUST-0E8D167A,2026-02-06T18:02:01.791552,70.33,USD,Martin and Sons,Retail,0,
TX-A88F67261AAA,CUST-0E8D167A,2026-02-09T12:02:01.791552,1108.76,USD,Ward-Rose,Travel,0,
TX-2507B204E4B1,CUST-8AB76D70,2025-11-14T18:02:01.791552,988.51,USD,Morris Ltd,Retail,0,
TX-57FC9C5A1DA6,CUST-8AB76D70,2025-11-16T05:02:01.791552,1804.54,USD,Boyle Inc,Food,0,
TX-50CD0B45F395,CUST-8AB76D70,2025-11-17T00:02:01.791552,719.81,USD,Kramer-Griffith,Travel,0,
TX-B45E827DFF6D,CUST-8AB76D70,2025-11-18T06:02:01.791552,731.52,USD,Rodriguez-Griffin,Utilities,0,
TX-4E58E613D35C,CUST-8AB76D70,2025-11-22T15:02:01.791552,278.18,USD,"Farmer, Mitchell and Abbott",Retail,0,
TX-E96F132C7855,CUST-8AB76D70,2025-11-25T20:02:01.791552,168.81,USD,Guzman-Farley,Utilities,0,
TX-0A4EA24603F2,CUST-8AB76D70,2025-11-30T19:02:01.791552,168.04,USD,Zuniga-Jacobs,Retail,0,
TX-EBEE464516B1,CUST-8AB76D70,2025-12-02T20:02:01.791552,1292.55,USD,"Lewis, Nielsen and Johnson",Retail,0,
TX-0B302AAB9EEA,CUST-8AB76D70,2025-12-03T11:02:01.791552,394.03,USD,"Soto, Dean and Martinez",Utilities,0,
TX-8D35517DECF3,CUST-7A427FE5,2025-11-18T20:02:01.791552,294.09,USD,Watson PLC,Retail,0,
TX-13A3DB68425A,CUST-7A427FE5,2025-11-23T13:02:01.791552,230.85,USD,Cabrera-Hall,Food,0,
TX-A5516487820D,CUST-7A427FE5,2025-11-23T22:02:01.791552,1566.57,USD,Rivera Group,Retail,0,
TX-C2825A7F4589,CUST-7A427FE5,2025-11-24T15:02:01.791552,1679.9,USD,Browning PLC,Utilities,0,
TX-F2139CC6AE20,CUST-7A427FE5,2025-11-26T13:02:01.791552,251.32,USD,"Harris, Johnson and White",Travel,0,
TX-56A7F274EF0C,CUST-7A427FE5,2025-11-29T07:02:01.791552,501.48,USD,Saunders-Decker,Travel,0,
TX-3CCD9F16BDEB,CUST-7A427FE5,2025-11-30T21:02:01.791552,476.77,USD,Rhodes-Ward,Food,0,
TX-355596F079CC,CUST-7A427FE5,2025-12-02T04:02:01.791552,836.14,USD,Walker Ltd,Retail,0,
TX-B914FD7AB083,CUST-7A427FE5,2025-12-05T19:02:01.791552,1942.47,USD,Mccarty-Sparks,Travel,0,
TX-0409382E5EEC,CUST-7A427FE5,2025-12-10T19:02:01.791552,314.7,USD,"King, Ochoa and Dominguez",Retail,0,
TX-166252B87CA5,CUST-7A427FE5,2025-12-14T10:02:01.791552,721.32,USD,Butler Group,Food,0,
TX-EBB430DA6547,CUST-7A427FE5,2025-12-15T04:02:01.791552,51.01,USD,Mosley Inc,Retail,0,
TX-27B0D48D4749,CUST-7A427FE5,2025-12-19T09:02:01.791552,1186.37,USD,Mckenzie-Lozano,Retail,0,
TX-83BA920DB968,CUST-7A427FE5,2025-12-23T01:02:01.791552,62.9,USD,Hayden-Morgan,Food,0,
TX-712CE280A238,CUST-7A427FE5,2025-12-24T14:02:01.791552,1346.27,USD,"Todd, Valenzuela and Sawyer",Travel,0,
TX-B2B90DF87C93,CUST-7A427FE5,2025-12-29T05:02:01.791552,968.95,USD,Mccarthy Inc,Travel,0,
TX-5EFDD649796C,CUST-7A427FE5,2026-01-02T09:02:01.791552,588.47,USD,Nguyen-Knight,Utilities,0,
TX-FE34A9E0FB1B,CUST-7A427FE5,2026-01-03T01:02:01.791552,782.83,USD,Baker and Sons,Travel,0,
TX-21B2001E82D6,CUST-7A427FE5,2026-01-07T07:02:01.791552,1397.39,USD,Perry and Sons,Food,0,
TX-CDC296DDE71F,CUST-7A427FE5,2026-01-12T07:02:01.791552,608.84,USD,Williams-Wyatt,Retail,0,
TX-2258D36FE7B3,CUST-7A427FE5,2026-01-16T18:02:01.791552,942.87,USD,Gonzalez-Phillips,Utilities,0,
TX-393F9BF90B59,CUST-7A427FE5,2026-01-17T13:02:01.791552,1267.71,USD,Turner-Bates,Retail,0,
TX-97C5AF87D630,CUST-7A427FE5,2026-01-20T08:02:01.791552,334.69,USD,"Valdez, Allen and Garrison",Utilities,0,
TX-2D86FAFFE75E,CUST-7A427FE5,2026-01-22T12:02:01.791552,579.59,USD,Williams-Aguilar,Retail,0,
TX-BA7F17FB74A3,CUST-7A427FE5,2026-01-25T04:02:01.791552,1772.19,USD,Black-Lewis,Utilities,0,
TX-02DDE40DB09C,CUST-7A427FE5,2026-01-29T01:02:01.791552,1119.97,USD,Walker LLC,Travel,0,
TX-5051105E569A,CUST-7A427FE5,2026-01-30T06:02:01.791552,178.04,USD,Smith-Robles,Travel,0,
TX-B9156AED8624,CUST-7A427FE5,2026-01-30T16:02:01.791552,183.33,USD,Oconnor Ltd,Travel,0,
TX-8F5926DD87A8,CUST-7A427FE5,2026-02-03T11:02:01.791552,590.73,USD,"Goodman, Woods and Hall",Food,0,
TX-FF93640757FA,CUST-7A427FE5,2026-02-07T03:02:01.791552,498.71,USD,Gilmore and Sons,Utilities,0,
TX-940E7592E9BA,CUST-7A427FE5,2026-02-07T18:02:01.791552,168.29,USD,Byrd-Zuniga,Utilities,0,
TX-C804D8F18D17,CUST-7A427FE5,2026-02-08T00:02:01.791552,1033.86,USD,"Benton, Grant and White",Retail,0,
TX-3DF64BB36A8C,CUST-7A427FE5,2026-02-09T15:02:01.791552,163.59,USD,Chung PLC,Retail,0,
TX-09EF4C8632D0,CUST-61E36176,2025-11-18T10:02:01.791552,1066.32,USD,Dennis-Jones,Retail,0,
TX-E607CD9CF8EC,CUST-61E36176,2025-11-22T11:02:01.791552,599.47,USD,Lewis Ltd,Food,0,
TX-DBEE2BF790BC,CUST-61E36176,2025-11-25T11:02:01.791552,841.32,USD,Yu and Sons,Utilities,0,
TX-7EFE3F251CCC,CUST-61E36176,2025-11-26T17:02:01.791552,28.47,USD,Padilla-Malone,Retail,0,
TX-57DF08E2AACA,CUST-61E36176,2025-11-30T13:02:01.791552,160.79,USD,Smith Group,Travel,0,
TX-B48F78A1CC0F,CUST-61E36176,2025-12-05T02:02:01.791552,517.47,USD,"Wells, Kelly and Willis",Retail,0,
TX-B9181318F459,CUST-61E36176,2025-12-07T15:02:01.791552,77.28,USD,"Oneal, Martinez and Mcdonald",Utilities,0,
TX-7184C89187B3,CUST-61E36176,2025-12-11T07:02:01.791552,810.01,USD,"Wood, Johnson and Galloway",Utilities,0,
TX-44DD1E08F819,CUST-61E36176,2025-12-13T03:02:01.791552,1377.67,USD,"Norman, Bauer and Griffin",Food,0,
TX-3BB863D943A3,CUST-61E36176,2025-12-17T01:02:01.791552,378.76,USD,"Boyer, Diaz and Barnett",Utilities,0,
TX-E7DDF6F67A2E,CUST-F6D6383E,2025-11-16T06:02:01.791552,1374.93,USD,Duncan PLC,Retail,0,
TX-E71FA54B5B64,CUST-F6D6383E,2025-11-16T10:02:01.791552,269.13,USD,"House, Hendrix and Mcclain",Retail,0,
TX-9AC00D287A66,CUST-F6D6383E,2025-11-17T23:02:01.791552,1704.01,USD,Casey-Alexander,Food,0,
TX-4DE40979AE6E,CUST-F6D6383E,2025-11-18T07:02:01.791552,1689.22,USD,"Hatfield, Davis and Skinner",Travel,0,
TX-1C3CA69D0B8E,CUST-F6D6383E,2025-11-21T01:02:01.791552,1895.86,USD,Cain LLC,Travel,0,
TX-3A6972AC4A48,CUST-F6D6383E,2025-11-22T00:02:01.791552,515.9,USD,Bryant-Patton,Travel,0,
TX-F8CE83D72513,CUST-F6D6383E,2025-11-23T16:02:01.791552,1256.54,USD,Morris-Mcintosh,Retail,0,
TX-B66D8663287C,CUST-F6D6383E,2025-11-26T17:02:01.791552,1881.65,USD,Harris-Walker,Food,0,
TX-FBD60C02EFB2,CUST-F6D6383E,2025-11-29T07:02:01.791552,1096.97,USD,"Ingram, Thompson and Soto",Utilities,0,
TX-0B15646FE0A1,CUST-F6D6383E,2025-12-01T18:02:01.791552,384.83,USD,"Dodson, Jennings and Harrington",Retail,0,
TX-E19A3017A6D0,CUST-F6D6383E,2025-12-02T12:02:01.791552,1291.59,USD,Whitney-Watson,Food,0,
TX-539BEE43B8E9,CUST-F6D6383E,2025-12-06T16:02:01.791552,343.83,USD,Beck Group,Food,0,
TX-5D9F30FFE648,CUST-F6D6383E,2025-12-07T23:02:01.791552,353.48,USD,"Burke, Johnson and Campbell",Travel,0,
TX-28F9413251EC,CUST-F6D6383E,2025-12-09T16:02:01.791552,307.49,USD,Cooley-Dunlap,Utilities,0,
TX-9A965EAB4DC0,CUST-F6D6383E,2025-12-10T07:02:01.791552,1465.27,USD,Rogers-Krueger,Retail,0,
TX-67D8570C128A,CUST-F6D6383E,2025-12-14T19:02:01.791552,623.63,USD,"Rice, Brennan and Arnold",Travel,0,
TX-358E66B38D36,CUST-F6D6383E,2025-12-18T01:02:01.791552,29.91,USD,"Vazquez, Chase and Jenkins",Travel,0,
TX-50FD0340E2B1,CUST-F6D6383E,2025-12-21T12:02:01.791552,1274.34,USD,Romero Inc,Retail,0,
TX-4F67436218CB,CUST-F6D6383E,2025-12-26T06:02:01.791552,971.0,USD,Ruiz-Rodriguez,Food,0,
TX-6DFB290143C7,CUST-F6D6383E,2025-12-31T06:02:01.791552,1769.89,USD,"Russell, Mahoney and Sanchez",Retail,0,
TX-AB81FC7293B4,CUST-F6D6383E,2026-01-05T04:02:01.791552,1143.02,USD,Foster-Petty,Travel,0,
TX-65EFEEBDBEF7,CUST-F6D6383E,2026-01-10T01:02:01.791552,159.56,USD,"Clark, Delacruz and Mcmahon",Retail,0,
TX-759A1A52C93E,CUST-F6D6383E,2026-01-14T23:02:01.791552,1123.05,USD,Hill PLC,Utilities,0,
TX-76D9B750AFE1,CUST-F6D6383E,2026-01-17T13:02:01.791552,1817.61,USD,"Smith, Frank and Johnson",Retail,0,
TX-A65E69678676,CUST-F6D6383E,2026-01-18T16:02:01.791552,1308.96,USD,Hanna and Sons,Utilities,0,
TX-96CF9EE0C8AB,CUST-F6D6383E,2026-01-18T23:02:01.791552,373.0,USD,"Roberts, Carter and Lloyd",Travel,0,
TX-EE0969F3DAAC,CUST-F6D6383E,2026-01-20T22:02:01.791552,1947.08,USD,Henry and Sons,Food,0,
TX-1575B3B5F0F4,CUST-F6D6383E,2026-01-24T03:02:01.791552,1268.68,USD,Garcia and Sons,Retail,0,
TX-49EADCF8130E,CUST-F6D6383E,2026-01-24T19:02:01.791552,1661.96,USD,Nichols LLC,Utilities,0,
TX-055F65D5039C,CUST-F6D6383E,2026-01-28T03:02:01.791552,489.48,USD,"Johnson, Perez and Cole",Utilities,0,
TX-CD2243824283,CUST-F6D6383E,2026-01-29T17:02:01.791552,281.62,USD,Wyatt-Gilbert,Travel,0,
TX-F79794293812,CUST-F6D6383E,2026-01-30T11:02:01.791552,288.65,USD,Parsons-Jimenez,Utilities,0,
TX-4DFF29B7DDB2,CUST-F6D6383E,2026-02-02T21:02:01.791552,1353.59,USD,Stafford and Sons,Utilities,0,
TX-5DE020012D46,CUST-F6D6383E,2026-02-04T14:02:01.791552,1807.78,USD,Anderson-Watkins,Utilities,0,
TX-2AB3CB476571,CUST-F6D6383E,2026-02-09T08:02:01.791552,1817.12,USD,Martin Group,Travel,0,
TX-0D84E7A82F51,CUST-2DCDA754,2025-11-14T04:02:01.791552,1831.47,USD,Gomez and Sons,Retail,0,
TX-538B0B1D0873,CUST-2DCDA754,2025-11-17T03:02:01.791552,1939.2,USD,Henry PLC,Retail,0,
TX-8545F7DA29F8,CUST-2DCDA754,2025-11-21T22:02:01.791552,1422.93,USD,"Davis, Shaw and Smith",Retail,0,
TX-661F7B4D748B,CUST-2DCDA754,2025-11-22T10:02:01.791552,359.28,USD,"Hebert, Jordan and Smith",Food,0,
TX-EF92B54E0A63,CUST-2DCDA754,2025-11-22T14:02:01.791552,243.96,USD,"Smith, Mitchell and Robbins",Travel,0,
TX-26553FC5CD52,CUST-2DCDA754,2025-11-25T19:02:01.791552,1340.83,USD,"Mullen, Campbell and Howard",Retail,0,
TX-E6F62F3A8EE0,CUST-2DCDA754,2025-11-29T15:02:01.791552,102.02,USD,Nichols-Chavez,Food,0,
TX-6B6346301A33,CUST-2DCDA754,2025-11-29T16:02:01.791552,625.35,USD,Johnson and Sons,Utilities,0,
TX-B51133B05DF8,CUST-2DCDA754,2025-12-02T14:02:01.791552,1371.09,USD,Li Ltd,Food,0,
TX-E631508A7739,CUST-2DCDA754,2025-12-04T01:02:01.791552,38.66,USD,Bell-Roberts,Utilities,0,
TX-F9CE3C0F63FE,CUST-2DCDA754,2025-12-07T21:02:01.791552,1634.8,USD,"Lynn, Bradley and Wells",Retail,0,
TX-6CC8E4D4C3EB,CUST-2DCDA754,2025-12-08T13:02:01.791552,302.25,USD,Miller-West,Travel,0,
TX-ABF0D0B2EE29,CUST-2DCDA754,2025-12-09T06:02:01.791552,625.44,USD,Obrien-Bowman,Utilities,0,
TX-9F19F3CEB2A1,CUST-2DCDA754,2025-12-13T16:02:01.791552,1354.88,USD,Powell-Adams,Retail,0,
TX-70A50AE2388C,CUST-2DCDA754,2025-12-18T11:02:01.791552,1663.46,USD,"Olsen, Shaffer and Hall",Utilities,0,
TX-77A34FF9626C,CUST-2DCDA754,2025-12-20T20:02:01.791552,108.3,USD,Martin Group,Utilities,0,
TX-94148DC6C7C9,CUST-2DCDA754,2025-12-24T14:02:01.791552,1892.74,USD,Welch and Sons,Utilities,0,
TX-484D2AB68045,CUST-2DCDA754,2025-12-25T23:02:01.791552,1034.6,USD,"Johnson, Wilcox and Fitzgerald",Food,0,
TX-48948C9083A2,CUST-2DCDA754,2025-12-30T02:02:01.791552,703.93,USD,Mcmillan-Davis,Utilities,0,
TX-29C99478906F,CUST-2DCDA754,2025-12-30T23:02:01.791552,1206.9,USD,"Cole, Brown and Barnes",Food,0,
TX-820F7C45E9DB,CUST-2DCDA754,2026-01-01T15:02:01.791552,198.33,USD,"Navarro, Johnson and Potter",Food,0,
TX-2C484CC3FEDA,CUST-2DCDA754,2026-01-04T11:02:01.791552,1115.84,USD,Morgan PLC,Travel,0,
TX-74DA81F96AF1,CUST-2DCDA754,2026-01-09T03:02:01.791552,1785.15,USD,Frank-Ingram,Utilities,0,
TX-1949B24BA937,CUST-2DCDA754,2026-01-11T20:02:01.791552,267.34,USD,Williams and Sons,Utilities,0,
TX-6D97012C0174,CUST-2DCDA754,2026-01-15T22:02:01.791552,1263.22,USD,Gutierrez-Perry,Food,0,
TX-EA8BD53A4027,CUST-2DCDA754,2026-01-17T04:02:01.791552,890.9,USD,Brown Inc,Travel,0,
TX-9E6CC18DA8EB,CUST-2DCDA754,2026-01-19T03:02:01.791552,1736.67,USD,"Gonzalez, Lynch and Oconnell",Retail,0,
TX-0797D85C51D0,CUST-2DCDA754,2026-01-23T02:02:01.791552,42.95,USD,Gilbert-Parrish,Food,0,
TX-E924F73A1998,CUST-2DCDA754,2026-01-27T08:02:01.791552,1291.56,USD,Cole PLC,Food,0,
TX-7A38E6CE5799,CUST-2DCDA754,2026-01-30T01:02:01.791552,1530.97,USD,Burke-Miller,Travel,0,
TX-0169D8EBA1F1,CUST-2DCDA754,2026-02-03T03:02:01.791552,1582.47,USD,"Navarro, Dixon and Hall",Food,0,
TX-0CF0EFB97984,CUST-2DCDA754,2026-02-04T02:02:01.791552,1385.71,USD,"Richardson, Hughes and Sharp",Travel,0,
TX-B413619D3D6A,CUST-2DCDA754,2026-02-08T07:02:01.791552,229.05,USD,Friedman-Williams,Utilities,0,
TX-77C1281672E8,CUST-2DCDA754,2026-02-08T13:02:01.791552,493.81,USD,Lewis Ltd,Retail,0,
TX-E5CEAF7EA4DE,CUST-243D2576,2025-11-15T16:02:01.791552,633.09,USD,"Roberts, Moreno and Kelley",Utilities,0,
TX-F3624941BE1C,CUST-243D2576,2025-11-20T14:02:01.791552,1526.01,USD,Smith-Hall,Travel,0,
TX-191676879CBE,CUST-243D2576,2025-11-21T15:02:01.791552,1727.69,USD,Hart-Maxwell,Travel,0,
TX-36A47329D6F4,CUST-243D2576,2025-11-23T15:02:01.791552,30.63,USD,"Hawkins, Green and Paul",Food,0,
TX-6ECEB00F7A26,CUST-243D2576,2025-11-24T20:02:01.791552,344.67,USD,Hansen-Whitaker,Utilities,0,
TX-A286C4022584,CUST-243D2576,2025-11-26T12:02:01.791552,1828.54,USD,Ross and Sons,Food,0,
TX-2D1222EFA7FB,CUST-243D2576,2025-11-27T11:02:01.791552,1675.01,USD,Holden Ltd,Food,0,
TX-32F69EB0A198,CUST-243D2576,2025-11-30T19:02:01.791552,11.87,USD,"Khan, White and Bell",Retail,0,
TX-DD8086CEA79A,CUST-243D2576,2025-12-03T00:02:01.791552,1352.95,USD,"Johnson, Dawson and Bates",Travel,0,
TX-A0863CE58364,CUST-243D2576,2025-12-04T10:02:01.791552,1477.34,USD,"Dudley, Logan and Lee",Utilities,0,
TX-B7CD9DBAAECA,CUST-243D2576,2025-12-09T10:02:01.791552,477.57,USD,"Leonard, Flores and Cherry",Retail,0,
TX-2F44472412A6,CUST-243D2576,2025-12-09T22:02:01.791552,58.94,USD,Cooper-Miller,Retail,0,
TX-506A55ED4992,CUST-243D2576,2025-12-10T12:02:01.791552,443.02,USD,"Bond, Wolf and Pope",Utilities,0,
TX-C67F4CEBE025,CUST-243D2576,2025-12-15T09:02:01.791552,226.44,USD,Christensen PLC,Food,0,
TX-D03BDC11AF4F,CUST-243D2576,2025-12-18T10:02:01.791552,1107.56,USD,"Adams, Mosley and Robertson",Retail,0,
TX-9734AF8D7F22,CUST-243D2576,2025-12-21T06:02:01.791552,1813.7,USD,"Sanders, Smith and Ruiz",Food,0,
TX-722D3C3E5F2A,CUST-243D2576,2025-12-21T22:02:01.791552,1722.34,USD,"Johnson, Hopkins and Campos",Food,0,
TX-50E43EC181FA,CUST-243D2576,2025-12-22T07:02:01.791552,498.61,USD,Ross-Phillips,Food,0,
TX-E18B593525C2,CUST-243D2576,2025-12-24T07:02:01.791552,974.74,USD,Hill Ltd,Utilities,0,
TX-2084AE9FE851,CUST-243D2576,2025-12-29T00:02:01.791552,1691.37,USD,Hartman-Johnston,Travel,0,
TX-EA2BACAF4D83,CUST-243D2576,2026-01-02T09:02:01.791552,1060.3,USD,Jimenez Ltd,Utilities,0,
TX-F8D3D080CCF2,CUST-243D2576,2026-01-05T14:02:01.791552,703.59,USD,"Jordan, Brown and Wilson",Utilities,0,
TX-E0E4CE2B5B12,CUST-243D2576,2026-01-06T10:02:01.791552,1683.83,USD,"Dalton, Peterson and Le",Travel,0,
TX-A8372597A975,CUST-243D2576,2026-01-09T11:02:01.791552,292.39,USD,Rodriguez and Sons,Food,0,
TX-8705448E7FEC,CUST-243D2576,2026-01-11T02:02:01.791552,1912.18,USD,Booker Inc,Utilities,0,
TX-A2DFC05F9DF7,CUST-243D2576,2026-01-14T15:02:01.791552,267.16,USD,"Huffman, Rivera and Yoder",Food,0,
TX-154B0936F744,CUST-243D2576,2026-01-19T15:02:01.791552,1213.26,USD,Jones Inc,Retail,0,
TX-6A377B4C3A40,CUST-243D2576,2026-01-19T20:02:01.791552,1123.27,USD,Bradford-Harris,Retail,0,
TX-1B170484630C,CUST-243D2576,2026-01-20T03:02:01.791552,732.64,USD,Summers-Williams,Utilities,0,
TX-A3D9B40ACB1E,CUST-243D2576,2026-01-20T11:02:01.791552,47.24,USD,Diaz-Ortiz,Food,0,
TX-2EE2D930E815,CUST-243D2576,2026-01-20T13:02:01.791552,1020.05,USD,"Crawford, Powell and Perry",Retail,0,
TX-5C70EAEE870A,CUST-243D2576,2026-01-22T07:02:01.791552,101.86,USD,Elliott-Spence,Travel,0,
TX-EDD65CB43EC6,CUST-243D2576,2026-01-23T07:02:01.791552,1733.24,USD,Hernandez-Hammond,Utilities,0,
TX-035F0F430E4C,CUST-243D2576,2026-01-27T19:02:01.791552,1468.31,USD,"Powell, Armstrong and Martinez",Retail,0,
TX-9E043921B869,CUST-243D2576,2026-01-29T01:02:01.791552,1294.78,USD,"King, Kennedy and Marquez",Travel,0,
TX-ABF7F0DD1332,CUST-243D2576,2026-02-01T13:02:01.791552,1124.51,USD,Miller-Johnson,Travel,0,
TX-B0A93C93A652,CUST-243D2576,2026-02-04T04:02:01.791552,1747.18,USD,Dillon and Sons,Food,0,
TX-E74BB03070D3,CUST-243D2576,2026-02-04T10:02:01.791552,476.82,USD,Williams-Perry,Retail,0,
TX-606E03066318,CUST-243D2576,2026-02-05T20:02:01.791552,307.19,USD,Clark Group,Food,0,
TX-61908544DECB,CUST-243D2576,2026-02-09T22:02:01.791552,1994.42,USD,Smith-Hill,Utilities,0,
TX-1E4FC5E9EAF7,CUST-243D2576,2026-02-10T09:02:01.791552,1502.35,USD,Browning and Sons,Utilities,0,
TX-6F5AD1C5ACCC,CUST-243D2576,2026-02-10T15:02:01.791552,179.46,USD,"Cameron, Payne and Wright",Retail,0,
TX-A07BBA8BFA10,CUST-C738327F,2025-11-14T17:02:01.791552,627.52,USD,Smith-Wilson,Travel,0,
TX-C4ABA1791D6B,CUST-C738327F,2025-11-16T16:02:01.791552,598.38,USD,"Torres, Rodriguez and Barton",Retail,0,
TX-00D2B0B49B6D,CUST-C738327F,2025-11-21T01:02:01.791552,13.45,USD,Burke-Chavez,Travel,0,
TX-204404D90890,CUST-C738327F,2025-11-23T19:02:01.791552,1085.53,USD,"Hunter, Branch and Jackson",Food,0,
TX-3B7F0FABA5BC,CUST-C738327F,2025-11-27T12:02:01.791552,1347.64,USD,"Shelton, Mitchell and Johnston",Retail,0,
TX-ABE6AEC80812,CUST-C738327F,2025-12-01T06:02:01.791552,1444.12,USD,"Bell, Campbell and Tyler",Utilities,0,
TX-E6CA96892D6C,CUST-C738327F,2025-12-05T18:02:01.791552,918.04,USD,Shaw PLC,Travel,0,
TX-A4CD7845950E,CUST-C738327F,2025-12-07T11:02:01.791552,1645.0,USD,Anderson Group,Utilities,0,
TX-67C7F2199DB2,CUST-C738327F,2025-12-12T05:02:01.791552,560.27,USD,"Lewis, Bryan and Jones",Travel,0,
TX-626199688693,CUST-C738327F,2025-12-17T00:02:01.791552,1573.22,USD,"Bennett, Mullen and White",Food,0,
TX-F9DE414C2C37,CUST-C738327F,2025-12-17T01:02:01.791552,1058.35,USD,"Walker, Mendoza and Sanchez",Utilities,0,
TX-8BE411922FED,CUST-C738327F,2025-12-21T08:02:01.791552,1284.24,USD,Hunter-Mack,Travel,0,
TX-88B639B68952,CUST-C738327F,2025-12-23T02:02:01.791552,87.29,USD,"Clark, Bennett and Powell",Travel,0,
TX-DBD912552757,CUST-C738327F,2025-12-23T21:02:01.791552,1518.3,USD,"Keller, Duke and Adams",Retail,0,
TX-41AA2F55FEE5,CUST-C738327F,2025-12-26T00:02:01.791552,1445.89,USD,Meyers Ltd,Retail,0,
TX-6D95539A3952,CUST-C738327F,2025-12-28T16:02:01.791552,672.52,USD,Stephens Group,Utilities,0,
TX-BA866E465F6E,CUST-C738327F,2026-01-01T12:02:01.791552,1628.3,USD,"Mann, Cantrell and Shaffer",Utilities,0,
TX-A4F64C06A2E7,CUST-C738327F,2026-01-06T08:02:01.791552,1937.76,USD,Morales and Sons,Food,0,
TX-558E9E22DD6B,CUST-C738327F,2026-01-07T18:02:01.791552,1400.52,USD,Young-Nolan,Travel,0,
TX-C2907550DFFD,CUST-C738327F,2026-01-10T05:02:01.791552,1553.27,USD,Miller-Jackson,Retail,0,
TX-A4888E64AE03,CUST-C738327F,2026-01-11T19:02:01.791552,1737.18,USD,"Hudson, Romero and Walters",Travel,0,
TX-B28BA904BDC2,CUST-C738327F,2026-01-16T10:02:01.791552,1776.28,USD,Olson-Mendoza,Travel,0,
TX-0A954455DDCC,CUST-C738327F,2026-01-16T11:02:01.791552,1076.48,USD,"Bruce, Arnold and Walsh",Food,0,
TX-B0B49FD260CB,CUST-C738327F,2026-01-17T15:02:01.791552,1646.21,USD,"Dalton, Lutz and Reese",Utilities,0,
TX-3D08B3C19138,CUST-C738327F,2026-01-20T13:02:01.791552,1871.28,USD,Morris-Swanson,Utilities,0,
TX-AA919305B6DC,CUST-C738327F,2026-01-25T03:02:01.791552,576.12,USD,Johnson-Lee,Food,0,
TX-0C98C3AF156E,CUST-C738327F,2026-01-25T14:02:01.791552,177.75,USD,"Long, Sanchez and Brewer",Retail,0,
TX-E31A6EA1E90F,CUST-C738327F,2026-01-27T10:02:01.791552,697.66,USD,Rosales and Sons,Retail,0,
TX-76F4ECCC417C,CUST-C738327F,2026-01-30T07:02:01.791552,1531.02,USD,Lewis Ltd,Retail,0,
TX-A3A2806971D5,CUST-C738327F,2026-01-31T07:02:01.791552,1590.8,USD,Hicks Ltd,Retail,0,
TX-48AFD1533F27,CUST-C738327F,2026-02-01T08:02:01.791552,354.72,USD,Merritt Group,Retail,0,
TX-1A57AA6CC286,CUST-C738327F,2026-02-04T17:02:01.791552,88.55,USD,"Thornton, Clark and Mccarty",Retail,0,
TX-0DEFE9BBC61A,CUST-C738327F,2026-02-08T01:02:01.791552,1698.7,USD,Jackson and Sons,Utilities,0,
TX-FEF2D6B9A14D,CUST-513F409E,2025-11-15T07:02:01.791552,1021.02,USD,Page-Mcbride,Utilities,0,
TX-97E088797029,CUST-513F409E,2025-11-16T18:02:01.791552,1327.71,USD,"Riley, Koch and Mata",Food,0,
TX-B7A010DA4E34,CUST-513F409E,2025-11-17T11:02:01.791552,767.04,USD,"Daugherty, Middleton and Brown",Utilities,0,
TX-EA14F408AC6F,CUST-513F409E,2025-11-19T01:02:01.791552,1043.34,USD,Gardner Inc,Utilities,0,
TX-EC921AFF2511,CUST-513F409E,2025-11-21T05:02:01.791552,1718.09,USD,Mason LLC,Utilities,0,
TX-CB855BC6C5C8,CUST-513F409E,2025-11-24T02:02:01.791552,426.68,USD,Townsend PLC,Utilities,0,
TX-11968971425A,CUST-513F409E,2025-11-25T13:02:01.791552,1001.39,USD,Williams-Foster,Retail,0,
TX-D0BD97F64EA4,CUST-513F409E,2025-11-29T08:02:01.791552,552.38,USD,Erickson-Harris,Utilities,0,
TX-C594C475CB6E,CUST-513F409E,2025-11-30T01:02:01.791552,1261.15,USD,Castillo LLC,Travel,0,
TX-901C2DA946BB,CUST-513F409E,2025-12-03T23:02:01.791552,587.21,USD,"Martin, Mayer and Escobar",Utilities,0,
TX-BAA200CD0B03,CUST-513F409E,2025-12-04T05:02:01.791552,807.35,USD,Miller-Brewer,Utilities,0,
TX-968CA8F86BD9,CUST-513F409E,2025-12-07T02:02:01.791552,116.52,USD,"Arnold, Stout and Tanner",Utilities,0,
TX-71E9B4710B54,CUST-513F409E,2025-12-09T07:02:01.791552,429.79,USD,"Henderson, Hoffman and Wagner",Travel,0,
TX-492E08FF22E4,CUST-513F409E,2025-12-09T12:02:01.791552,1114.6,USD,Mccormick-Montoya,Food,0,
TX-DE9B76B6DC27,CUST-513F409E,2025-12-14T10:02:01.791552,1549.54,USD,Martinez-Brown,Retail,0,
TX-E3218EB99E8B,CUST-513F409E,2025-12-18T00:02:01.791552,1718.46,USD,Barajas-Allen,Food,0,
TX-88505CB7F627,CUST-513F409E,2025-12-19T14:02:01.791552,1610.74,USD,"Cooper, Williams and Martin",Food,0,
TX-60DEE4C53EEE,CUST-513F409E,2025-12-21T12:02:01.791552,1783.98,USD,Miller PLC,Utilities,0,
TX-6CDCF2D004F3,CUST-513F409E,2025-12-24T14:02:01.791552,1779.3,USD,"Rodgers, Smith and Mann",Travel,0,
TX-0E05A7A5F811,CUST-513F409E,2025-12-25T07:02:01.791552,477.85,USD,Williams-Gardner,Retail,0,
TX-82F54BC0590F,CUST-DBDFE4E8,2025-11-17T01:02:01.791552,1682.19,USD,"Donovan, Buchanan and Wilson",Travel,0,
TX-21010426331E,CUST-DBDFE4E8,2025-11-18T03:02:01.791552,1856.38,USD,Martinez-Grant,Retail,0,
TX-0CCED0F8F052,CUST-DBDFE4E8,2025-11-20T11:02:01.791552,1071.08,USD,Smith-Mcgee,Travel,0,
TX-3D1471D168CA,CUST-DBDFE4E8,2025-11-20T14:02:01.791552,231.39,USD,"Mills, Miller and Hernandez",Food,0,
TX-63D6B013B0B9,CUST-DBDFE4E8,2025-11-21T13:02:01.791552,130.83,USD,Miranda PLC,Utilities,0,
TX-C48B73318F4D,CUST-DBDFE4E8,2025-11-25T08:02:01.791552,1699.33,USD,"Knight, Morgan and Ortega",Utilities,0,
TX-558E6B11D88A,CUST-DBDFE4E8,2025-11-25T13:02:01.791552,1982.83,USD,"Nguyen, Lynch and Johnson",Travel,0,
TX-F324E3F38E79,CUST-DBDFE4E8,2025-11-29T16:02:01.791552,620.23,USD,Hunt-Trevino,Utilities,0,
TX-F7A2DB8DD972,CUST-DBDFE4E8,2025-11-30T03:02:01.791552,1740.25,USD,Doyle PLC,Retail,0,
TX-182E2CC8D671,CUST-DBDFE4E8,2025-12-02T02:02:01.791552,1395.05,USD,"Bailey, Parker and Torres",Retail,0,
TX-BC18793F0DE3,CUST-DBDFE4E8,2025-12-06T18:02:01.791552,1585.95,USD,Mclaughlin-Holden,Utilities,0,
TX-AE14992CBE9E,CUST-DBDFE4E8,2025-12-08T00:02:01.791552,1840.64,USD,Baker Ltd,Travel,0,
TX-1DCFA018ABB4,CUST-DBDFE4E8,2025-12-12T11:02:01.791552,564.24,USD,Mccarthy-Bautista,Retail,0,
TX-E21BF1D7C334,CUST-DBDFE4E8,2025-12-12T22:02:01.791552,210.46,USD,French-Brown,Utilities,0,
TX-90DA069C6748,CUST-DBDFE4E8,2025-12-13T19:02:01.791552,112.41,USD,"Rogers, Vaughn and Rowland",Retail,0,
TX-E6BDC9FF4F76,CUST-DBDFE4E8,2025-12-18T15:02:01.791552,1167.24,USD,"Barrett, Holland and Curry",Utilities,0,
TX-C17B6CAC055E,CUST-DBDFE4E8,2025-12-19T11:02:01.791552,1879.92,USD,Mitchell-Smith,Food,0,
TX-9FE3A52449F5,CUST-DBDFE4E8,2025-12-19T12:02:01.791552,695.32,USD,Proctor Group,Travel,0,
TX-8B553315731E,CUST-DBDFE4E8,2025-12-22T18:02:01.791552,752.01,USD,Bailey-Harrison,Retail,0,
TX-6CC27E840B58,CUST-DBDFE4E8,2025-12-23T07:02:01.791552,15.78,USD,"Bennett, Dunn and Jones",Utilities,0,
TX-0E0EAD924881,CUST-621A151D,2025-11-16T05:02:01.791552,966.18,USD,Williams-Erickson,Retail,0,
TX-47FA11948BE8,CUST-621A151D,2025-11-17T14:02:01.791552,1735.53,USD,Bell LLC,Travel,0,
TX-0B1D4B4743D8,CUST-621A151D,2025-11-19T11:02:01.791552,1751.15,USD,Braun-Manning,Travel,0,
TX-305DF5DC48B4,CUST-621A151D,2025-11-20T07:02:01.791552,1232.65,USD,Baird PLC,Retail,0,
TX-C642BEEB05D6,CUST-621A151D,2025-11-21T07:02:01.791552,1052.23,USD,Craig Ltd,Retail,0,
TX-6C4BEA82CA8C,CUST-621A151D,2025-11-25T10:02:01.791552,1049.42,USD,Mcdonald-Parker,Travel,0,
TX-BB33D901010E,CUST-621A151D,2025-11-26T08:02:01.791552,888.7,USD,Clark Ltd,Retail,0,
TX-BEE6EC2EBA17,CUST-621A151D,2025-11-26T16:02:01.791552,882.27,USD,Wright PLC,Utilities,0,
TX-D73C2F6419F9,CUST-621A151D,2025-11-29T00:02:01.791552,1081.37,USD,Ross PLC,Utilities,0,
TX-2EB4598579B6,CUST-621A151D,2025-12-03T06:02:01.791552,1374.57,USD,"Perez, Williams and Carson",Travel,0,
TX-B73655585D20,CUST-621A151D,2025-12-04T18:02:01.791552,510.31,USD,Nguyen-Dorsey,Travel,0,
TX-91C989CE6B22,CUST-621A151D,2025-12-09T11:02:01.791552,1756.93,USD,"Simpson, Bennett and Reyes",Utilities,0,
TX-D634973E25B4,CUST-621A151D,2025-12-14T08:02:01.791552,1310.5,USD,"Brown, Scott and Maxwell",Retail,0,
TX-8D436CA611CA,CUST-621A151D,2025-12-15T08:02:01.791552,460.61,USD,"Burke, Gonzalez and Park",Utilities,0,
TX-5BEDBBD35628,CUST-621A151D,2025-12-17T18:02:01.791552,1020.04,USD,Gray-Salas,Travel,0,
TX-1DFC02724EC3,CUST-621A151D,2025-12-20T21:02:01.791552,774.13,USD,"Dunn, Wood and Carroll",Travel,0,
TX-9CEB35D28E66,CUST-621A151D,2025-12-25T08:02:01.791552,372.04,USD,Mata-Torres,Food,0,
TX-7762B90313E0,CUST-621A151D,2025-12-25T10:02:01.791552,257.65,USD,"Garcia, Sanford and White",Retail,0,
TX-D714998EC67A,CUST-621A151D,2025-12-25T11:02:01.791552,1589.63,USD,Perez Group,Travel,0,
TX-F2C3E429F0DD,CUST-621A151D,2025-12-27T09:02:01.791552,1050.79,USD,Barrett-Moore,Food,0,
TX-2E2F82FB7778,CUST-621A151D,2025-12-28T05:02:01.791552,93.17,USD,Harmon PLC,Travel,0,
TX-64ABFC9B5949,CUST-621A151D,2025-12-30T10:02:01.791552,1194.15,USD,"Hall, Fields and Gray",Travel,0,
TX-4350A1946C0F,CUST-621A151D,2025-12-31T21:02:01.791552,439.12,USD,"Ramsey, Brady and Powers",Retail,0,
TX-5458422AAA47,CUST-621A151D,2026-01-01T17:02:01.791552,1321.55,USD,"Guerrero, Estrada and Harper",Travel,0,
TX-649C3D31D378,CUST-621A151D,2026-01-04T23:02:01.791552,1936.38,USD,Webb Ltd,Food,0,
TX-186FC352A98C,CUST-621A151D,2026-01-07T16:02:01.791552,1149.48,USD,Taylor Ltd,Retail,0,
TX-2468B666E71E,CUST-621A151D,2026-01-10T22:02:01.791552,153.49,USD,George-Burton,Food,0,
TX-5339E350BECD,CUST-621A151D,2026-01-13T08:02:01.791552,1138.41,USD,"Davila, Cox and Shaw",Food,0,
TX-2CC5868E1339,CUST-621A151D,2026-01-13T14:02:01.791552,907.28,USD,"Gonzalez, Hunter and Barker",Travel,0,
TX-92237307F980,CUST-621A151D,2026-01-17T13:02:01.791552,1652.46,USD,Evans LLC,Food,0,
TX-854A16402598,CUST-621A151D,2026-01-18T14:02:01.791552,297.9,USD,Vaughn-Hawkins,Travel,0,
TX-E78592510D50,CUST-621A151D,2026-01-20T18:02:01.791552,137.21,USD,Parker-Young,Utilities,0,
TX-937D5F37CAB8,CUST-4B436F97,2025-11-18T14:02:01.791552,562.74,USD,Middleton Group,Food,0,
TX-6F1CF0160850,CUST-4B436F97,2025-11-22T23:02:01.791552,1221.14,USD,"Goodwin, Ritter and Horne",Travel,0,
TX-3EBBA267A3CD,CUST-4B436F97,2025-11-24T23:02:01.791552,747.07,USD,Thomas-Baker,Travel,0,
TX-81AF2AB6803E,CUST-4B436F97,2025-11-29T22:02:01.791552,1314.02,USD,Wagner Group,Travel,0,
TX-796B5E39B928,CUST-4B436F97,2025-12-02T04:02:01.791552,524.26,USD,"Evans, Gill and Bauer",Travel,0,
TX-432F0E3489C9,CUST-4B436F97,2025-12-05T13:02:01.791552,1901.21,USD,Wilson-Noble,Utilities,0,
TX-41A309F3264A,CUST-4B436F97,2025-12-10T07:02:01.791552,512.86,USD,"Bishop, Martinez and Morales",Travel,0,
TX-6B16D30C0A97,CUST-4B436F97,2025-12-10T08:02:01.791552,160.24,USD,"Rodriguez, Gray and Austin",Food,0,
TX-2DB749BD9A7C,CUST-4B436F97,2025-12-14T13:02:01.791552,439.36,USD,Pearson-Navarro,Food,0,
TX-7F4E86C27043,CUST-4B436F97,2025-12-18T22:02:01.791552,1785.71,USD,"Mckee, Miles and Perez",Retail,0,
TX-2A74E365F861,CUST-4B436F97,2025-12-21T14:02:01.791552,126.75,USD,Murphy-Solomon,Travel,0,
TX-13CDDF5FCB03,CUST-4B436F97,2025-12-23T03:02:01.791552,873.18,USD,Williams-Gordon,Food,0,
TX-26611C0FA7D4,CUST-4B436F97,2025-12-27T04:02:01.791552,1906.75,USD,Lucas Inc,Travel,0,
TX-AB7DAF4817AA,CUST-4B436F97,2025-12-28T07:02:01.791552,1070.88,USD,"Vargas, Garcia and Wilson",Utilities,0,
TX-EFD1536D72E5,CUST-4B436F97,2025-12-30T00:02:01.791552,292.01,USD,Arias Group,Food,0,
TX-1E79C0F298C0,CUST-4B436F97,2026-01-01T07:02:01.791552,1087.18,USD,Kim Inc,Travel,0,
TX-C767EC060D95,CUST-16E3BCC6,2025-11-15T17:02:01.791552,1742.85,USD,Chapman-Flores,Food,0,
TX-CDECA011F7DD,CUST-16E3BCC6,2025-11-17T06:02:01.791552,220.48,USD,Stephenson Group,Utilities,0,
TX-595E00F7A4F5,CUST-16E3BCC6,2025-11-17T21:02:01.791552,897.08,USD,"Morgan, Brown and Campbell",Utilities,0,
TX-58B5BE2D7559,CUST-16E3BCC6,2025-11-18T05:02:01.791552,93.08,USD,Yang-Good,Travel,0,
TX-54E049D04103,CUST-16E3BCC6,2025-11-19T20:02:01.791552,399.19,USD,Brown Group,Travel,0,
TX-1C01042EF782,CUST-16E3BCC6,2025-11-20T14:02:01.791552,1425.98,USD,Lowe Group,Food,0,
TX-8500EF3173BF,CUST-16E3BCC6,2025-11-21T09:02:01.791552,1175.39,USD,White Inc,Utilities,0,
TX-92AF38F7D9F1,CUST-16E3BCC6,2025-11-25T10:02:01.791552,1470.28,USD,Payne-Martinez,Food,0,
TX-CE949A1000AC,CUST-16E3BCC6,2025-11-28T13:02:01.791552,256.25,USD,Hoffman Ltd,Utilities,0,
TX-29327D5305EA,CUST-16E3BCC6,2025-12-02T01:02:01.791552,1019.23,USD,Jones-Walker,Travel,0,
TX-4B7EC0F8DAA7,CUST-16E3BCC6,2025-12-06T12:02:01.791552,1236.55,USD,Gibson and Sons,Retail,0,
TX-90A09ACAAA91,CUST-16E3BCC6,2025-12-09T11:02:01.791552,264.88,USD,Cohen Group,Food,0,
TX-E7148E695770,CUST-16E3BCC6,2025-12-10T20:02:01.791552,704.37,USD,Allison Group,Utilities,0,
TX-37C4440FAA5F,CUST-16E3BCC6,2025-12-12T14:02:01.791552,1916.85,USD,Lynch PLC,Travel,0,
TX-5D9020C6FB7F,CUST-16E3BCC6,2025-12-16T17:02:01.791552,1452.51,USD,"Garcia, Moore and Bullock",Utilities,0,
TX-A3D187D340AE,CUST-16E3BCC6,2025-12-17T16:02:01.791552,1244.95,USD,"Lopez, Howe and Gates",Food,0,
TX-0EA3B3AD9521,CUST-16E3BCC6,2025-12-22T02:02:01.791552,286.48,USD,Griffin-Baker,Travel,0,
TX-5ED491E8B3DF,CUST-16E3BCC6,2025-12-23T08:02:01.791552,1755.69,USD,Horne LLC,Retail,0,
TX-B74969DC1A4C,CUST-16E3BCC6,2025-12-25T08:02:01.791552,886.95,USD,Conner Inc,Utilities,0,
TX-18478F0C68BB,CUST-16E3BCC6,2025-12-26T07:02:01.791552,1991.36,USD,Davis PLC,Utilities,0,
TX-CD16C2377D55,CUST-16E3BCC6,2025-12-28T01:02:01.791552,907.63,USD,Macias-Miller,Travel,0,
TX-9D845170F563,CUST-16E3BCC6,2025-12-29T02:02:01.791552,1166.47,USD,Anderson-Fernandez,Food,0,
TX-E8FBEAC8C2C3,CUST-16E3BCC6,2025-12-29T18:02:01.791552,1621.24,USD,"Dyer, Garcia and Taylor",Utilities,0,
TX-86A47CD4F38F,CUST-16E3BCC6,2025-12-30T23:02:01.791552,882.56,USD,Roberts LLC,Travel,0,
TX-19ABC9D9C5EA,CUST-16E3BCC6,2026-01-04T08:02:01.791552,275.24,USD,Keith-Vargas,Food,0,
TX-C1DEEF92F93A,CUST-16E3BCC6,2026-01-08T15:02:01.791552,882.88,USD,"Thompson, Craig and Prince",Utilities,0,
TX-97CD32A06042,CUST-16E3BCC6,2026-01-12T07:02:01.791552,488.5,USD,Flores and Sons,Retail,0,
TX-548052810CD0,CUST-16E3BCC6,2026-01-12T15:02:01.791552,1413.2,USD,Bell Inc,Utilities,0,
TX-6A88AA379236,CUST-16E3BCC6,2026-01-13T20:02:01.791552,1786.5,USD,Sanchez-Nielsen,Retail,0,
TX-8E0899E74182,CUST-16E3BCC6,2026-01-14T17:02:01.791552,1145.91,USD,Burns and Sons,Retail,0,
TX-A5AF773D4CF8,CUST-16E3BCC6,2026-01-16T17:02:01.791552,159.99,USD,Bean PLC,Utilities,0,
TX-754321FD39B5,CUST-16E3BCC6,2026-01-17T08:02:01.791552,1048.22,USD,Kemp PLC,Travel,0,
TX-23F488C7DC6F,CUST-16E3BCC6,2026-01-18T15:02:01.791552,729.66,USD,Flores and Sons,Utilities,0,
TX-566C6CC736CB,CUST-16E3BCC6,2026-01-19T07:02:01.791552,1498.29,USD,Pitts-Davis,Utilities,0,
TX-D77590472F11,CUST-16E3BCC6,2026-01-21T17:02:01.791552,1094.84,USD,West-Murray,Utilities,0,
TX-05CC31CD4F19,CUST-16E3BCC6,2026-01-23T08:02:01.791552,726.45,USD,Nelson Group,Retail,0,
TX-9D0E3B3182CB,CUST-16E3BCC6,2026-01-28T01:02:01.791552,1471.73,USD,"Lopez, Jones and Carter",Retail,0,
TX-9D34D2F27293,CUST-16E3BCC6,2026-01-31T23:02:01.791552,317.19,USD,"Cobb, Lang and Diaz",Retail,0,
TX-2AA48C055DD2,CUST-16E3BCC6,2026-02-01T02:02:01.791552,792.7,USD,"Giles, Hunter and Barrett",Utilities,0,
TX-A0F2CA6539D7,CUST-16E3BCC6,2026-02-02T17:02:01.791552,1432.98,USD,Powell-Sanders,Travel,0,
TX-ACDE85FCCB12,CUST-16E3BCC6,2026-02-03T05:02:01.791552,52.31,USD,"Gates, Mercer and Garcia",Retail,0,
TX-8CD8DE699BAF,CUST-16E3BCC6,2026-02-08T03:02:01.791552,411.61,USD,Underwood Group,Travel,0,
TX-043F20BF2E56,CUST-16E3BCC6,2026-02-10T14:02:01.791552,413.55,USD,Young-Chavez,Retail,0,
TX-F1A6D19FC6BE,CUST-B0DFEA95,2025-11-16T03:02:01.791552,1342.54,USD,Cox Ltd,Food,0,
TX-752D223FBD66,CUST-B0DFEA95,2025-11-17T15:02:01.791552,1817.36,USD,"Villanueva, Smith and Chavez",Food,0,
TX-BD79CF06354B,CUST-B0DFEA95,2025-11-21T13:02:01.791552,1353.84,USD,"Lewis, Mayer and Carrillo",Food,0,
TX-0BAE7D7C5684,CUST-B0DFEA95,2025-11-22T10:02:01.791552,1070.34,USD,Webb Group,Retail,0,
TX-97A2AE89DEB0,CUST-B0DFEA95,2025-11-23T23:02:01.791552,110.47,USD,"Banks, Martin and Davis",Retail,0,
TX-3835DA2BD168,CUST-B0DFEA95,2025-11-28T22:02:01.791552,646.27,USD,Bryant PLC,Travel,0,
TX-75068547ACCE,CUST-B0DFEA95,2025-12-03T02:02:01.791552,188.46,USD,Rhodes-Lee,Travel,0,
TX-FEBF0E3695AC,CUST-B0DFEA95,2025-12-04T09:02:01.791552,167.82,USD,Harris-Goodman,Retail,0,
TX-FD3BFE9AAA1D,CUST-B0DFEA95,2025-12-05T23:02:01.791552,561.96,USD,"Carson, Brown and Ray",Retail,0,
TX-7601BC0B1BC0,CUST-B0DFEA95,2025-12-09T12:02:01.791552,141.81,USD,Singh PLC,Food,0,
TX-64784197C262,CUST-B0DFEA95,2025-12-12T18:02:01.791552,565.85,USD,Ashley Ltd,Travel,0,
TX-093CE98B41A3,CUST-B0DFEA95,2025-12-13T00:02:01.791552,1251.7,USD,Harris Ltd,Utilities,0,
TX-5CC0A968B484,CUST-B0DFEA95,2025-12-17T15:02:01.791552,743.58,USD,Norton-Harris,Travel,0,
TX-121890766FD6,CUST-B0DFEA95,2025-12-21T19:02:01.791552,1655.48,USD,Andrade Inc,Food,0,
TX-6071B231568F,CUST-B0DFEA95,2025-12-23T23:02:01.791552,1331.46,USD,Miller Ltd,Retail,0,
TX-0142CAC2EDCD,CUST-B0DFEA95,2025-12-28T00:02:01.791552,275.42,USD,Wood-Parks,Utilities,0,
TX-951E364A7DDE,CUST-96C9DE12,2025-11-14T15:02:01.791552,65.24,USD,Bauer and Sons,Retail,0,
TX-05800F8F5548,CUST-96C9DE12,2025-11-17T00:02:01.791552,701.11,USD,West Group,Utilities,0,
TX-A815BCA60EAC,CUST-96C9DE12,2025-11-21T20:02:01.791552,1344.18,USD,Moody-Johnson,Retail,0,
TX-07BD038EFB17,CUST-96C9DE12,2025-11-25T13:02:01.791552,1583.3,USD,"Church, Lewis and Diaz",Retail,0,
TX-F9EDDAD6286E,CUST-96C9DE12,2025-11-27T14:02:01.791552,1690.84,USD,Ross-Reeves,Retail,0,
TX-904DDBCDBF9F,CUST-96C9DE12,2025-12-01T01:02:01.791552,1150.76,USD,Jones Inc,Utilities,0,
TX-2FF57542C92B,CUST-96C9DE12,2025-12-03T02:02:01.791552,729.56,USD,Turner-Reeves,Travel,0,
TX-07E2CDA70E3C,CUST-96C9DE12,2025-12-05T19:02:01.791552,35.65,USD,Knight-Nguyen,Travel,0,
TX-10DE184C998C,CUST-96C9DE12,2025-12-09T14:02:01.791552,392.66,USD,"Reed, Simpson and Bennett",Utilities,0,
TX-1D0A7F1AB397,CUST-96C9DE12,2025-12-13T17:02:01.791552,1137.29,USD,Richards Group,Retail,0,
TX-E8C3F969E5CD,CUST-96C9DE12,2025-12-18T04:02:01.791552,930.07,USD,"Santos, Johnson and Johnson",Retail,0,
TX-68D03602BFBC,CUST-96C9DE12,2025-12-22T14:02:01.791552,1665.31,USD,Johnson-Guerrero,Food,0,
TX-AC85FAA4FE24,CUST-96C9DE12,2025-12-23T07:02:01.791552,1762.25,USD,Smith-Jones,Travel,0,
TX-8EFCBA2ED9DA,CUST-96C9DE12,2025-12-26T12:02:01.791552,1950.65,USD,Peters Ltd,Retail,0,
TX-BBE3CA92E7F7,CUST-96C9DE12,2025-12-28T00:02:01.791552,1630.21,USD,"Campbell, Reyes and Shaw",Travel,0,
TX-9DFF9A35480B,CUST-96C9DE12,2025-12-30T21:02:01.791552,789.47,USD,Campbell-Chambers,Utilities,0,
TX-A55486A63E59,CUST-96C9DE12,2026-01-02T12:02:01.791552,245.76,USD,Ayers Inc,Retail,0,
TX-C6623133BCE1,CUST-96C9DE12,2026-01-05T04:02:01.791552,151.5,USD,Palmer and Sons,Retail,0,
TX-EEE6FCBFC45F,CUST-96C9DE12,2026-01-07T21:02:01.791552,1809.06,USD,Williams Ltd,Utilities,0,
TX-1F16EAC3943E,CUST-96C9DE12,2026-01-10T23:02:01.791552,1927.09,USD,Nichols Ltd,Retail,0,
TX-51245B4D6039,CUST-96C9DE12,2026-01-11T22:02:01.791552,1066.02,USD,"Nelson, Smith and Parsons",Utilities,0,
TX-C44E4A94FC11,CUST-96C9DE12,2026-01-14T14:02:01.791552,1587.2,USD,Foster and Sons,Food,0,
TX-E8D675812F5E,CUST-96C9DE12,2026-01-15T13:02:01.791552,86.99,USD,Colon PLC,Retail,0,
TX-F00A328E18EA,CUST-96C9DE12,2026-01-17T18:02:01.791552,1250.48,USD,Cross and Sons,Travel,0,
TX-854FCEB56E70,CUST-96C9DE12,2026-01-21T11:02:01.791552,746.39,USD,Parker-Willis,Retail,0,
TX-D6FC79ABBCC2,CUST-96C9DE12,2026-01-21T12:02:01.791552,605.35,USD,Cooper-Davis,Retail,0,
TX-28BBBD21E21F,CUST-96C9DE12,2026-01-21T21:02:01.791552,819.3,USD,Davis-Lopez,Travel,0,
TX-B207BC269811,CUST-96C9DE12,2026-01-22T21:02:01.791552,390.78,USD,"Allen, Rush and Harris",Retail,0,
TX-8563632D8E09,CUST-96C9DE12,2026-01-26T00:02:01.791552,900.77,USD,Duran and Sons,Retail,0,
TX-85F1D272A080,CUST-96C9DE12,2026-01-28T09:02:01.791552,925.34,USD,Smith-Phillips,Travel,0,
TX-B4419DAEBC2A,CUST-96C9DE12,2026-02-01T07:02:01.791552,243.3,USD,Singh and Sons,Retail,0,
TX-02237D0FEDE4,CUST-96C9DE12,2026-02-06T00:02:01.791552,1678.25,USD,Garcia-Terry,Travel,0,
TX-983E43E4AABB,CUST-96C9DE12,2026-02-07T10:02:01.791552,961.01,USD,Stephens Ltd,Travel,0,
TX-AD6AA938B2C4,CUST-96C9DE12,2026-02-10T03:02:01.791552,1340.58,USD,Williams Ltd,Travel,0,
TX-48B6F9DBCCFA,CUST-EBEEBE9D,2025-11-18T13:02:01.791552,1220.53,USD,"Walker, Hernandez and Lozano",Utilities,0,
TX-BE92C994CAF2,CUST-EBEEBE9D,2025-11-23T01:02:01.791552,91.37,USD,Mcknight-Horton,Travel,0,
TX-FD98C0553EC0,CUST-EBEEBE9D,2025-11-26T09:02:01.791552,722.58,USD,Moore and Sons,Travel,0,
TX-C81990E1186C,CUST-EBEEBE9D,2025-11-30T09:02:01.791552,1993.78,USD,Rodriguez-Clayton,Food,0,
TX-58BFA5B28265,CUST-EBEEBE9D,2025-12-02T13:02:01.791552,1531.9,USD,Nash-Wright,Retail,0,
TX-E10B0C6F1B61,CUST-EBEEBE9D,2025-12-03T19:02:01.791552,1629.46,USD,Guerrero Group,Travel,0,
TX-70DF2373A226,CUST-EBEEBE9D,2025-12-05T23:02:01.791552,1933.49,USD,"Thomas, Jensen and Freeman",Utilities,0,
TX-07A00AD18A50,CUST-EBEEBE9D,2025-12-09T00:02:01.791552,126.84,USD,"French, Maldonado and Jarvis",Food,0,
TX-F87ECC1C10EC,CUST-EBEEBE9D,2025-12-10T03:02:01.791552,1106.87,USD,Sloan-Davis,Utilities,0,
TX-8847120F7FFC,CUST-EBEEBE9D,2025-12-14T09:02:01.791552,1572.29,USD,"Diaz, Orozco and Chen",Retail,0,
TX-BD49F563BB10,CUST-EBEEBE9D,2025-12-15T11:02:01.791552,564.12,USD,Miller-Guzman,Food,0,
TX-FCE9FA069266,CUST-EBEEBE9D,2025-12-17T23:02:01.791552,1822.01,USD,Stanley Group,Retail,0,
TX-68D0BF0A2D09,CUST-EBEEBE9D,2025-12-22T19:02:01.791552,1420.4,USD,Kim Inc,Food,0,
TX-5428C82B7CD6,CUST-EBEEBE9D,2025-12-23T00:02:01.791552,1731.8,USD,Martin-Phillips,Retail,0,
TX-E8F3EA22BAF3,CUST-EBEEBE9D,2025-12-26T11:02:01.791552,966.74,USD,Gardner Inc,Utilities,0,
TX-374A6D32AFA6,CUST-EBEEBE9D,2025-12-29T16:02:01.791552,1904.56,USD,"Howard, Jones and Carroll",Retail,0,
TX-AC08D4145FD6,CUST-EBEEBE9D,2026-01-01T05:02:01.791552,1981.28,USD,Stewart PLC,Retail,0,
TX-CE49113B6272,CUST-EBEEBE9D,2026-01-03T19:02:01.791552,1235.32,USD,Ramirez-Roberts,Utilities,0,
TX-A308323A4970,CUST-EBEEBE9D,2026-01-08T09:02:01.791552,1874.98,USD,Bishop and Sons,Retail,0,
TX-1036909FA3EA,CUST-EBEEBE9D,2026-01-08T17:02:01.791552,1149.49,USD,Mcbride-Davis,Food,0,
TX-94ABD9450083,CUST-EBEEBE9D,2026-01-10T18:02:01.791552,15.68,USD,"Sawyer, Pham and Franklin",Utilities,0,
TX-D650F8D77AC7,CUST-0B49DB63,2025-11-15T18:02:01.791552,1799.7,USD,Jones PLC,Travel,0,
TX-8708D0705565,CUST-0B49DB63,2025-11-20T18:02:01.791552,689.33,USD,Joseph-Kemp,Retail,0,
TX-9398CEF05DC7,CUST-0B49DB63,2025-11-24T18:02:01.791552,1514.62,USD,Guzman LLC,Retail,0,
TX-12567A4B3CBF,CUST-0B49DB63,2025-11-27T04:02:01.791552,1004.64,USD,Foster LLC,Food,0,
TX-A8EB6D0399EF,CUST-0B49DB63,2025-11-28T20:02:01.791552,666.97,USD,"Ramirez, Myers and Young",Food,0,
TX-F6A8B6EC92A6,CUST-0B49DB63,2025-11-30T07:02:01.791552,488.85,USD,"Frank, Hutchinson and Little",Retail,0,
TX-19C2F0B3BEC0,CUST-0B49DB63,2025-12-04T08:02:01.791552,971.37,USD,"Garrett, Bush and Houston",Travel,0,
TX-618C3D793E78,CUST-0B49DB63,2025-12-08T13:02:01.791552,1910.32,USD,Norman LLC,Utilities,0,
TX-95AA1347B4F0,CUST-0B49DB63,2025-12-12T15:02:01.791552,1124.48,USD,Tyler PLC,Retail,0,
TX-52F0F97A0DA3,CUST-0B49DB63,2025-12-13T06:02:01.791552,429.62,USD,Rogers PLC,Utilities,0,
TX-1112C9740E2D,CUST-0B49DB63,2025-12-17T07:02:01.791552,1678.9,USD,Porter-Cordova,Food,0,
TX-3EE686F5DA14,CUST-0B49DB63,2025-12-21T10:02:01.791552,1314.79,USD,Johnson Ltd,Utilities,0,
TX-25CA6B78940F,CUST-0B49DB63,2025-12-22T16:02:01.791552,711.29,USD,"Brooks, Riley and Price",Food,0,
TX-49E09C48838C,CUST-0B49DB63,2025-12-25T23:02:01.791552,1088.39,USD,Baker-Fields,Travel,0,
TX-947FFC9403D9,CUST-0B49DB63,2025-12-28T20:02:01.791552,394.37,USD,Moreno-Johnson,Food,0,
TX-847CBAA9D956,CUST-0B49DB63,2025-12-30T23:02:01.791552,1664.03,USD,"Hampton, Smith and Hurst",Food,0,
TX-FCF5BF246541,CUST-0B49DB63,2025-12-31T17:02:01.791552,1541.43,USD,Grant-Jones,Retail,0,
TX-BC8BC8F660FD,CUST-0B49DB63,2026-01-03T22:02:01.791552,1627.98,USD,Bruce Inc,Food,0,
TX-BE13E2CA58D9,CUST-0B49DB63,2026-01-05T14:02:01.791552,948.84,USD,Patel-Campos,Food,0,
TX-60D3200A43A4,CUST-0B49DB63,2026-01-07T14:02:01.791552,1857.34,USD,Ray-Hernandez,Travel,0,
TX-D47E18ED79A6,CUST-0B49DB63,2026-01-10T01:02:01.791552,1108.29,USD,Dickerson Inc,Food,0,
TX-A161317236B8,CUST-0B49DB63,2026-01-10T13:02:01.791552,722.36,USD,Miller-Roberts,Food,0,
TX-2B5E1E613FFB,CUST-0B49DB63,2026-01-14T22:02:01.791552,1665.43,USD,Butler-Obrien,Food,0,
TX-BA8D9B6B9234,CUST-0B49DB63,2026-01-19T07:02:01.791552,1804.24,USD,"Meyer, Bradley and Lowe",Retail,0,
TX-60C5D4AB5AB7,CUST-0B49DB63,2026-01-21T19:02:01.791552,1920.14,USD,"Myers, Hall and Gonzalez",Utilities,0,
TX-DDFC97B7AC0F,CUST-0B49DB63,2026-01-26T14:02:01.791552,1592.02,USD,Curry LLC,Utilities,0,
TX-1C2B9BF89ADF,CUST-0B49DB63,2026-01-27T21:02:01.791552,1448.07,USD,Marshall Inc,Retail,0,
TX-DD7720276460,CUST-0B49DB63,2026-02-01T10:02:01.791552,154.49,USD,Martin-Morrison,Utilities,0,
TX-D95505239FF1,CUST-0B49DB63,2026-02-03T19:02:01.791552,571.89,USD,Gibson-Hale,Retail,0,
TX-CE2369A1D2E1,CUST-0B49DB63,2026-02-06T01:02:01.791552,1407.12,USD,"Barr, Myers and Reed",Food,0,
TX-BC0B207E0C0A,CUST-0B49DB63,2026-02-07T18:02:01.791552,950.63,USD,"Faulkner, Colon and Ward",Food,0,
TX-6E559806911F,CUST-FF22F107,2025-11-18T06:02:01.791552,1633.79,USD,"Ortiz, Terrell and Parker",Utilities,0,
TX-D9F040FB9A28,CUST-FF22F107,2025-11-20T16:02:01.791552,754.19,USD,"Brown, Ramos and Roberts",Travel,0,
TX-2BACD3383FB3,CUST-FF22F107,2025-11-21T21:02:01.791552,1739.91,USD,"Lee, Schwartz and Gibson",Utilities,0,
TX-9EA86E567A39,CUST-FF22F107,2025-11-22T10:02:01.791552,1934.16,USD,Rodriguez-Holder,Utilities,0,
TX-87433DF0FAB6,CUST-FF22F107,2025-11-26T13:02:01.791552,1502.86,USD,"Williamson, Carey and Johnson",Food,0,
TX-CA74C1488B7F,CUST-FF22F107,2025-12-01T04:02:01.791552,165.99,USD,Harrison-Shaw,Food,0,
TX-06618E074639,CUST-FF22F107,2025-12-04T03:02:01.791552,1071.33,USD,Robinson-Gaines,Utilities,0,
TX-FF6A246BE77B,CUST-FF22F107,2025-12-07T16:02:01.791552,263.96,USD,"Arnold, Whitney and Hale",Travel,0,
TX-6EC77A56D51D,CUST-FF22F107,2025-12-10T21:02:01.791552,1986.86,USD,"Cox, Martin and Thomas",Travel,0,
TX-236D41859CC6,CUST-FF22F107,2025-12-13T23:02:01.791552,537.71,USD,Thomas-Estrada,Retail,0,
TX-82C6419BAE0C,CUST-FF22F107,2025-12-15T13:02:01.791552,1829.05,USD,Bennett-Kelly,Retail,0,
TX-1CF203251ACF,CUST-FF22F107,2025-12-17T11:02:01.791552,1869.26,USD,Wilson and Sons,Utilities,0,
TX-86F3D040AAA3,CUST-FF22F107,2025-12-20T04:02:01.791552,840.67,USD,"Sullivan, Mendez and Lopez",Travel,0,
TX-FBC7964EB479,CUST-FF22F107,2025-12-21T20:02:01.791552,217.6,USD,Patterson Ltd,Travel,0,
TX-E0BEDB45AA38,CUST-FF22F107,2025-12-26T12:02:01.791552,998.09,USD,"Turner, Moore and Lopez",Travel,0,
TX-F7142695F24B,CUST-FF22F107,2025-12-27T14:02:01.791552,1544.53,USD,Medina-Schneider,Travel,0,
TX-D91FD6C71784,CUST-FF22F107,2025-12-31T08:02:01.791552,667.66,USD,Levy-Clark,Utilities,0,
TX-D6C281AB4E1A,CUST-FF22F107,2026-01-04T17:02:01.791552,1189.63,USD,Brown and Sons,Food,0,
TX-208FB05F239D,CUST-FF22F107,2026-01-07T03:02:01.791552,1421.32,USD,"Schneider, Reynolds and Brown",Travel,0,
TX-4C26EC6A6C70,CUST-FF22F107,2026-01-07T11:02:01.791552,465.62,USD,Hall-Green,Food,0,
TX-0250FF97D115,CUST-FF22F107,2026-01-09T15:02:01.791552,125.7,USD,"Vang, Andrews and Ramirez",Retail,0,
TX-9D6DAD4E7D9C,CUST-FF22F107,2026-01-14T04:02:01.791552,1909.85,USD,Howell-Rollins,Utilities,0,
TX-036BC4EF13DD,CUST-FF22F107,2026-01-15T13:02:01.791552,578.7,USD,Hoffman-Graham,Food,0,
TX-131ADF956628,CUST-FF22F107,2026-01-16T18:02:01.791552,885.75,USD,Roberts Inc,Travel,0,
TX-74D8B3FCDD5D,CUST-FF22F107,2026-01-17T15:02:01.791552,1848.47,USD,Floyd-Bernard,Travel,0,
TX-C0D98C23FB2F,CUST-FF22F107,2026-01-21T09:02:01.791552,1104.75,USD,Johnson-Diaz,Utilities,0,
TX-D452664C3FEE,CUST-FF22F107,2026-01-21T22:02:01.791552,1852.91,USD,Rogers PLC,Utilities,0,
TX-94CA0716F12D,CUST-FF22F107,2026-01-22T03:02:01.791552,847.41,USD,Romero-Owens,Utilities,0,
TX-BEA5858E4E6B,CUST-FF22F107,2026-01-24T01:02:01.791552,1487.06,USD,"Perkins, Henry and Gonzalez",Travel,0,
TX-7248F692CB27,CUST-FF22F107,2026-01-26T01:02:01.791552,1990.12,USD,Anderson PLC,Travel,0,
TX-D88DC13A63E3,CUST-FF22F107,2026-01-28T23:02:01.791552,1413.91,USD,Moody PLC,Travel,0,
TX-C84F44760E98,CUST-FF22F107,2026-02-01T15:02:01.791552,931.61,USD,Stone-Brennan,Food,0,
TX-EC7B4A378171,CUST-FF22F107,2026-02-06T03:02:01.791552,280.54,USD,Sullivan-Reed,Utilities,0,
TX-703A3A4DF5E5,CUST-FF22F107,2026-02-09T10:02:01.791552,350.18,USD,Flynn-Ibarra,Food,0,
TX-7D57D0A1AA1B,CUST-FF22F107,2026-02-10T17:02:01.791552,1483.71,USD,Davis and Sons,Utilities,0,
TX-AD89DE5CDEF7,CUST-FF22F107,2026-02-11T05:02:01.791552,1116.39,USD,"Long, Daniel and Baker",Utilities,0,
TX-86680EAA2171,CUST-A7A71CE7,2025-11-15T20:02:01.791552,1608.98,USD,Hines PLC,Retail,0,
TX-350D6EFB1F3C,CUST-A7A71CE7,2025-11-16T13:02:01.791552,554.39,USD,Cox-Garza,Utilities,0,
TX-068D9A01ED38,CUST-A7A71CE7,2025-11-20T05:02:01.791552,1147.79,USD,Anderson-Bishop,Travel,0,
TX-9030B40A9473,CUST-A7A71CE7,2025-11-24T03:02:01.791552,1649.01,USD,"Baker, Zimmerman and Lester",Utilities,0,
TX-B89AA3F1191C,CUST-A7A71CE7,2025-11-27T21:02:01.791552,1259.79,USD,Burton-Thomas,Travel,0,
TX-B8BA4513F8E1,CUST-A7A71CE7,2025-11-28T02:02:01.791552,1491.22,USD,Taylor Ltd,Food,0,
TX-E1A38F60964F,CUST-A7A71CE7,2025-11-28T07:02:01.791552,1495.15,USD,Gallagher-Miller,Travel,0,
TX-5F837253E757,CUST-A7A71CE7,2025-11-30T01:02:01.791552,1555.83,USD,Smith and Sons,Utilities,0,
TX-0160A5F0014A,CUST-A7A71CE7,2025-12-01T08:02:01.791552,1319.8,USD,Walker-Peters,Food,0,
TX-AA880CD67641,CUST-A7A71CE7,2025-12-04T13:02:01.791552,1675.27,USD,"Petersen, Gray and Brown",Utilities,0,
TX-9FB2C878EE9A,CUST-A7A71CE7,2025-12-07T14:02:01.791552,571.2,USD,Blankenship Group,Utilities,0,
TX-211F7D132A0E,CUST-A7A71CE7,2025-12-12T13:02:01.791552,155.46,USD,"Gaines, Clayton and Stephens",Utilities,0,
TX-0D15543AE985,CUST-A7A71CE7,2025-12-16T14:02:01.791552,1911.67,USD,Moyer PLC,Travel,0,
TX-667CF32DE453,CUST-A7A71CE7,2025-12-21T13:02:01.791552,739.53,USD,Johnston Group,Travel,0,
TX-81BC20E00D32,CUST-A7A71CE7,2025-12-26T00:02:01.791552,1471.39,USD,"Miller, Wilson and Sullivan",Travel,0,
TX-00AD55B4D6D4,CUST-A7A71CE7,2025-12-26T22:02:01.791552,523.29,USD,Reyes and Sons,Retail,0,
TX-E323500A74F5,CUST-A7A71CE7,2025-12-31T12:02:01.791552,971.54,USD,Herman-Chen,Utilities,0,
TX-EB1C4E0A5005,CUST-A7A71CE7,2026-01-03T09:02:01.791552,1519.86,USD,Thompson Group,Retail,0,
TX-BC4096771303,CUST-A7A71CE7,2026-01-04T18:02:01.791552,347.21,USD,"Rodriguez, Brooks and Hernandez",Retail,0,
TX-47F2047F4197,CUST-A7A71CE7,2026-01-06T06:02:01.791552,1964.41,USD,"Gay, Rodriguez and Collier",Utilities,0,
TX-E041AD048913,CUST-A7A71CE7,2026-01-09T15:02:01.791552,265.0,USD,Mccoy-Harris,Food,0,
TX-A1083A5F26E7,CUST-A7A71CE7,2026-01-12T03:02:01.791552,1467.77,USD,Douglas PLC,Retail,0,
TX-6D8EF1DD3783,CUST-A7A71CE7,2026-01-15T01:02:01.791552,643.81,USD,"Ball, Davis and Bell",Food,0,
TX-4E149E170612,CUST-A7A71CE7,2026-01-18T03:02:01.791552,1658.52,USD,Sullivan-Jones,Retail,0,
TX-F7DA9D416254,CUST-A7A71CE7,2026-01-23T02:02:01.791552,1065.19,USD,"Morales, Jones and Green",Food,0,
TX-B040A30A0D4A,CUST-A7A71CE7,2026-01-27T13:02:01.791552,1092.03,USD,Adams-Ferguson,Retail,0,
TX-945831AF5951,CUST-A7A71CE7,2026-01-30T13:02:01.791552,997.2,USD,Kim-Maxwell,Utilities,0,
TX-B5F92FEE77B2,CUST-A7A71CE7,2026-02-03T09:02:01.791552,319.64,USD,Alvarez-Myers,Retail,0,
TX-AD0E9E70D587,CUST-A7A71CE7,2026-02-05T04:02:01.791552,743.36,USD,"Huff, Harris and Brown",Utilities,0,
TX-4A7F1C46C924,CUST-A7A71CE7,2026-02-08T16:02:01.791552,897.28,USD,Hernandez-Holloway,Utilities,0,
TX-3BFA31E9B789,CUST-A7A71CE7,2026-02-11T16:02:01.791552,1871.9,USD,"Greene, Diaz and Guerrero",Retail,0,
TX-0DE3EA005978,CUST-0FBCD6A6,2025-11-15T22:02:01.791552,752.09,USD,"Weiss, Daugherty and Allen",Food,0,
TX-8D74228615AD,CUST-0FBCD6A6,2025-11-17T04:02:01.791552,1349.47,USD,Raymond-Daniel,Utilities,0,
TX-33F0A1DDC926,CUST-0FBCD6A6,2025-11-20T13:02:01.791552,1523.38,USD,Boyd and Sons,Food,0,
TX-E94B2DD6F64A,CUST-0FBCD6A6,2025-11-25T13:02:01.791552,1051.86,USD,Smith-Ortiz,Food,0,
TX-38840DE4C43F,CUST-0FBCD6A6,2025-11-29T13:02:01.791552,1651.34,USD,"Soto, Schmitt and Frazier",Travel,0,
TX-95500DE2304C,CUST-0FBCD6A6,2025-11-29T17:02:01.791552,794.73,USD,Hahn-Valencia,Retail,0,
TX-C6A2ADCCCD94,CUST-0FBCD6A6,2025-12-03T03:02:01.791552,1304.76,USD,Juarez LLC,Food,0,
TX-935BFD0B0D3C,CUST-0FBCD6A6,2025-12-06T02:02:01.791552,139.39,USD,Johnson-Garcia,Travel,0,
TX-C095616EC554,CUST-0FBCD6A6,2025-12-10T19:02:01.791552,1152.39,USD,"Dunlap, Jones and Hubbard",Utilities,0,
TX-EFD51EE40836,CUST-0FBCD6A6,2025-12-14T16:02:01.791552,372.09,USD,Webb PLC,Food,0,
TX-B0E1D81A0C9A,CUST-0FBCD6A6,2025-12-19T05:02:01.791552,533.48,USD,Fischer Inc,Travel,0,
TX-B8F226295599,CUST-0FBCD6A6,2025-12-22T07:02:01.791552,1963.22,USD,"Craig, Weaver and Walker",Retail,0,
TX-D1725D39CB16,CUST-0FBCD6A6,2025-12-24T10:02:01.791552,889.91,USD,Johnson Group,Utilities,0,
TX-DD4F653B8675,CUST-0FBCD6A6,2025-12-25T21:02:01.791552,1229.46,USD,Campbell-Knox,Retail,0,
TX-6DB29584640D,CUST-0FBCD6A6,2025-12-30T01:02:01.791552,185.27,USD,Watson Inc,Travel,0,
TX-4C03BA9FFC98,CUST-0FBCD6A6,2026-01-01T06:02:01.791552,1098.74,USD,"Burns, Beck and Sanchez",Retail,0,
TX-96FA6649A16D,CUST-0FBCD6A6,2026-01-06T02:02:01.791552,308.07,USD,Evans-Peters,Utilities,0,
TX-4E874A0DD31B,CUST-0FBCD6A6,2026-01-06T21:02:01.791552,1787.35,USD,Mccoy Group,Travel,0,
TX-0CAEED74C96B,CUST-0FBCD6A6,2026-01-09T22:02:01.791552,845.49,USD,"Jones, Lopez and Harrison",Food,0,
TX-C1D8A46F040F,CUST-0FBCD6A6,2026-01-10T12:02:01.791552,1248.75,USD,"Navarro, Christensen and Kelley",Food,0,
TX-FAEC7525830D,CUST-0FBCD6A6,2026-01-15T00:02:01.791552,1768.79,USD,Craig Group,Food,0,
TX-3F7874102C72,CUST-0FBCD6A6,2026-01-19T21:02:01.791552,661.83,USD,Brown PLC,Utilities,0,
TX-DE18E0D0DA41,CUST-0FBCD6A6,2026-01-22T02:02:01.791552,329.91,USD,"Lawrence, Smith and Watson",Utilities,0,
TX-8067AAB6C71E,CUST-0FBCD6A6,2026-01-22T07:02:01.791552,1999.07,USD,Dean Ltd,Retail,0,
TX-72CE6D53AA88,CUST-0FBCD6A6,2026-01-26T21:02:01.791552,1571.49,USD,"Buchanan, Miller and Logan",Food,0,
TX-44E52CF2328C,CUST-0FBCD6A6,2026-01-29T07:02:01.791552,992.5,USD,Haynes LLC,Utilities,0,
TX-30A7AE9FB385,CUST-0FBCD6A6,2026-01-30T04:02:01.791552,511.49,USD,Perez Group,Food,0,
TX-368147D81565,CUST-0FBCD6A6,2026-02-03T01:02:01.791552,1429.32,USD,"Cummings, Hodge and Thompson",Retail,0,
TX-37E2D06246B6,CUST-0FBCD6A6,2026-02-04T07:02:01.791552,287.48,USD,Mcdaniel Inc,Retail,0,
TX-A16107620E82,CUST-0FBCD6A6,2026-02-05T15:02:01.791552,709.79,USD,Campbell Ltd,Food,0,
TX-8B812D551077,CUST-0FBCD6A6,2026-02-09T00:02:01.791552,906.53,USD,"Deleon, Lee and Williams",Travel,0,
TX-7D82CC8FCB6D,CUST-0FBCD6A6,2026-02-10T01:02:01.791552,114.84,USD,Kramer LLC,Retail,0,
TX-B9351C65E4F6,CUST-6BAE8514,2025-11-17T22:02:01.791552,105.41,USD,Nelson-Harrison,Food,0,
TX-49716A78846D,CUST-6BAE8514,2025-11-21T20:02:01.791552,1586.46,USD,"Mejia, Newton and Pham",Utilities,0,
TX-DABA3271357B,CUST-6BAE8514,2025-11-26T02:02:01.791552,1736.2,USD,Andrews Group,Retail,0,
TX-E732E0C7DF87,CUST-6BAE8514,2025-11-29T08:02:01.791552,842.5,USD,Mueller Group,Retail,0,
TX-935D5541DC9D,CUST-6BAE8514,2025-12-03T17:02:01.791552,1376.05,USD,Calhoun-Davis,Retail,0,
TX-BE3029036BEA,CUST-6BAE8514,2025-12-05T22:02:01.791552,418.97,USD,Choi and Sons,Food,0,
TX-D49B74B37D31,CUST-6BAE8514,2025-12-07T00:02:01.791552,1859.9,USD,Valencia-Raymond,Travel,0,
TX-F46F16AAC920,CUST-6BAE8514,2025-12-07T02:02:01.791552,116.32,USD,Horne and Sons,Travel,0,
TX-CE7E0C85A3A1,CUST-6BAE8514,2025-12-11T16:02:01.791552,507.39,USD,Ortiz-Barker,Food,0,
TX-16DF4D1BFCA6,CUST-6BAE8514,2025-12-15T09:02:01.791552,324.16,USD,Rich PLC,Food,0,
TX-F926343F6942,CUST-6BAE8514,2025-12-16T07:02:01.791552,700.42,USD,"Harris, Carpenter and Wilson",Food,0,
TX-D395DF77A85F,CUST-6BAE8514,2025-12-18T02:02:01.791552,194.55,USD,"Brown, Frye and Harmon",Food,0,
TX-08C58A5B0381,CUST-6BAE8514,2025-12-19T00:02:01.791552,602.5,USD,Petersen Group,Food,0,
TX-9B1DFA5C5FEA,CUST-6BAE8514,2025-12-19T05:02:01.791552,1784.56,USD,"Young, Martinez and May",Utilities,0,
TX-901725975BA8,CUST-6BAE8514,2025-12-19T19:02:01.791552,264.96,USD,Silva and Sons,Food,0,
TX-82EABCC3B624,CUST-6BAE8514,2025-12-21T10:02:01.791552,151.32,USD,"Stephens, Rodriguez and Garrett",Utilities,0,
TX-7AE2C7F3C23E,CUST-6BAE8514,2025-12-24T22:02:01.791552,450.63,USD,"James, Green and Lewis",Retail,0,
TX-A71701946F8F,CUST-6BAE8514,2025-12-24T23:02:01.791552,1315.99,USD,"Boyd, Santiago and Perez",Food,0,
TX-2FA38D883820,CUST-6BAE8514,2025-12-28T15:02:01.791552,341.33,USD,"Wood, Frederick and Brewer",Food,0,
TX-30B8B6B2101C,CUST-6BAE8514,2025-12-31T20:02:01.791552,1215.89,USD,Dunn-Hanson,Food,0,
TX-66765C1E4BEB,CUST-6BAE8514,2026-01-03T20:02:01.791552,1162.18,USD,"Nash, Marshall and Reeves",Utilities,0,
TX-E5E027467672,CUST-6BAE8514,2026-01-04T11:02:01.791552,823.59,USD,Patterson-Hawkins,Travel,0,
TX-E7CF06A67692,CUST-6BAE8514,2026-01-06T23:02:01.791552,218.03,USD,Gomez-Horne,Retail,0,
TX-09B941390ADF,CUST-6BAE8514,2026-01-10T10:02:01.791552,1237.5,USD,"Mcfarland, Calderon and Taylor",Retail,0,
TX-7BBCBC242054,CUST-6BAE8514,2026-01-11T20:02:01.791552,73.02,USD,Armstrong-Williams,Utilities,0,
TX-116B546F78D4,CUST-6BAE8514,2026-01-11T21:02:01.791552,193.03,USD,Wiggins-Padilla,Travel,0,
TX-1B6A83023099,CUST-6BAE8514,2026-01-15T12:02:01.791552,1140.51,USD,"Fisher, Weber and Hopkins",Travel,0,
TX-883FBA9B1427,CUST-6BAE8514,2026-01-18T20:02:01.791552,935.91,USD,Mckenzie-Morrison,Utilities,0,
TX-2F94459409D5,CUST-6BAE8514,2026-01-23T00:02:01.791552,1581.15,USD,Bray-Castillo,Utilities,0,
TX-EE712B939F1F,CUST-6CF86DFB,2025-11-16T12:02:01.791552,200.48,USD,Davila Inc,Travel,0,
TX-E2DA8D79F8FA,CUST-6CF86DFB,2025-11-16T13:02:01.791552,1285.64,USD,Harding-Richardson,Travel,0,
TX-8DCFB23BB953,CUST-6CF86DFB,2025-11-21T06:02:01.791552,1383.04,USD,"Mcgee, Johnson and Hernandez",Food,0,
TX-3CAD1B0680AF,CUST-6CF86DFB,2025-11-23T09:02:01.791552,1311.59,USD,"Pollard, Washington and Gonzales",Retail,0,
TX-28C362BA0CDB,CUST-6CF86DFB,2025-11-25T00:02:01.791552,1042.78,USD,Jones Inc,Food,0,
TX-74FD41700A10,CUST-6CF86DFB,2025-11-28T00:02:01.791552,1081.95,USD,"Greene, Bryan and Mitchell",Retail,0,
TX-42979B7C3333,CUST-6CF86DFB,2025-11-30T02:02:01.791552,1086.21,USD,Hill-Dillon,Utilities,0,
TX-D2A48629A626,CUST-6CF86DFB,2025-12-01T06:02:01.791552,917.27,USD,Manning Ltd,Retail,0,
TX-92E0924AEAF7,CUST-6CF86DFB,2025-12-02T09:02:01.791552,771.84,USD,Lopez-Moran,Food,0,
TX-F1ADD5B99B98,CUST-6CF86DFB,2025-12-04T15:02:01.791552,685.44,USD,Crawford LLC,Food,0,
TX-F727C7CEF62B,CUST-6CF86DFB,2025-12-05T09:02:01.791552,1314.55,USD,Whitaker Group,Retail,0,
TX-EC1E101D7D24,CUST-6CF86DFB,2025-12-09T15:02:01.791552,1082.83,USD,Wilson-Hill,Food,0,
TX-439527E5033C,CUST-6CF86DFB,2025-12-11T06:02:01.791552,1483.71,USD,Jones and Sons,Retail,0,
TX-00F75B40C02C,CUST-6CF86DFB,2025-12-13T15:02:01.791552,1038.66,USD,Payne-Johnson,Retail,0,
TX-4A38BFE69830,CUST-6CF86DFB,2025-12-13T17:02:01.791552,1296.64,USD,Petersen Inc,Travel,0,
TX-5F96D9C44078,CUST-6CF86DFB,2025-12-14T20:02:01.791552,1034.91,USD,Mitchell and Sons,Food,0,
TX-F236192B54AC,CUST-6CF86DFB,2025-12-19T00:02:01.791552,503.0,USD,Cannon Group,Utilities,0,
TX-CA38A0608F1A,CUST-6CF86DFB,2025-12-19T19:02:01.791552,199.89,USD,Downs and Sons,Food,0,
TX-E5989C06F785,CUST-6CF86DFB,2025-12-19T20:02:01.791552,431.02,USD,Jacobs-Lynch,Travel,0,
TX-269A64BEEFFE,CUST-6CF86DFB,2025-12-23T21:02:01.791552,1268.02,USD,Pope-Jenkins,Travel,0,
TX-BBAB9EF11ED8,CUST-6CF86DFB,2025-12-25T00:02:01.791552,103.14,USD,Henderson and Sons,Travel,0,
TX-C7AC4F80D7AE,CUST-6CF86DFB,2025-12-25T19:02:01.791552,1583.83,USD,Wilson-Riddle,Food,0,
TX-61860826C5CB,CUST-6CF86DFB,2025-12-28T06:02:01.791552,1103.14,USD,"Marsh, Richardson and Dixon",Food,0,
TX-8F939E349C86,CUST-6CF86DFB,2025-12-28T11:02:01.791552,1826.23,USD,"Sellers, Collins and Anderson",Food,0,
TX-26750625014E,CUST-6CF86DFB,2026-01-01T00:02:01.791552,120.95,USD,Kim-Bowen,Food,0,
TX-EDC4ABFB3639,CUST-6CF86DFB,2026-01-01T08:02:01.791552,602.05,USD,Meza-Hutchinson,Travel,0,
TX-1F4751783326,CUST-6CF86DFB,2026-01-01T18:02:01.791552,877.22,USD,Hodge Inc,Food,0,
TX-120709E8ABF1,CUST-6CF86DFB,2026-01-06T03:02:01.791552,321.77,USD,Williams and Sons,Utilities,0,
TX-5A9D012E6D8D,CUST-6CF86DFB,2026-01-07T21:02:01.791552,400.98,USD,Robertson-Marks,Food,0,
TX-B91D873AC020,CUST-6CF86DFB,2026-01-11T15:02:01.791552,373.37,USD,"Smith, Marquez and Wilson",Utilities,0,
TX-426AD0F83531,CUST-6CF86DFB,2026-01-13T01:02:01.791552,755.33,USD,Jones PLC,Utilities,0,
TX-EA7ADA0E72E4,CUST-6CF86DFB,2026-01-13T20:02:01.791552,433.9,USD,Moore Inc,Food,0,
TX-3AB67F860816,CUST-6CF86DFB,2026-01-15T21:02:01.791552,1133.07,USD,"Davis, Rush and Young",Retail,0,
TX-06CCE3FED3AC,CUST-6CF86DFB,2026-01-20T12:02:01.791552,1815.0,USD,Ford-Black,Utilities,0,
TX-8B0EBB9E5DF6,CUST-6CF86DFB,2026-01-24T14:02:01.791552,1793.62,USD,Avery Inc,Travel,0,
TX-68591579D27B,CUST-6CF86DFB,2026-01-24T21:02:01.791552,478.3,USD,Lee and Sons,Travel,0,
TX-F66344BBF5B9,CUST-6CF86DFB,2026-01-25T04:02:01.791552,1641.53,USD,"Thomas, Fernandez and Richardson",Travel,0,
TX-E674038E36A9,CUST-6CF86DFB,2026-01-25T18:02:01.791552,1789.98,USD,Reyes Group,Food,0,
TX-C6C97A50108F,CUST-6CF86DFB,2026-01-25T20:02:01.791552,313.47,USD,"Davidson, Adams and Daniel",Food,0,
TX-589D747C3FDB,CUST-6CF86DFB,2026-01-28T15:02:01.791552,1023.63,USD,Cunningham Inc,Utilities,0,
TX-889308C189C0,CUST-6CF86DFB,2026-01-29T10:02:01.791552,966.32,USD,Dyer-Wilson,Retail,0,
TX-89761F0C2575,CUST-6CF86DFB,2026-02-01T00:02:01.791552,1877.05,USD,"Moss, Lyons and Phillips",Utilities,0,
TX-3FE5BAE7C495,CUST-6CF86DFB,2026-02-03T19:02:01.791552,638.01,USD,"Taylor, Waller and Peterson",Food,0,
TX-B4835D18BEEE,CUST-6CF86DFB,2026-02-07T03:02:01.791552,1737.25,USD,Glenn-Jones,Retail,0,
TX-7DB05AF342B4,CUST-6CF86DFB,2026-02-07T23:02:01.791552,1978.66,USD,Watson Group,Retail,0,
TX-2DA283AAA966,CUST-6CF86DFB,2026-02-08T01:02:01.791552,875.84,USD,Perez-Gonzalez,Travel,0,
TX-04C37295CEC7,CUST-6CF86DFB,2026-02-11T01:02:01.791552,330.28,USD,Lewis-Delgado,Travel,0,
TX-41436C00FFC9,CUST-41A60C81,2025-11-15T10:02:01.791552,1577.94,USD,"Walker, Casey and Vargas",Utilities,0,
TX-F04D64CF29D9,CUST-41A60C81,2025-11-17T09:02:01.791552,1443.24,USD,Martinez-Mcintosh,Food,0,
TX-544B0F745511,CUST-41A60C81,2025-11-21T11:02:01.791552,1425.35,USD,Bonilla-Taylor,Food,0,
TX-A215CF55F76F,CUST-41A60C81,2025-11-26T01:02:01.791552,310.43,USD,"Barron, Jones and Gonzalez",Retail,0,
TX-9013D580053F,CUST-41A60C81,2025-11-30T23:02:01.791552,184.87,USD,"Henry, Cooper and Smith",Travel,0,
TX-50943F872B3D,CUST-41A60C81,2025-12-01T11:02:01.791552,64.54,USD,Alvarado-Richardson,Retail,0,
TX-4085766C1C7B,CUST-41A60C81,2025-12-02T20:02:01.791552,515.96,USD,Baxter-Thomas,Utilities,0,
TX-6FC4906470D5,CUST-41A60C81,2025-12-02T22:02:01.791552,1586.22,USD,Stout-Cross,Retail,0,
TX-13A33F3589EB,CUST-41A60C81,2025-12-05T11:02:01.791552,146.25,USD,White Group,Travel,0,
TX-44D2FE2D824A,CUST-41A60C81,2025-12-10T05:02:01.791552,738.6,USD,"Taylor, Ramirez and Cruz",Retail,0,
TX-CFC3DD23CE28,CUST-41A60C81,2025-12-10T11:02:01.791552,1999.59,USD,Wilson-Townsend,Travel,0,
TX-89AB066F0A87,CUST-41A60C81,2025-12-14T13:02:01.791552,506.01,USD,Harris Ltd,Utilities,0,
TX-B1E765D6D3B9,CUST-41A60C81,2025-12-17T21:02:01.791552,1716.74,USD,Owens Inc,Retail,0,
TX-3887BCDA6E77,CUST-41A60C81,2025-12-22T11:02:01.791552,172.29,USD,Fernandez-Booker,Food,0,
TX-21D1A330CEBC,CUST-41A60C81,2025-12-22T14:02:01.791552,884.74,USD,"Johnson, Baker and Armstrong",Food,0,
TX-0E28FD6ACA95,CUST-41A60C81,2025-12-24T01:02:01.791552,1725.96,USD,Adams-Davis,Travel,0,
TX-8B48D5D62863,CUST-41A60C81,2025-12-25T18:02:01.791552,21.54,USD,Oconnell-Austin,Utilities,0,
TX-7B281170A23A,CUST-41A60C81,2025-12-28T12:02:01.791552,1606.76,USD,Washington-Williams,Food,0,
TX-7D641323B020,CUST-41A60C81,2026-01-01T17:02:01.791552,317.9,USD,"Moss, Clark and Herman",Utilities,0,
TX-60CFF3BB2B1D,CUST-41A60C81,2026-01-04T18:02:01.791552,1307.3,USD,"Sandoval, Pearson and Rivera",Retail,0,
TX-4E3E7197B7E7,CUST-41A60C81,2026-01-05T16:02:01.791552,1713.39,USD,"Brown, Mathis and Wang",Travel,0,
TX-112CCFF41FA4,CUST-41A60C81,2026-01-06T21:02:01.791552,583.3,USD,Monroe-Morse,Food,0,
TX-3A6B15695A62,CUST-41A60C81,2026-01-10T04:02:01.791552,116.49,USD,Gregory-Villarreal,Food,0,
TX-31F9F84A15FA,CUST-41A60C81,2026-01-11T13:02:01.791552,1943.39,USD,Clark LLC,Utilities,0,
TX-F75410F29158,CUST-41A60C81,2026-01-13T20:02:01.791552,579.17,USD,Arnold LLC,Food,0,
TX-5C992509C7D6,CUST-41A60C81,2026-01-15T20:02:01.791552,341.64,USD,Brown LLC,Food,0,
TX-6F815F0B9304,CUST-41A60C81,2026-01-19T22:02:01.791552,1614.5,USD,Craig Ltd,Travel,0,
TX-0722AC823966,CUST-41A60C81,2026-01-21T04:02:01.791552,315.92,USD,Rodriguez-Hayes,Utilities,0,
TX-AD56EBAB732E,CUST-41A60C81,2026-01-25T00:02:01.791552,371.76,USD,"Salazar, Watson and Sparks",Food,0,
TX-A8C672E9B1F8,CUST-41A60C81,2026-01-28T05:02:01.791552,1587.56,USD,Vaughan PLC,Travel,0,
TX-D25C73012705,CUST-41A60C81,2026-01-28T17:02:01.791552,1027.05,USD,Davis-Williams,Utilities,0,
TX-8C01B2AE516C,CUST-41A60C81,2026-02-01T10:02:01.791552,178.99,USD,Lewis Ltd,Retail,0,
TX-DADF48B1A530,CUST-41A60C81,2026-02-02T07:02:01.791552,1339.66,USD,Snyder-Miles,Retail,0,
TX-8DF322BFA099,CUST-41A60C81,2026-02-03T23:02:01.791552,1653.42,USD,Martinez Group,Food,0,
TX-2A849B07DE65,CUST-41A60C81,2026-02-06T20:02:01.791552,140.3,USD,Mullins-Wilson,Travel,0,
TX-5F61E88F51EF,CUST-41A60C81,2026-02-08T12:02:01.791552,284.37,USD,Perez-Clayton,Food,0,
TX-A6E3312E3013,CUST-B0C3BB82,2025-11-16T21:02:01.791552,1554.88,USD,Hester-Rogers,Retail,0,
TX-6DDDD05E9803,CUST-B0C3BB82,2025-11-18T07:02:01.791552,644.87,USD,"Williamson, Rice and Phillips",Retail,0,
TX-77FF4FDE459E,CUST-B0C3BB82,2025-11-21T23:02:01.791552,1739.92,USD,Gallegos LLC,Food,0,
TX-0C2C62D678CE,CUST-B0C3BB82,2025-11-22T05:02:01.791552,1297.34,USD,"Ross, Hernandez and Simpson",Food,0,
TX-19BE1039C196,CUST-B0C3BB82,2025-11-26T20:02:01.791552,1539.19,USD,Bates Group,Utilities,0,
TX-0AE2816EBB17,CUST-B0C3BB82,2025-11-30T05:02:01.791552,1528.45,USD,"Williams, Johnson and Howard",Retail,0,
TX-A824F47FBB8F,CUST-B0C3BB82,2025-12-03T08:02:01.791552,951.66,USD,Zuniga Inc,Travel,0,
TX-938DCEF0B168,CUST-B0C3BB82,2025-12-07T20:02:01.791552,345.15,USD,"Allen, Ingram and Pearson",Retail,0,
TX-BA8FED31D782,CUST-B0C3BB82,2025-12-11T11:02:01.791552,869.59,USD,"Thornton, Mitchell and Anderson",Food,0,
TX-A18FB60C0B9D,CUST-B0C3BB82,2025-12-13T04:02:01.791552,1155.44,USD,"Roach, Bush and Simpson",Travel,0,
TX-CF5FB14E5146,CUST-B0C3BB82,2025-12-15T01:02:01.791552,1036.46,USD,Robbins-Kirk,Travel,0,
TX-819FA02699F4,CUST-B0C3BB82,2025-12-18T20:02:01.791552,1395.28,USD,"Clark, Hall and Young",Utilities,0,
TX-92F81FADFFAC,CUST-B0C3BB82,2025-12-23T04:02:01.791552,127.85,USD,Greene LLC,Travel,0,
TX-8718402AEA0B,CUST-B0C3BB82,2025-12-27T11:02:01.791552,771.03,USD,Vargas Inc,Food,0,
TX-4D2612A09ADB,CUST-B0C3BB82,2025-12-30T21:02:01.791552,1540.42,USD,Cox and Sons,Retail,0,
TX-C5C6BF8B42EC,CUST-B0C3BB82,2026-01-03T02:02:01.791552,1031.98,USD,Scott Group,Retail,0,
TX-764AD05AA692,CUST-B0C3BB82,2026-01-07T19:02:01.791552,1087.72,USD,Bishop-Velez,Utilities,0,
TX-4B00AA9A226A,CUST-B0C3BB82,2026-01-09T22:02:01.791552,462.32,USD,"Lowe, Erickson and Grant",Utilities,0,
TX-D4A93AE6FA90,CUST-B0C3BB82,2026-01-11T00:02:01.791552,1504.73,USD,"Knight, King and Perry",Food,0,
TX-BDB86C854529,CUST-B0C3BB82,2026-01-12T19:02:01.791552,590.39,USD,Hughes Inc,Retail,0,
TX-27337FF675BB,CUST-B0C3BB82,2026-01-14T23:02:01.791552,1009.17,USD,Ford-Terry,Food,0,
TX-41C69C33289D,CUST-B0C3BB82,2026-01-19T07:02:01.791552,216.96,USD,Phillips-Morales,Retail,0,
TX-2B4272685663,CUST-B0C3BB82,2026-01-21T07:02:01.791552,1341.07,USD,Fletcher-Ramsey,Retail,0,
TX-B4F3645E4923,CUST-B0C3BB82,2026-01-25T00:02:01.791552,891.98,USD,Richardson-Lopez,Utilities,0,
TX-EA7F85670344,CUST-B0C3BB82,2026-01-26T12:02:01.791552,447.21,USD,"Burke, Powers and Wells",Food,0,
TX-CBBC6BE51119,CUST-B0C3BB82,2026-01-30T14:02:01.791552,775.6,USD,"Palmer, Sanchez and Medina",Retail,0,
TX-9B6FDDF7A125,CUST-B0C3BB82,2026-02-02T23:02:01.791552,786.45,USD,"Craig, Parsons and Thomas",Utilities,0,
TX-1C9D6C70EB1E,CUST-B0C3BB82,2026-02-06T01:02:01.791552,1429.77,USD,Nicholson Group,Utilities,0,
TX-0F94561D3216,CUST-B0C3BB82,2026-02-07T17:02:01.791552,1235.17,USD,Brown-Byrd,Food,0,
TX-E2379CC36ADE,CUST-B0C3BB82,2026-02-10T07:02:01.791552,664.37,USD,Smith-Diaz,Retail,0,
TX-C9710B627A4F,CUST-714B29C2,2025-11-14T06:02:01.791552,315.9,USD,Salazar Ltd,Food,0,
TX-D598DBE2323F,CUST-714B29C2,2025-11-19T02:02:01.791552,76.29,USD,Vaughn Group,Retail,0,
TX-F406EF53A8C3,CUST-714B29C2,2025-11-19T19:02:01.791552,30.24,USD,Williams Inc,Travel,0,
TX-F0F80D7152A6,CUST-714B29C2,2025-11-22T06:02:01.791552,1459.01,USD,"Duffy, Jackson and Wright",Travel,0,
TX-FCA0D22B47EE,CUST-714B29C2,2025-11-24T15:02:01.791552,1583.5,USD,Walters Ltd,Food,0,
TX-0F442D9D6B1B,CUST-714B29C2,2025-11-25T00:02:01.791552,99.43,USD,Campbell-Schroeder,Travel,0,
TX-BAA3988576E1,CUST-714B29C2,2025-11-25T11:02:01.791552,1645.46,USD,Navarro-Robertson,Food,0,
TX-6E9A9225A2F6,CUST-714B29C2,2025-11-27T03:02:01.791552,567.44,USD,"Jackson, Snow and Bond",Utilities,0,
TX-2645F860F6D2,CUST-714B29C2,2025-11-29T19:02:01.791552,912.61,USD,"Morrow, Rodriguez and Johnson",Food,0,
TX-CECE983EFEF6,CUST-714B29C2,2025-11-30T15:02:01.791552,641.72,USD,Cooper-Gutierrez,Retail,0,
TX-033C02F3DEBC,CUST-714B29C2,2025-12-03T01:02:01.791552,187.53,USD,"Kennedy, Figueroa and Lawrence",Travel,0,
TX-A30B36BD7DC1,CUST-714B29C2,2025-12-05T10:02:01.791552,1329.01,USD,"Santiago, Bauer and Edwards",Travel,0,
TX-CEBAE3EE4293,CUST-714B29C2,2025-12-06T17:02:01.791552,725.6,USD,Wilson-Patel,Travel,0,
TX-44FB977AC671,CUST-714B29C2,2025-12-08T16:02:01.791552,55.63,USD,Morales-Wilson,Retail,0,
TX-413BB717DD65,CUST-714B29C2,2025-12-10T07:02:01.791552,685.4,USD,Payne-Silva,Travel,0,
TX-EDD1C465FDC4,CUST-714B29C2,2025-12-14T11:02:01.791552,1477.37,USD,"Smith, Mills and White",Travel,0,
TX-219ECB8DC0D3,CUST-714B29C2,2025-12-15T19:02:01.791552,1587.13,USD,Bell Group,Utilities,0,
TX-CDDBEE2FA3C8,CUST-714B29C2,2025-12-19T08:02:01.791552,310.27,USD,"Patterson, Peters and Walters",Food,0,
TX-83F8B81324EB,CUST-714B29C2,2025-12-19T22:02:01.791552,1564.31,USD,"Hernandez, Rhodes and Myers",Food,0,
TX-88610BA29D96,CUST-714B29C2,2025-12-22T08:02:01.791552,1477.48,USD,"Owens, Anderson and Kaiser",Food,0,
TX-4B3F53F1D10E,CUST-714B29C2,2025-12-22T16:02:01.791552,17.71,USD,"Reed, Nelson and Carter",Food,0,
TX-F93EBF420D02,CUST-714B29C2,2025-12-27T03:02:01.791552,1297.58,USD,Hernandez-Reyes,Food,0,
TX-5163179B1FAD,CUST-714B29C2,2025-12-30T16:02:01.791552,1771.14,USD,Roberts-Padilla,Retail,0,
TX-DB705C6A5160,CUST-714B29C2,2026-01-01T16:02:01.791552,1073.79,USD,Reyes Group,Travel,0,
TX-7D3079E8BA05,CUST-714B29C2,2026-01-02T22:02:01.791552,1234.23,USD,"Powell, Walker and Robertson",Food,0,
TX-01B52A357B5D,CUST-714B29C2,2026-01-07T02:02:01.791552,243.5,USD,"Peterson, Walsh and Hayes",Travel,0,
TX-AC99F1432E97,CUST-714B29C2,2026-01-11T05:02:01.791552,613.13,USD,Owens LLC,Utilities,0,
TX-1F967D664D44,CUST-714B29C2,2026-01-12T22:02:01.791552,1905.99,USD,Benson-Torres,Travel,0,
TX-3D0DE45783C0,CUST-714B29C2,2026-01-13T17:02:01.791552,1514.25,USD,Harris-Hicks,Travel,0,
TX-D2A245B00774,CUST-714B29C2,2026-01-17T05:02:01.791552,13.03,USD,Valencia-Russell,Retail,0,
TX-B9321BAB598B,CUST-714B29C2,2026-01-20T20:02:01.791552,323.99,USD,"Murillo, Williams and Herring",Food,0,
TX-753EC7A8474A,CUST-714B29C2,2026-01-23T15:02:01.791552,895.01,USD,Vazquez LLC,Travel,0,
TX-8195DB2F3FCF,CUST-714B29C2,2026-01-25T06:02:01.791552,1029.85,USD,Oneill-Bailey,Food,0,
TX-891CADC107C0,CUST-714B29C2,2026-01-26T03:02:01.791552,122.89,USD,Greene-Delacruz,Retail,0,
TX-ED90D40C6C19,CUST-714B29C2,2026-01-26T18:02:01.791552,451.39,USD,"Long, Moreno and Garcia",Utilities,0,
TX-6F9EACA536BF,CUST-714B29C2,2026-01-27T19:02:01.791552,1027.09,USD,"Rodriguez, Johnson and Schultz",Utilities,0,
TX-C973135C4B72,CUST-714B29C2,2026-01-30T11:02:01.791552,36.86,USD,"Krueger, Dennis and Long",Food,0,
TX-3A54591012BD,CUST-62A8C69B,2025-11-15T02:02:01.791552,318.57,USD,"Hahn, Hill and Black",Utilities,0,
TX-4112817267F4,CUST-62A8C69B,2025-11-18T04:02:01.791552,168.35,USD,Stevens-Williams,Retail,0,
TX-1A9D6C7EB0A2,CUST-62A8C69B,2025-11-23T03:02:01.791552,897.6,USD,Brewer LLC,Utilities,0,
TX-C683EE5DC8FF,CUST-62A8C69B,2025-11-25T18:02:01.791552,1166.16,USD,Wright-Williams,Utilities,0,
TX-3E85DECF433A,CUST-62A8C69B,2025-11-26T20:02:01.791552,1671.89,USD,Stewart-Spence,Utilities,0,
TX-95A5D16EAC90,CUST-62A8C69B,2025-11-29T14:02:01.791552,890.66,USD,Floyd Ltd,Travel,0,
TX-A787BA811DCC,CUST-62A8C69B,2025-12-01T05:02:01.791552,543.82,USD,"Bass, Smith and Tyler",Utilities,0,
TX-CE76B98D6BF4,CUST-62A8C69B,2025-12-04T05:02:01.791552,1025.68,USD,"Bowen, Mitchell and Thompson",Utilities,0,
TX-118CB0254AE3,CUST-62A8C69B,2025-12-04T08:02:01.791552,1313.77,USD,Mills-Pham,Utilities,0,
TX-34D552DB21D6,CUST-62A8C69B,2025-12-07T23:02:01.791552,539.89,USD,Jordan Inc,Utilities,0,
TX-F4BA2C5D6E88,CUST-62A8C69B,2025-12-09T18:02:01.791552,1772.87,USD,"West, Perez and Carr",Utilities,0,
TX-3800BBB9AE9C,CUST-62A8C69B,2025-12-09T21:02:01.791552,796.96,USD,"Nelson, Reed and Morgan",Food,0,
TX-2058DF6A1481,CUST-62A8C69B,2025-12-14T21:02:01.791552,1580.62,USD,"Nguyen, Jefferson and Roberts",Travel,0,
TX-FF12EE0259D9,CUST-62A8C69B,2025-12-16T05:02:01.791552,1158.52,USD,"Reynolds, Carrillo and Brown",Food,0,
TX-99D228A561DA,CUST-62A8C69B,2025-12-19T00:02:01.791552,1200.38,USD,Elliott LLC,Travel,0,
TX-FF36AA8C9045,CUST-62A8C69B,2025-12-21T03:02:01.791552,1255.23,USD,Castillo Inc,Food,0,
TX-4E0AAA58BB8C,CUST-62A8C69B,2025-12-22T01:02:01.791552,911.77,USD,Shields-Woods,Food,0,
TX-E104E73F700F,CUST-62A8C69B,2025-12-23T11:02:01.791552,720.26,USD,"Williams, Watkins and Chaney",Utilities,0,
TX-3136463A48F8,CUST-62A8C69B,2025-12-24T19:02:01.791552,1366.13,USD,Williams-Stewart,Travel,0,
TX-C4DBBBF38896,CUST-62A8C69B,2025-12-28T21:02:01.791552,98.79,USD,"Craig, Hall and Garner",Retail,0,
TX-087FA2647D65,CUST-62A8C69B,2025-12-31T20:02:01.791552,1216.69,USD,Pace-Smith,Retail,0,
TX-DA5C156516E3,CUST-62A8C69B,2026-01-04T15:02:01.791552,1957.61,USD,"Martin, Valdez and Duncan",Retail,0,
TX-ABFD1EF7BD59,CUST-62A8C69B,2026-01-08T11:02:01.791552,1566.29,USD,"Atkinson, Levy and Fischer",Utilities,0,
TX-317077E67274,CUST-62A8C69B,2026-01-11T13:02:01.791552,274.47,USD,Warren-Clark,Travel,0,
TX-0D1E14595F61,CUST-62A8C69B,2026-01-12T08:02:01.791552,1188.76,USD,Jackson-Sims,Retail,0,
TX-A35E3A5722C3,CUST-62A8C69B,2026-01-16T20:02:01.791552,696.0,USD,Anderson Group,Utilities,0,
TX-AAC31456A6BA,CUST-62A8C69B,2026-01-19T06:02:01.791552,548.4,USD,Phillips and Sons,Food,0,
TX-833D025BFD69,CUST-62A8C69B,2026-01-21T00:02:01.791552,611.0,USD,Davenport Inc,Food,0,
TX-D746175CA5EA,CUST-62A8C69B,2026-01-22T09:02:01.791552,447.26,USD,Jackson PLC,Utilities,0,
TX-6E17E818361F,CUST-62A8C69B,2026-01-24T10:02:01.791552,275.95,USD,Heath-Smith,Utilities,0,
TX-604D9337F4E4,CUST-7E2DCAD4,2025-11-16T02:02:01.791552,101.18,USD,"Gillespie, Gonzalez and Foley",Travel,0,
TX-AC0658DA807A,CUST-7E2DCAD4,2025-11-18T17:02:01.791552,811.15,USD,Bishop-Woods,Food,0,
TX-A6A91A01671A,CUST-7E2DCAD4,2025-11-23T12:02:01.791552,1169.0,USD,Ward-Haas,Retail,0,
TX-8F9D7E4D6A14,CUST-7E2DCAD4,2025-11-25T12:02:01.791552,1088.07,USD,Patrick-Rodriguez,Retail,0,
TX-59E0E48E61D2,CUST-7E2DCAD4,2025-11-27T09:02:01.791552,167.32,USD,"Hernandez, Quinn and Manning",Utilities,0,
TX-EFBF3096FBC8,CUST-7E2DCAD4,2025-12-01T05:02:01.791552,425.94,USD,Martinez-Woodward,Retail,0,
TX-A3684288205F,CUST-7E2DCAD4,2025-12-03T04:02:01.791552,864.36,USD,Livingston and Sons,Retail,0,
TX-10BF5E49CE64,CUST-7E2DCAD4,2025-12-06T12:02:01.791552,1190.49,USD,"Flores, Henry and Gomez",Retail,0,
TX-620C1DB8749D,CUST-7E2DCAD4,2025-12-11T07:02:01.791552,1166.17,USD,Marshall Group,Food,0,
TX-F85974A730B7,CUST-7E2DCAD4,2025-12-15T04:02:01.791552,1405.94,USD,Lee-Montgomery,Food,0,
TX-63B4A1BC11EF,CUST-7E2DCAD4,2025-12-17T10:02:01.791552,1674.47,USD,Blake-Pope,Food,0,
TX-9AF6C06283C1,CUST-7E2DCAD4,2025-12-21T07:02:01.791552,1856.88,USD,Smith Ltd,Food,0,
TX-651993CFC3A2,CUST-7E2DCAD4,2025-12-21T16:02:01.791552,1084.6,USD,Rollins Group,Retail,0,
TX-21639D8F47AA,CUST-7E2DCAD4,2025-12-23T13:02:01.791552,1111.54,USD,"Cameron, Carter and Mccarty",Food,0,
TX-6889218E12B6,CUST-7E2DCAD4,2025-12-27T17:02:01.791552,1547.63,USD,"Lewis, Richardson and Bryant",Food,0,
TX-36E82FA17C11,CUST-7E2DCAD4,2026-01-01T02:02:01.791552,1669.23,USD,Gonzalez-Norman,Retail,0,
TX-7A4FA4446C01,CUST-7E2DCAD4,2026-01-06T02:02:01.791552,1607.77,USD,"Chavez, Rogers and Rodriguez",Utilities,0,
TX-2BC5FC7E4F08,CUST-7E2DCAD4,2026-01-09T18:02:01.791552,283.43,USD,Barnes-Patel,Retail,0,
TX-CD38E68AD1BE,CUST-7E2DCAD4,2026-01-11T11:02:01.791552,1837.7,USD,"Sanchez, Cohen and Sexton",Food,0,
TX-4BD252E4487F,CUST-7E2DCAD4,2026-01-14T20:02:01.791552,1498.15,USD,Richards-Taylor,Travel,0,
TX-CA2A2FC036BF,CUST-7E2DCAD4,2026-01-18T15:02:01.791552,1637.63,USD,"Farmer, Saunders and Thomas",Food,0,
TX-E84CD03971F8,CUST-7E2DCAD4,2026-01-21T14:02:01.791552,885.69,USD,Gray-Jackson,Food,0,
TX-DDCD525B1413,CUST-7E2DCAD4,2026-01-24T15:02:01.791552,1966.01,USD,Henderson-King,Utilities,0,
TX-881E98AADB6B,CUST-7E2DCAD4,2026-01-25T03:02:01.791552,1140.51,USD,Walls PLC,Retail,0,
TX-70E13595D950,CUST-7E2DCAD4,2026-01-28T09:02:01.791552,1624.49,USD,"Jones, Lyons and Mendez",Retail,0,
TX-1862051B68A6,CUST-7E2DCAD4,2026-02-01T02:02:01.791552,410.05,USD,Wood-Green,Food,0,
TX-429FB289C1CD,CUST-7E2DCAD4,2026-02-01T14:02:01.791552,1633.9,USD,Martinez-Diaz,Travel,0,
TX-A6FDA72BEAF6,CUST-7E2DCAD4,2026-02-06T04:02:01.791552,1339.47,USD,Malone-Glenn,Utilities,0,
TX-66159413261C,CUST-7E2DCAD4,2026-02-08T00:02:01.791552,1560.12,USD,Mathis-Wolf,Travel,0,
TX-DC49590344BA,CUST-7E2DCAD4,2026-02-08T11:02:01.791552,470.46,USD,Moore Inc,Retail,0,
TX-FC4CE63CA84A,CUST-7E2DCAD4,2026-02-10T06:02:01.791552,1318.31,USD,Harvey Ltd,Utilities,0,
TX-3EF6B81CDE96,CUST-C976CE91,2025-11-18T09:02:01.791552,52.01,USD,"Smith, Valenzuela and Moore",Food,0,
TX-A605E4A4E29E,CUST-C976CE91,2025-11-18T12:02:01.791552,697.45,USD,Monroe Ltd,Travel,0,
TX-81A8F13CFC63,CUST-C976CE91,2025-11-22T12:02:01.791552,1353.43,USD,Villarreal-Turner,Food,0,
TX-70281ADC0036,CUST-C976CE91,2025-11-26T22:02:01.791552,1485.24,USD,"Bailey, Phillips and Kelley",Retail,0,
TX-8FC07E6DCEDC,CUST-C976CE91,2025-11-29T15:02:01.791552,539.93,USD,"Atkins, Duffy and Smith",Utilities,0,
TX-7224EB344B81,CUST-C976CE91,2025-12-01T23:02:01.791552,1473.11,USD,"Olsen, Bass and Wilkerson",Food,0,
TX-666C00ECD568,CUST-C976CE91,2025-12-03T16:02:01.791552,804.23,USD,Anderson-Harris,Utilities,0,
TX-CFFC9830ABC8,CUST-C976CE91,2025-12-08T11:02:01.791552,427.87,USD,Peters PLC,Travel,0,
TX-6CD1D6EBD9D1,CUST-C976CE91,2025-12-09T15:02:01.791552,1373.42,USD,Estrada-Bryan,Utilities,0,
TX-771210FDF11D,CUST-C976CE91,2025-12-09T20:02:01.791552,1152.74,USD,Curry LLC,Retail,0,
TX-BCAFA260EC75,CUST-C976CE91,2025-12-12T08:02:01.791552,838.69,USD,Walker-Wilcox,Retail,0,
TX-1B16E2B9EFD8,CUST-C976CE91,2025-12-15T05:02:01.791552,1769.91,USD,Daniels-Garcia,Food,0,
TX-0212DC5A784A,CUST-C976CE91,2025-12-16T05:02:01.791552,1037.32,USD,"Brennan, Hughes and Carr",Food,0,
TX-DB264D4A1ED2,CUST-C976CE91,2025-12-19T20:02:01.791552,313.23,USD,Cunningham PLC,Food,0,
TX-8E744D70BA17,CUST-C976CE91,2025-12-20T15:02:01.791552,1549.76,USD,"Garcia, Williams and Roberts",Travel,0,
TX-6497E6822BF4,CUST-C976CE91,2025-12-25T03:02:01.791552,327.7,USD,"Lin, Garcia and Villarreal",Utilities,0,
TX-AF87A35681D4,CUST-C976CE91,2025-12-26T18:02:01.791552,1512.91,USD,"Cortez, Lucero and Smith",Travel,0,
TX-A17D83B585A2,CUST-C976CE91,2025-12-30T19:02:01.791552,1985.63,USD,Ray-Walker,Travel,0,
TX-AAC9852DFF63,CUST-C976CE91,2026-01-04T19:02:01.791552,1803.11,USD,Mcclain LLC,Retail,0,
TX-7D862FF4C397,CUST-C976CE91,2026-01-09T13:02:01.791552,1934.61,USD,Cruz LLC,Food,0,
TX-DD9AAC655395,CUST-C976CE91,2026-01-12T18:02:01.791552,1371.04,USD,"Wilson, Robinson and Black",Travel,0,
TX-04DBC3311FA1,CUST-C976CE91,2026-01-15T15:02:01.791552,1720.86,USD,Lee-Harris,Travel,0,
TX-9678AA42F07B,CUST-C976CE91,2026-01-17T00:02:01.791552,780.03,USD,Mcdaniel-Hendricks,Food,0,
TX-13BFFEC91376,CUST-C976CE91,2026-01-19T23:02:01.791552,606.08,USD,"Fritz, Alvarez and Hughes",Utilities,0,
TX-3B8FB7A2C887,CUST-C976CE91,2026-01-22T22:02:01.791552,1375.73,USD,Clark and Sons,Food,0,
TX-5D6B617B59AC,CUST-C976CE91,2026-01-26T18:02:01.791552,1975.13,USD,Long PLC,Travel,0,
TX-F775DA884EC9,CUST-C976CE91,2026-01-29T17:02:01.791552,74.94,USD,Jackson-Young,Travel,0,
TX-822F2EF4C49F,CUST-C976CE91,2026-01-31T00:02:01.791552,1583.67,USD,Strickland Group,Utilities,0,
TX-D25BEB872009,CUST-C976CE91,2026-02-03T21:02:01.791552,605.76,USD,Lee Ltd,Retail,0,
TX-199BFD9CF70C,CUST-C976CE91,2026-02-05T17:02:01.791552,635.37,USD,Greene Ltd,Travel,0,
TX-5AF5043CD9B1,CUST-C976CE91,2026-02-10T10:02:01.791552,1254.04,USD,Pittman-Lyons,Travel,0,
TX-1797A0AF84DE,CUST-2AAE2469,2025-11-14T10:02:01.791552,1817.64,USD,Wright Ltd,Utilities,0,
TX-7339598044C3,CUST-2AAE2469,2025-11-17T14:02:01.791552,1403.19,USD,Williamson-White,Retail,0,
TX-493C6BCA49A0,CUST-2AAE2469,2025-11-22T14:02:01.791552,397.33,USD,Davis-Calderon,Utilities,0,
TX-337AFC83990B,CUST-2AAE2469,2025-11-27T06:02:01.791552,599.97,USD,"Baker, Bright and Olsen",Travel,0,
TX-D44564187151,CUST-2AAE2469,2025-12-01T06:02:01.791552,822.72,USD,Hart Ltd,Travel,0,
TX-F2649FFF3F57,CUST-2AAE2469,2025-12-04T05:02:01.791552,1263.65,USD,Delacruz-Griffin,Retail,0,
TX-27F8FB7B76F7,CUST-2AAE2469,2025-12-09T00:02:01.791552,1864.06,USD,Smith Ltd,Utilities,0,
TX-B06EF18CE562,CUST-2AAE2469,2025-12-12T13:02:01.791552,1336.86,USD,Brown-Walls,Food,0,
TX-D828A51E23AD,CUST-2AAE2469,2025-12-13T21:02:01.791552,1778.21,USD,Davidson-Turner,Travel,0,
TX-93DFCBC9B10C,CUST-2AAE2469,2025-12-16T07:02:01.791552,1304.77,USD,"Roberts, Potts and Schneider",Food,0,
TX-BB55488F2EE9,CUST-2AAE2469,2025-12-19T07:02:01.791552,1759.64,USD,Frey PLC,Travel,0,
TX-F8BDA241C129,CUST-2AAE2469,2025-12-20T10:02:01.791552,741.61,USD,"Burke, Woods and Price",Food,0,
TX-F8838CB9CE09,CUST-2AAE2469,2025-12-23T18:02:01.791552,1445.49,USD,Mcgee-Scott,Travel,0,
TX-B553BFA6E77B,CUST-2AAE2469,2025-12-26T18:02:01.791552,1464.25,USD,Cole Group,Retail,0,
TX-4289897F4A56,CUST-2AAE2469,2025-12-31T14:02:01.791552,1642.15,USD,Anderson PLC,Utilities,0,
TX-7B2DEB71C05E,CUST-2AAE2469,2026-01-01T04:02:01.791552,1232.49,USD,"Odom, Contreras and Ho",Travel,0,
TX-BEFB7A14D369,CUST-2AAE2469,2026-01-02T06:02:01.791552,1831.71,USD,"Williams, Oliver and Wright",Retail,0,
TX-16DBF4A08A69,CUST-2AAE2469,2026-01-03T05:02:01.791552,826.73,USD,"Briggs, Hill and Lee",Food,0,
TX-B6063E187A0C,CUST-2AAE2469,2026-01-06T21:02:01.791552,502.79,USD,Gutierrez PLC,Retail,0,
TX-9F720448F22E,CUST-2AAE2469,2026-01-08T16:02:01.791552,1455.5,USD,Harvey Inc,Travel,0,
TX-F27EEF8BD88F,CUST-2AAE2469,2026-01-12T02:02:01.791552,1256.66,USD,Cook PLC,Retail,0,
TX-FD453B32D525,CUST-2AAE2469,2026-01-15T02:02:01.791552,1217.75,USD,"Huff, Cardenas and Mendez",Travel,0,
TX-CC0B672E7718,CUST-2AAE2469,2026-01-16T13:02:01.791552,1367.11,USD,Green Group,Retail,0,
TX-1D212E91B1CD,CUST-2AAE2469,2026-01-21T00:02:01.791552,1604.79,USD,Scott and Sons,Utilities,0,
TX-59E939D0113C,CUST-2AAE2469,2026-01-22T01:02:01.791552,85.54,USD,Davis-Evans,Food,0,
TX-AF3D69F538E2,CUST-2AAE2469,2026-01-25T05:02:01.791552,892.3,USD,Bauer Group,Utilities,0,
TX-302E191B7520,CUST-94F855E5,2025-11-17T14:02:01.791552,256.7,USD,Decker LLC,Retail,0,
TX-446219CB0AED,CUST-94F855E5,2025-11-18T05:02:01.791552,1208.81,USD,Anthony-Taylor,Retail,0,
TX-31886BE4664B,CUST-94F855E5,2025-11-20T11:02:01.791552,1968.46,USD,Moore-Reyes,Travel,0,
TX-C1C701D2B388,CUST-94F855E5,2025-11-22T19:02:01.791552,1540.08,USD,Bowen-Hamilton,Travel,0,
TX-72426278EC44,CUST-94F855E5,2025-11-23T14:02:01.791552,1474.94,USD,Smith Group,Retail,0,
TX-F06CCF61A68A,CUST-94F855E5,2025-11-27T17:02:01.791552,1085.07,USD,Coleman-Ryan,Utilities,0,
TX-95A022EBDBE1,CUST-94F855E5,2025-11-30T18:02:01.791552,1886.39,USD,Spears Ltd,Food,0,
TX-D1D1AE6A58B8,CUST-94F855E5,2025-12-01T16:02:01.791552,490.16,USD,"Munoz, Morgan and Trujillo",Retail,0,
TX-A54F5C7BAC6B,CUST-94F855E5,2025-12-06T01:02:01.791552,1630.88,USD,"Guzman, Hardin and Walsh",Food,0,
TX-8797E728F558,CUST-94F855E5,2025-12-09T02:02:01.791552,707.09,USD,Mercer Ltd,Food,0,
TX-86A14B3844EB,CUST-94F855E5,2025-12-11T11:02:01.791552,1324.55,USD,Hart PLC,Utilities,0,
TX-12B23596B9BC,CUST-94F855E5,2025-12-15T02:02:01.791552,362.29,USD,"Hawkins, Stokes and Mitchell",Retail,0,
TX-A4F5D0968AF2,CUST-94F855E5,2025-12-15T09:02:01.791552,1775.75,USD,Vasquez-Moreno,Retail,0,
TX-A6F02EAB174B,CUST-94F855E5,2025-12-17T19:02:01.791552,336.87,USD,Dominguez-Fields,Travel,0,
TX-0B58D265E555,CUST-94F855E5,2025-12-21T02:02:01.791552,843.55,USD,Nguyen Inc,Retail,0,
TX-CA852206F46C,CUST-94F855E5,2025-12-24T12:02:01.791552,284.87,USD,Deleon-Bishop,Utilities,0,
TX-C8717D60726F,CUST-94F855E5,2025-12-29T06:02:01.791552,1279.34,USD,"Mcdonald, Carey and Clark",Utilities,0,
TX-5A06CCD21097,CUST-94F855E5,2025-12-31T07:02:01.791552,1877.96,USD,Santos-Barrett,Utilities,0,
TX-66E8F16064F7,CUST-94F855E5,2026-01-03T11:02:01.791552,1399.74,USD,Campbell Group,Travel,0,
TX-D4387D1733CB,CUST-94F855E5,2026-01-03T15:02:01.791552,765.19,USD,"Howard, Freeman and Brown",Travel,0,
TX-C112DFE99488,CUST-94F855E5,2026-01-07T14:02:01.791552,576.87,USD,Kelley and Sons,Retail,0,
TX-0F0571195211,CUST-94F855E5,2026-01-07T22:02:01.791552,354.51,USD,Harvey Ltd,Retail,0,
TX-7FC7C96AA8CD,CUST-94F855E5,2026-01-11T14:02:01.791552,1917.97,USD,"Taylor, Jackson and Estrada",Food,0,
TX-70C951ACF39A,CUST-94F855E5,2026-01-14T20:02:01.791552,922.0,USD,Anderson and Sons,Food,0,
TX-D325D3BCDC7F,CUST-94F855E5,2026-01-15T04:02:01.791552,886.09,USD,Jones-Miller,Food,0,
TX-9A0FD3BE4913,CUST-94F855E5,2026-01-15T21:02:01.791552,1463.3,USD,Stevens Ltd,Utilities,0,
TX-98F6F2A3716C,CUST-94F855E5,2026-01-16T05:02:01.791552,1969.53,USD,Logan Ltd,Travel,0,
TX-0AEDD59F85DD,CUST-94F855E5,2026-01-17T04:02:01.791552,1618.86,USD,"Anderson, Guerra and Alexander",Travel,0,
TX-91884463B8F0,CUST-94F855E5,2026-01-18T07:02:01.791552,1646.27,USD,Jones-Parker,Food,0,
TX-3FFDE6B3B9E2,CUST-94F855E5,2026-01-19T23:02:01.791552,1331.06,USD,Garrett-Whitaker,Utilities,0,
TX-240434AF0E3A,CUST-94F855E5,2026-01-21T21:02:01.791552,1194.21,USD,Frey-Morton,Utilities,0,
TX-3252F471D2DC,CUST-94F855E5,2026-01-25T12:02:01.791552,926.83,USD,Saunders and Sons,Utilities,0,
TX-B2C6C6E1C857,CUST-94F855E5,2026-01-30T04:02:01.791552,722.02,USD,"Clayton, Atkinson and Allen",Food,0,
TX-9D5196812CFC,CUST-2C250140,2025-11-16T21:02:01.791552,1957.61,USD,Reynolds-Gutierrez,Food,0,
TX-75E508997718,CUST-2C250140,2025-11-21T21:02:01.791552,595.33,USD,Murphy-Rhodes,Food,0,
TX-F6F18808B1CC,CUST-2C250140,2025-11-25T06:02:01.791552,1838.25,USD,"Daniels, Dennis and Vaughn",Utilities,0,
TX-FCAC7E7F5F3D,CUST-2C250140,2025-11-27T06:02:01.791552,1392.03,USD,Serrano-Cervantes,Retail,0,
TX-263DA98E0827,CUST-2C250140,2025-11-28T03:02:01.791552,1310.06,USD,"Davis, Bradford and Kane",Food,0,
TX-7BE5BD1BC673,CUST-2C250140,2025-11-28T04:02:01.791552,207.55,USD,Wilson Ltd,Food,0,
TX-67647E12697D,CUST-2C250140,2025-11-28T20:02:01.791552,1534.63,USD,Owen Ltd,Food,0,
TX-46833A0FCCB4,CUST-2C250140,2025-11-30T19:02:01.791552,173.26,USD,"Moran, Gomez and Patterson",Travel,0,
TX-218CD4CE2E17,CUST-2C250140,2025-12-03T18:02:01.791552,330.0,USD,"Graves, Lee and Dunlap",Travel,0,
TX-296812CB9B71,CUST-2C250140,2025-12-07T14:02:01.791552,894.94,USD,Sanchez Inc,Retail,0,
TX-32EEF53A063C,CUST-2C250140,2025-12-11T19:02:01.791552,766.64,USD,"Carr, Allen and Henry",Food,0,
TX-854FCF2D19CF,CUST-2C250140,2025-12-13T12:02:01.791552,142.72,USD,"Mendoza, Small and Welch",Food,0,
TX-6E59E5F2163A,CUST-2C250140,2025-12-14T13:02:01.791552,1382.95,USD,Wong PLC,Retail,0,
TX-E0DFDE67BB57,CUST-2C250140,2025-12-15T07:02:01.791552,524.88,USD,"Smith, Rich and Campos",Food,0,
TX-04A1CFFEBD4B,CUST-2C250140,2025-12-20T01:02:01.791552,1283.75,USD,"Smith, Jordan and Mann",Travel,0,
TX-4D77DB67BF00,CUST-2C250140,2025-12-24T03:02:01.791552,896.53,USD,Hull-Griffith,Travel,0,
TX-197662102902,CUST-2C250140,2025-12-25T04:02:01.791552,1876.43,USD,Moore-Paul,Food,0,
TX-C564F359A6A2,CUST-2C250140,2025-12-26T06:02:01.791552,1177.32,USD,"Johnson, Hall and Graham",Travel,0,
TX-027645E3C4AD,CUST-2EDB0104,2025-11-18T04:02:01.791552,1295.93,USD,"Parker, Avila and Wright",Retail,0,
TX-5F29752FFDB6,CUST-2EDB0104,2025-11-21T22:02:01.791552,1499.33,USD,Ray and Sons,Retail,0,
TX-8116106FA9CE,CUST-2EDB0104,2025-11-25T18:02:01.791552,443.67,USD,Zavala-Dunlap,Food,0,
TX-B77463DAE215,CUST-2EDB0104,2025-11-25T23:02:01.791552,1098.46,USD,Mendez-Dennis,Travel,0,
TX-B888A9F56DDA,CUST-2EDB0104,2025-11-29T18:02:01.791552,388.95,USD,Rush LLC,Travel,0,
TX-FD56B87CD086,CUST-2EDB0104,2025-12-03T06:02:01.791552,804.15,USD,Figueroa-Fuller,Retail,0,
TX-F316267F6F2C,CUST-2EDB0104,2025-12-05T16:02:01.791552,1981.24,USD,"Hawkins, Gordon and Dickson",Travel,0,
TX-CAAE29018FFA,CUST-5B09CD8A,2025-11-17T15:02:01.791552,422.83,USD,"Hernandez, Cross and Simon",Food,0,
TX-5F3B8EA0C965,CUST-5B09CD8A,2025-11-21T08:02:01.791552,1081.86,USD,Zimmerman and Sons,Retail,0,
TX-06EBE946722D,CUST-5B09CD8A,2025-11-23T21:02:01.791552,614.43,USD,Stephens-Diaz,Utilities,0,
TX-BCA8CDA60D1C,CUST-5B09CD8A,2025-11-24T21:02:01.791552,1336.56,USD,Johnson-Price,Retail,0,
TX-AA60F3A9A718,CUST-5B09CD8A,2025-11-26T14:02:01.791552,1353.93,USD,Rubio Group,Food,0,
TX-070E1467B551,CUST-5B09CD8A,2025-11-29T09:02:01.791552,919.01,USD,Mcclure-Lee,Retail,0,
TX-695B817513A1,CUST-5B09CD8A,2025-11-29T23:02:01.791552,1383.53,USD,"Kennedy, Brown and Wells",Food,0,
TX-0AA013E37710,CUST-5B09CD8A,2025-12-04T09:02:01.791552,1321.2,USD,"Fox, Horton and Greene",Travel,0,
TX-D465FC6F1468,CUST-5B09CD8A,2025-12-05T15:02:01.791552,221.86,USD,Washington Ltd,Travel,0,
TX-57AFA3CD4B64,CUST-5B09CD8A,2025-12-08T00:02:01.791552,1666.7,USD,Mitchell-Young,Travel,0,
TX-69DED49D4A8D,CUST-5B09CD8A,2025-12-10T12:02:01.791552,1229.75,USD,Gray-Hernandez,Travel,0,
TX-BA3033E7882B,CUST-5B09CD8A,2025-12-11T19:02:01.791552,240.05,USD,"Mccann, Moore and Francis",Retail,0,
TX-85CCD86169F0,CUST-5B09CD8A,2025-12-14T22:02:01.791552,1629.42,USD,"Robinson, Gonzalez and Jones",Retail,0,
TX-E9BE912D64C0,CUST-5B09CD8A,2025-12-16T09:02:01.791552,1465.81,USD,Alexander-Turner,Food,0,
TX-AC4C46FA9039,CUST-5B09CD8A,2025-12-17T21:02:01.791552,1946.98,USD,"Valencia, Owen and Erickson",Retail,0,
TX-C4651766E9FD,CUST-5B09CD8A,2025-12-18T03:02:01.791552,707.11,USD,"Grant, Mcclure and Hill",Retail,0,
TX-6D7E64E9FA99,CUST-5B09CD8A,2025-12-18T07:02:01.791552,1590.97,USD,Cooper Ltd,Retail,0,
TX-4A50128CD3F5,CUST-5B09CD8A,2025-12-22T07:02:01.791552,1945.93,USD,"Robinson, Sosa and Phillips",Retail,0,
TX-FDAAE2F03988,CUST-5B09CD8A,2025-12-23T12:02:01.791552,1887.09,USD,"James, Lawson and Owens",Travel,0,
TX-A44669987A14,CUST-5B09CD8A,2025-12-23T21:02:01.791552,1487.37,USD,French-Neal,Retail,0,
TX-69F0BC19DBDC,CUST-5B09CD8A,2025-12-24T03:02:01.791552,11.74,USD,Friedman-Thompson,Food,0,
TX-B8D6C47C9F29,CUST-5B09CD8A,2025-12-28T19:02:01.791552,1758.99,USD,Cohen-Clark,Food,0,
TX-DFE08B82F4C2,CUST-5B09CD8A,2025-12-31T22:02:01.791552,77.39,USD,Soto-Conley,Utilities,0,
TX-997401AE6DD3,CUST-5B09CD8A,2026-01-02T13:02:01.791552,735.76,USD,"Hall, Murray and Blevins",Food,0,
TX-2A6197352357,CUST-5B09CD8A,2026-01-05T14:02:01.791552,107.47,USD,Green-Johnson,Utilities,0,
TX-E9AF54D2461E,CUST-5B09CD8A,2026-01-09T21:02:01.791552,1549.07,USD,Morton LLC,Food,0,
TX-441A3E5F9EB1,CUST-5B09CD8A,2026-01-14T01:02:01.791552,200.94,USD,Martin LLC,Travel,0,
TX-38F40AF0715F,CUST-5B09CD8A,2026-01-17T04:02:01.791552,1692.4,USD,"Robertson, Black and Sloan",Food,0,
TX-B68353106738,CUST-5B09CD8A,2026-01-19T11:02:01.791552,1402.66,USD,Rhodes Inc,Travel,0,
TX-4BD04B6EFC49,CUST-5B09CD8A,2026-01-22T19:02:01.791552,1924.84,USD,Harris LLC,Utilities,0,
TX-1908BDCB9074,CUST-5B09CD8A,2026-01-25T09:02:01.791552,885.19,USD,Jones-Davis,Food,0,
TX-661D454314CF,CUST-5B09CD8A,2026-01-25T12:02:01.791552,1264.06,USD,Graham Inc,Food,0,
TX-09BE344DE185,CUST-5B09CD8A,2026-01-29T16:02:01.791552,1551.9,USD,Walsh-Andersen,Food,0,
TX-98AFDB06BF27,CUST-5B09CD8A,2026-02-01T01:02:01.791552,1389.17,USD,Floyd-Hawkins,Food,0,
TX-D679CEC5A500,CUST-5B09CD8A,2026-02-01T04:02:01.791552,996.68,USD,"Robinson, Parker and Murillo",Utilities,0,
TX-A1AD7D8F8327,CUST-5B09CD8A,2026-02-03T02:02:01.791552,1902.63,USD,Arias-Hill,Utilities,0,
TX-8949BCC12B8C,CUST-5B09CD8A,2026-02-06T20:02:01.791552,494.13,USD,Peterson Group,Travel,0,
TX-E91968DCF274,CUST-5B09CD8A,2026-02-09T11:02:01.791552,240.92,USD,Santana-Strickland,Travel,0,
TX-76A93C9D9D8E,CUST-EC3F2FF9,2025-11-15T17:02:01.791552,386.79,USD,"Welch, Miller and Moore",Retail,0,
TX-8FE0F441D4D6,CUST-EC3F2FF9,2025-11-16T05:02:01.791552,1891.35,USD,Lee PLC,Utilities,0,
TX-E7E038010277,CUST-EC3F2FF9,2025-11-19T09:02:01.791552,362.99,USD,Henderson and Sons,Utilities,0,
TX-AE23B5082F96,CUST-EC3F2FF9,2025-11-22T16:02:01.791552,853.68,USD,Riley-Barnett,Utilities,0,
TX-1FF6B7B1548C,CUST-EC3F2FF9,2025-11-24T18:02:01.791552,695.65,USD,"Byrd, Johnson and Thomas",Travel,0,
TX-54D571169AE2,CUST-EC3F2FF9,2025-11-26T01:02:01.791552,1791.02,USD,"Moses, Hines and Vasquez",Retail,0,
TX-189F672B4111,CUST-EC3F2FF9,2025-11-28T05:02:01.791552,361.05,USD,"Weber, Webb and Lopez",Food,0,
TX-5DBFD4874A60,CUST-EC3F2FF9,2025-11-28T19:02:01.791552,685.73,USD,Mills-Brown,Travel,0,
TX-AD7451F5D9C8,CUST-EC3F2FF9,2025-12-03T16:02:01.791552,1547.09,USD,Clay-Singh,Travel,0,
TX-E1169EC303F9,CUST-EC3F2FF9,2025-12-04T18:02:01.791552,1662.02,USD,Powell Group,Retail,0,
TX-913EF433D7D2,CUST-EC3F2FF9,2025-12-07T07:02:01.791552,519.83,USD,"Miller, Murray and Bray",Utilities,0,
TX-26171BBF6E5E,CUST-EC3F2FF9,2025-12-09T03:02:01.791552,653.15,USD,"Baker, Estrada and Rosario",Retail,0,
TX-F6050D6FC74D,CUST-EC3F2FF9,2025-12-09T18:02:01.791552,1470.09,USD,Zimmerman-Graham,Retail,0,
TX-4213E665637D,CUST-EC3F2FF9,2025-12-14T08:02:01.791552,882.73,USD,"Bullock, Taylor and Montgomery",Travel,0,
TX-8D31E3ED2241,CUST-EC3F2FF9,2025-12-17T20:02:01.791552,744.95,USD,Bass PLC,Retail,0,
TX-9A29E8CE9C3E,CUST-EC3F2FF9,2025-12-20T21:02:01.791552,983.6,USD,Keller-Rogers,Retail,0,
TX-84DBC40F40BD,CUST-EC3F2FF9,2025-12-21T07:02:01.791552,1842.49,USD,Thompson-Valdez,Utilities,0,
TX-2B4F5BC09706,CUST-EC3F2FF9,2025-12-23T03:02:01.791552,1621.32,USD,Mccormick PLC,Utilities,0,
TX-B9151998DC76,CUST-EC3F2FF9,2025-12-25T20:02:01.791552,206.9,USD,Mullins Ltd,Retail,0,
TX-07EC3F64F7AC,CUST-EC3F2FF9,2025-12-26T07:02:01.791552,941.89,USD,Gonzalez-Newman,Food,0,
TX-EF5D4909C91B,CUST-EC3F2FF9,2025-12-26T20:02:01.791552,1066.39,USD,Davis-Young,Food,0,
TX-AD7AC149689B,CUST-EC3F2FF9,2025-12-28T23:02:01.791552,1098.94,USD,"Kirby, Martinez and Smith",Utilities,0,
TX-C1F7A779EBE7,CUST-EC3F2FF9,2025-12-29T04:02:01.791552,1205.24,USD,"Martin, Hartman and Chavez",Food,0,
TX-E3A065CB2F3E,CUST-EC3F2FF9,2025-12-31T10:02:01.791552,325.1,USD,"Rose, Jackson and Reynolds",Travel,0,
TX-CD671BF2CCF9,CUST-EC3F2FF9,2026-01-04T03:02:01.791552,1667.99,USD,Lloyd-Murphy,Food,0,
TX-79B8533B07B2,CUST-EC3F2FF9,2026-01-07T12:02:01.791552,1643.92,USD,Mcmillan-Mccoy,Food,0,
TX-F713CAA955A2,CUST-EC3F2FF9,2026-01-09T04:02:01.791552,1078.4,USD,Miller and Sons,Food,0,
TX-428910A1A79A,CUST-EC3F2FF9,2026-01-12T01:02:01.791552,855.32,USD,Sims-Bass,Food,0,
TX-AED6F2A7B216,CUST-EC3F2FF9,2026-01-13T08:02:01.791552,938.01,USD,"Wright, Burton and Maxwell",Travel,0,
TX-E3358E1604CA,CUST-EC3F2FF9,2026-01-15T18:02:01.791552,771.21,USD,Frazier Ltd,Utilities,0,
TX-36B885D408E1,CUST-EC3F2FF9,2026-01-19T13:02:01.791552,1887.16,USD,Blair PLC,Retail,0,
TX-EEB502A41BB1,CUST-EC3F2FF9,2026-01-20T04:02:01.791552,1635.31,USD,"Garza, Lowe and Scott",Travel,0,
TX-3D430F794978,CUST-EC3F2FF9,2026-01-21T23:02:01.791552,505.82,USD,Garcia and Sons,Food,0,
TX-40141367C1AF,CUST-EC3F2FF9,2026-01-22T17:02:01.791552,72.6,USD,Harris-Austin,Travel,0,
TX-AAA55F59DAE9,CUST-EC3F2FF9,2026-01-27T02:02:01.791552,1685.16,USD,Gonzalez-Ramirez,Utilities,0,
TX-0D4350389621,CUST-EC3F2FF9,2026-01-28T18:02:01.791552,1780.58,USD,"Meadows, Howard and Sexton",Travel,0,
TX-18FAF0E62A45,CUST-EC3F2FF9,2026-01-29T19:02:01.791552,1408.9,USD,Dunn-Chavez,Utilities,0,
TX-532FF42B82FA,CUST-EC3F2FF9,2026-02-02T17:02:01.791552,975.1,USD,Nichols Inc,Utilities,0,
TX-AB0FA396AE6B,CUST-EC3F2FF9,2026-02-03T08:02:01.791552,1422.1,USD,"Gardner, Willis and Suarez",Food,0,
TX-63301CD2D1B5,CUST-EC3F2FF9,2026-02-04T15:02:01.791552,1840.97,USD,Oconnor Group,Retail,0,
TX-D992F4A0805E,CUST-EC3F2FF9,2026-02-05T17:02:01.791552,486.47,USD,"Brown, Huffman and Payne",Utilities,0,
TX-50AA83A6637A,CUST-EC3F2FF9,2026-02-08T06:02:01.791552,1006.07,USD,Miller-Whitehead,Food,0,
TX-A00E9A805AE8,CUST-EC3F2FF9,2026-02-08T23:02:01.791552,657.95,USD,Maddox-Cooper,Utilities,0,
TX-8A5BED8F193C,CUST-EC3F2FF9,2026-02-11T23:02:01.791552,1438.37,USD,Frank-White,Retail,0,
TX-E318516488E8,CUST-814B766E,2025-11-17T16:02:01.791552,1262.59,USD,Clayton-Daniel,Utilities,0,
TX-E72109EDF13F,CUST-814B766E,2025-11-20T14:02:01.791552,1229.87,USD,Stewart PLC,Retail,0,
TX-32312A5BC24F,CUST-814B766E,2025-11-21T01:02:01.791552,1590.11,USD,"Richardson, Nunez and Martinez",Retail,0,
TX-2A6770EAD9BF,CUST-814B766E,2025-11-23T06:02:01.791552,997.07,USD,Smith-Santana,Food,0,
TX-72B2AFE3EA49,CUST-814B766E,2025-11-27T05:02:01.791552,852.52,USD,"Cisneros, Fernandez and Scott",Utilities,0,
TX-315807DCDC3D,CUST-814B766E,2025-11-28T23:02:01.791552,701.77,USD,Guzman-Morrison,Utilities,0,
TX-D341873C747B,CUST-814B766E,2025-12-01T18:02:01.791552,972.05,USD,Jones LLC,Food,0,
TX-19FC8EBBCEF6,CUST-814B766E,2025-12-05T01:02:01.791552,1177.04,USD,"Evans, Sims and Hudson",Utilities,0,
TX-02BE25196620,CUST-814B766E,2025-12-06T14:02:01.791552,1411.17,USD,Lyons and Sons,Travel,0,
TX-5CADACFB4C2C,CUST-814B766E,2025-12-09T13:02:01.791552,36.01,USD,"Reyes, Kane and Duncan",Food,0,
TX-256D81CA88C8,CUST-814B766E,2025-12-11T10:02:01.791552,1720.85,USD,"Duffy, Morales and Johnson",Travel,0,
TX-9246BFBF30FE,CUST-814B766E,2025-12-13T01:02:01.791552,1785.81,USD,"Bass, Rios and Young",Retail,0,
TX-29C4C1439EBF,CUST-814B766E,2025-12-16T17:02:01.791552,1348.07,USD,Anderson and Sons,Retail,0,
TX-907B133FB10A,CUST-814B766E,2025-12-16T19:02:01.791552,564.52,USD,Grant-Koch,Retail,0,
TX-6A6497739F76,CUST-814B766E,2025-12-18T11:02:01.791552,1793.72,USD,Walker Group,Utilities,0,
TX-200B4F27063B,CUST-814B766E,2025-12-22T01:02:01.791552,893.59,USD,"Estes, Guerrero and Rocha",Food,0,
TX-754C3FC5AEA1,CUST-814B766E,2025-12-24T07:02:01.791552,114.33,USD,"Wilson, Evans and Reed",Utilities,0,
TX-C690284C5E40,CUST-814B766E,2025-12-26T02:02:01.791552,859.08,USD,House-Powers,Retail,0,
TX-BE30775CC858,CUST-814B766E,2025-12-29T20:02:01.791552,514.31,USD,Anderson-Hughes,Utilities,0,
TX-295A9F84CA4F,CUST-814B766E,2025-12-30T23:02:01.791552,1149.85,USD,Lopez-Wall,Travel,0,
TX-E4DA039FA7F3,CUST-814B766E,2026-01-03T17:02:01.791552,1377.87,USD,White Ltd,Travel,0,
TX-BB7D420F7064,CUST-814B766E,2026-01-06T13:02:01.791552,133.66,USD,Smith-Evans,Retail,0,
TX-FB44B4B08312,CUST-814B766E,2026-01-06T21:02:01.791552,367.16,USD,"Howard, Wright and Nichols",Utilities,0,
TX-1B65435A7C5D,CUST-814B766E,2026-01-10T19:02:01.791552,316.95,USD,Ferguson Group,Retail,0,
TX-E26DF91B2B27,CUST-814B766E,2026-01-13T01:02:01.791552,149.64,USD,Hodges-Barker,Travel,0,
TX-53637303DEFA,CUST-814B766E,2026-01-15T22:02:01.791552,113.19,USD,Perry-Smith,Food,0,
TX-FE1159C63560,CUST-814B766E,2026-01-20T22:02:01.791552,1514.36,USD,Jones Inc,Retail,0,
TX-B401F8959F89,CUST-814B766E,2026-01-22T04:02:01.791552,374.01,USD,Spencer-Oliver,Retail,0,
TX-FB13E7F393C7,CUST-814B766E,2026-01-26T05:02:01.791552,775.01,USD,Medina LLC,Food,0,
TX-059ECCF865CB,CUST-814B766E,2026-01-28T17:02:01.791552,1840.92,USD,Weber-Griffith,Travel,0,
TX-966891AE68C0,CUST-814B766E,2026-01-31T21:02:01.791552,1954.94,USD,Johnson-Jackson,Food,0,
TX-A3C5F5535DE0,CUST-814B766E,2026-02-03T18:02:01.791552,822.79,USD,Miller-Duncan,Food,0,
TX-9D097C20638C,CUST-814B766E,2026-02-04T22:02:01.791552,1459.05,USD,Miller and Sons,Retail,0,
TX-D049078BD70A,CUST-814B766E,2026-02-09T09:02:01.791552,746.93,USD,Estrada-Bullock,Retail,0,
TX-E01033793182,CUST-814B766E,2026-02-09T11:02:01.791552,800.43,USD,Campbell-Carlson,Travel,0,
TX-B8D307141FEC,CUST-814B766E,2026-02-11T14:02:01.791552,431.34,USD,Miller Inc,Food,0,
TX-36C82795C810,CUST-34880594,2025-11-14T12:02:01.791552,1594.57,USD,Travis Inc,Travel,0,
TX-D00BD8898B3E,CUST-34880594,2025-11-17T04:02:01.791552,621.37,USD,Murray Group,Travel,0,
TX-A0C44DDF15E6,CUST-34880594,2025-11-18T08:02:01.791552,589.36,USD,"Kim, Bennett and Frank",Retail,0,
TX-6AA4F059A880,CUST-34880594,2025-11-18T09:02:01.791552,1797.08,USD,"Kline, Dudley and David",Utilities,0,
TX-6428B02EDFEE,CUST-34880594,2025-11-21T00:02:01.791552,629.27,USD,Burns Group,Food,0,
TX-67E5809DB54E,CUST-34880594,2025-11-25T06:02:01.791552,1425.64,USD,Lee Ltd,Travel,0,
TX-C96BEB8A507E,CUST-34880594,2025-11-30T04:02:01.791552,906.42,USD,"Cruz, Barry and Thompson",Utilities,0,
TX-FCA748A9D9AE,CUST-34880594,2025-12-03T20:02:01.791552,1917.59,USD,Vincent Group,Travel,0,
TX-89C3A6AC89E6,CUST-34880594,2025-12-04T14:02:01.791552,823.63,USD,Lopez Group,Utilities,0,
TX-85196DBC70A6,CUST-34880594,2025-12-05T04:02:01.791552,1518.58,USD,"Brooks, Williams and Sanchez",Food,0,
TX-B7F8E8C293E2,CUST-34880594,2025-12-07T23:02:01.791552,1376.49,USD,Hopkins Group,Utilities,0,
TX-D4A032DDD8B8,CUST-34880594,2025-12-10T18:02:01.791552,125.14,USD,"Edwards, Phillips and Ramirez",Travel,0,
TX-6C87EB9516F5,CUST-34880594,2025-12-15T12:02:01.791552,1620.83,USD,Anthony-Gray,Utilities,0,
TX-5B001BEAA64A,CUST-34880594,2025-12-15T15:02:01.791552,606.84,USD,"Wolf, Brown and Fisher",Utilities,0,
TX-911F1E965765,CUST-34880594,2025-12-19T20:02:01.791552,1109.27,USD,Bailey-Scott,Food,0,
TX-77F1EDABEA6C,CUST-34880594,2025-12-21T18:02:01.791552,1480.24,USD,Gomez-Flores,Food,0,
TX-FF7D06EAD3CA,CUST-34880594,2025-12-21T19:02:01.791552,918.75,USD,Cruz-Rich,Utilities,0,
TX-7BC95468AC9D,CUST-34880594,2025-12-22T02:02:01.791552,888.87,USD,"Goodman, Macias and Mullins",Utilities,0,
TX-4C792A2312D3,CUST-34880594,2025-12-22T18:02:01.791552,298.83,USD,Bush-Foster,Travel,0,
TX-98F67EDC7B19,CUST-34880594,2025-12-23T00:02:01.791552,761.08,USD,Edwards-Madden,Utilities,0,
TX-A55F1468E5A3,CUST-34880594,2025-12-24T07:02:01.791552,1494.83,USD,Moore-Macdonald,Food,0,
TX-946F40492B93,CUST-34880594,2025-12-26T08:02:01.791552,185.83,USD,"Irwin, Fletcher and Summers",Food,0,
TX-5FA01C81C29C,CUST-34880594,2025-12-28T20:02:01.791552,1874.72,USD,Parker Group,Utilities,0,
TX-38BA7AAA9A3C,CUST-34880594,2026-01-02T12:02:01.791552,1103.09,USD,"West, Martinez and Sanchez",Food,0,
TX-846B19E7E096,CUST-34880594,2026-01-07T08:02:01.791552,1541.32,USD,Savage Group,Utilities,0,
TX-E9780CE62AD9,CUST-34880594,2026-01-08T14:02:01.791552,1378.2,USD,Savage Group,Utilities,0,
TX-DA7648AA386C,CUST-34880594,2026-01-12T19:02:01.791552,1636.75,USD,Hester Ltd,Travel,0,
TX-982F9C2D27F0,CUST-34880594,2026-01-17T12:02:01.791552,1821.0,USD,"Sutton, Compton and Wheeler",Retail,0,
TX-388BAADAB09D,CUST-34880594,2026-01-19T22:02:01.791552,1818.02,USD,"Ross, Morrison and Frye",Travel,0,
TX-A5C0F0451D4C,CUST-34880594,2026-01-24T01:02:01.791552,1160.38,USD,Luna LLC,Retail,0,
TX-A985EEE28946,CUST-34880594,2026-01-28T15:02:01.791552,1984.12,USD,Simpson and Sons,Retail,0,
TX-AD37E8372401,CUST-34880594,2026-01-31T06:02:01.791552,1926.28,USD,Charles LLC,Utilities,0,
TX-3DEC3D04FAF7,CUST-34880594,2026-02-03T04:02:01.791552,1130.57,USD,Foster and Sons,Food,0,
TX-5B88B47F8B94,CUST-34880594,2026-02-07T06:02:01.791552,1472.18,USD,Holt-Stevens,Retail,0,
TX-BA606AAAEE93,CUST-34880594,2026-02-09T14:02:01.791552,1816.45,USD,Joseph-Martin,Food,0,
TX-D5B428E4C22E,CUST-34880594,2026-02-12T00:02:01.791552,1211.33,USD,Reynolds and Sons,Food,0,
TX-725C3B2111D5,CUST-1FD1BAB6,2025-11-15T12:02:01.791552,1607.45,USD,Zhang-Jackson,Travel,0,
TX-9F23F6263094,CUST-1FD1BAB6,2025-11-17T01:02:01.791552,166.39,USD,"Leon, Ayala and Perry",Food,0,
TX-0A3E66E700AE,CUST-1FD1BAB6,2025-11-17T14:02:01.791552,37.24,USD,"White, Hopkins and Bond",Travel,0,
TX-D7731D6E2AD8,CUST-1FD1BAB6,2025-11-18T14:02:01.791552,1904.77,USD,"Silva, Williams and Bright",Retail,0,
TX-E320A308F4B9,CUST-1FD1BAB6,2025-11-21T19:02:01.791552,1050.03,USD,Calderon and Sons,Retail,0,
TX-81D64B372964,CUST-1FD1BAB6,2025-11-22T20:02:01.791552,1910.75,USD,Dudley-Smith,Travel,0,
TX-56C73737A361,CUST-1FD1BAB6,2025-11-26T07:02:01.791552,1307.79,USD,Randall-Howard,Travel,0,
TX-F207D2E2DD54,CUST-1FD1BAB6,2025-11-28T12:02:01.791552,472.73,USD,Acevedo-Washington,Retail,0,
TX-3244F8B0DB3F,CUST-1FD1BAB6,2025-11-30T20:02:01.791552,791.68,USD,Mcneil PLC,Utilities,0,
TX-177B412A5845,CUST-1FD1BAB6,2025-12-05T15:02:01.791552,852.63,USD,"Duran, Duran and Miller",Retail,0,
TX-3683DAC81C68,CUST-1FD1BAB6,2025-12-06T17:02:01.791552,266.01,USD,"Spears, Clark and Webb",Food,0,
TX-37D5228A0728,CUST-1FD1BAB6,2025-12-10T06:02:01.791552,1229.94,USD,Ellis-Johnson,Utilities,0,
TX-553A6A60F6C5,CUST-1FD1BAB6,2025-12-14T04:02:01.791552,1917.51,USD,"Martin, Daniels and Johns",Food,0,
TX-BF1389741713,CUST-1FD1BAB6,2025-12-17T02:02:01.791552,1243.82,USD,Brown-Allen,Travel,0,
TX-B00453F510A9,CUST-1FD1BAB6,2025-12-17T03:02:01.791552,595.8,USD,"Greene, Li and Diaz",Utilities,0,
TX-730CDCDFB3A9,CUST-BDB724DA,2025-11-16T13:02:01.791552,1489.59,USD,Cohen and Sons,Utilities,0,
TX-743D8E64ECB9,CUST-BDB724DA,2025-11-20T03:02:01.791552,1679.57,USD,"Jones, Roth and Chapman",Travel,0,
TX-A0251FD1560E,CUST-BDB724DA,2025-11-20T18:02:01.791552,1058.07,USD,Hughes Inc,Travel,0,
TX-AE34D9E3A2C2,CUST-BDB724DA,2025-11-22T08:02:01.791552,1512.27,USD,"Gonzalez, Bridges and Walsh",Travel,0,
TX-710517AE8368,CUST-BDB724DA,2025-11-26T18:02:01.791552,1348.28,USD,Houston Group,Food,0,
TX-B33CBAFFB406,CUST-BDB724DA,2025-11-29T04:02:01.791552,1170.3,USD,"Santos, May and White",Utilities,0,
TX-A2C36E8DD9F1,CUST-BDB724DA,2025-11-30T20:02:01.791552,1288.58,USD,Erickson-Hanson,Food,0,
TX-27F74C0FFA7B,CUST-BDB724DA,2025-12-01T13:02:01.791552,997.36,USD,Jenkins Group,Utilities,0,
TX-A78FC48FD562,CUST-BDB724DA,2025-12-02T04:02:01.791552,61.4,USD,Schmidt-Joseph,Food,0,
TX-29127D913B0A,CUST-BDB724DA,2025-12-04T05:02:01.791552,1897.58,USD,"Parsons, Hayes and Jones",Travel,0,
TX-C4E2DA4252D2,CUST-BDB724DA,2025-12-06T21:02:01.791552,712.36,USD,Lawson-Holland,Utilities,0,
TX-10B0C13164ED,CUST-BDB724DA,2025-12-07T22:02:01.791552,1888.8,USD,Scott PLC,Utilities,0,
TX-4F9E019CE68D,CUST-BDB724DA,2025-12-10T13:02:01.791552,1395.56,USD,"Henderson, Holmes and Elliott",Retail,0,
TX-44D5972A47F6,CUST-BDB724DA,2025-12-12T00:02:01.791552,853.08,USD,Flores Ltd,Food,0,
TX-556087E1615A,CUST-BDB724DA,2025-12-15T15:02:01.791552,684.02,USD,Ortiz-Gonzalez,Utilities,0,
TX-35561836A02A,CUST-BDB724DA,2025-12-15T16:02:01.791552,1811.32,USD,Kennedy-Tran,Food,0,
TX-F44C4DC3EFA1,CUST-BDB724DA,2025-12-19T04:02:01.791552,187.42,USD,Luna LLC,Travel,0,
TX-E576D71EAC35,CUST-BDB724DA,2025-12-22T03:02:01.791552,1818.06,USD,"Beard, Barrett and Berry",Retail,0,
TX-08E785615A96,CUST-BDB724DA,2025-12-25T14:02:01.791552,1860.46,USD,"Collins, Lin and Greene",Utilities,0,
TX-70D79F36B3F4,CUST-BDB724DA,2025-12-27T11:02:01.791552,64.97,USD,Jones-Mcdowell,Travel,0,
TX-50D269360E83,CUST-BDB724DA,2026-01-01T02:02:01.791552,1111.43,USD,Li-Sanders,Utilities,0,
TX-BFAC14BD4D86,CUST-BDB724DA,2026-01-04T18:02:01.791552,135.13,USD,Owen-Jones,Food,0,
TX-9F77B8364C72,CUST-C66D1922,2025-11-15T14:02:01.791552,765.73,USD,Rivera LLC,Food,0,
TX-6FF99375D8D0,CUST-C66D1922,2025-11-16T04:02:01.791552,1499.61,USD,Moore-White,Travel,0,
TX-7D7CA04901CC,CUST-C66D1922,2025-11-18T02:02:01.791552,89.99,USD,Walker-Calderon,Utilities,0,
TX-669CAFEF492C,CUST-C66D1922,2025-11-21T03:02:01.791552,20.65,USD,"Tran, Hunt and Hanson",Food,0,
TX-C4AA07AC6AA2,CUST-C66D1922,2025-11-25T03:02:01.791552,844.25,USD,Reese Group,Travel,0,
TX-9D45CE43A198,CUST-C66D1922,2025-11-29T22:02:01.791552,606.55,USD,Curtis LLC,Retail,0,
TX-3EBE0AA41920,CUST-C66D1922,2025-12-03T00:02:01.791552,733.89,USD,Jenkins-Ray,Food,0,
TX-A128288F9B71,CUST-C66D1922,2025-12-03T01:02:01.791552,1879.02,USD,Chandler-Ward,Food,0,
TX-7FBD967CEF51,CUST-C66D1922,2025-12-03T14:02:01.791552,10.24,USD,"Garner, King and Johnson",Travel,0,
TX-EE46ACCA3561,CUST-C66D1922,2025-12-03T15:02:01.791552,901.11,USD,Johnson PLC,Utilities,0,
TX-6798BDDFC261,CUST-C66D1922,2025-12-07T17:02:01.791552,1867.68,USD,"Castro, Shepherd and Fox",Retail,0,
TX-DBF1B32CBD4E,CUST-C66D1922,2025-12-12T04:02:01.791552,835.99,USD,"Jacobs, Le and Kim",Utilities,0,
TX-DE42FFA21DED,CUST-C66D1922,2025-12-15T09:02:01.791552,1720.35,USD,Roberts-Greer,Retail,0,
TX-9161590A5334,CUST-C66D1922,2025-12-17T19:02:01.791552,1515.84,USD,"Rivera, Chen and Greer",Travel,0,
TX-AA57920BF636,CUST-C66D1922,2025-12-20T11:02:01.791552,1263.7,USD,"Nunez, Lindsey and Green",Travel,0,
TX-B3F7091DA6A2,CUST-C66D1922,2025-12-22T10:02:01.791552,1119.23,USD,Mitchell-Bird,Utilities,0,
TX-608B8C83A834,CUST-C66D1922,2025-12-25T13:02:01.791552,1700.97,USD,"Mcdowell, Coffey and Ochoa",Utilities,0,
TX-9BC25929F32F,CUST-C66D1922,2025-12-29T04:02:01.791552,1893.24,USD,Smith-Rodriguez,Food,0,
TX-420BEE7595E2,CUST-C66D1922,2026-01-02T20:02:01.791552,493.88,USD,Chavez-Perry,Food,0,
TX-00EFE458AB16,CUST-C66D1922,2026-01-05T13:02:01.791552,1435.16,USD,Foster LLC,Utilities,0,
TX-E1DDA855A285,CUST-C66D1922,2026-01-07T22:02:01.791552,726.81,USD,Holt LLC,Travel,0,
TX-47EA83C1F94E,CUST-31F38EC2,2025-11-18T02:02:01.791552,140.9,USD,"Glenn, Kidd and Hurst",Retail,0,
TX-D03AC5D3C9F3,CUST-31F38EC2,2025-11-19T18:02:01.791552,1814.32,USD,Lewis and Sons,Utilities,0,
TX-ADFC6EC56C82,CUST-31F38EC2,2025-11-24T05:02:01.791552,952.04,USD,Myers and Sons,Utilities,0,
TX-912BFE310B53,CUST-31F38EC2,2025-11-27T05:02:01.791552,977.34,USD,Moore-Johnston,Retail,0,
TX-4AED225AED2F,CUST-31F38EC2,2025-11-29T16:02:01.791552,668.47,USD,Butler-Ryan,Travel,0,
TX-80C8C4C4CC2B,CUST-31F38EC2,2025-11-29T19:02:01.791552,1841.4,USD,"Brown, Garcia and King",Retail,0,
TX-CE55BA2127D9,CUST-31F38EC2,2025-12-01T13:02:01.791552,439.95,USD,Wheeler Group,Utilities,0,
TX-6B8D5DFAEAE2,CUST-31F38EC2,2025-12-04T05:02:01.791552,840.42,USD,Brown Inc,Food,0,
TX-B656F830C201,CUST-31F38EC2,2025-12-05T14:02:01.791552,1786.77,USD,Hill Group,Utilities,0,
TX-7E80ED384564,CUST-31F38EC2,2025-12-07T01:02:01.791552,1115.87,USD,Cox Inc,Travel,0,
TX-140D92A4604E,CUST-31F38EC2,2025-12-09T18:02:01.791552,1651.4,USD,Ray Ltd,Utilities,0,
TX-03ECC04DC505,CUST-31F38EC2,2025-12-14T00:02:01.791552,1732.73,USD,"Moore, Phelps and Villegas",Retail,0,
TX-C6C8EE4E483B,CUST-31F38EC2,2025-12-17T21:02:01.791552,1360.79,USD,"Potts, Acosta and Fuller",Utilities,0,
TX-FCB9FD338AE8,CUST-31F38EC2,2025-12-20T14:02:01.791552,714.1,USD,"Mitchell, Hess and Nelson",Travel,0,
TX-BE2AE9D3609B,CUST-31F38EC2,2025-12-24T16:02:01.791552,1230.98,USD,Jones LLC,Retail,0,
TX-92B0B7891930,CUST-31F38EC2,2025-12-28T20:02:01.791552,1484.7,USD,Luna Ltd,Retail,0,
TX-93FC2CE46AEB,CUST-31F38EC2,2025-12-31T09:02:01.791552,939.19,USD,Rangel Ltd,Retail,0,
TX-2568D1CC4DA6,CUST-31F38EC2,2025-12-31T17:02:01.791552,1217.99,USD,Wells-Larson,Retail,0,
TX-7C7E7F592A86,CUST-31F38EC2,2026-01-01T20:02:01.791552,1147.87,USD,"Gibson, Butler and Hardin",Utilities,0,
TX-9D149E135CC7,CUST-31F38EC2,2026-01-03T12:02:01.791552,1775.18,USD,Becker Group,Food,0,
TX-A2EA962FC553,CUST-31F38EC2,2026-01-03T16:02:01.791552,1522.18,USD,Miller-Contreras,Food,0,
TX-07A2AF76445E,CUST-31F38EC2,2026-01-07T05:02:01.791552,129.32,USD,Ramirez LLC,Food,0,
TX-49A5DA465D1C,CUST-31F38EC2,2026-01-08T22:02:01.791552,1690.13,USD,Sandoval-Johnson,Retail,0,
TX-AC56D3DE93B5,CUST-31F38EC2,2026-01-10T15:02:01.791552,1195.23,USD,"Roberson, Stephens and Bowen",Food,0,
TX-86F324F5D4FE,CUST-31F38EC2,2026-01-14T18:02:01.791552,415.13,USD,Nicholson Ltd,Travel,0,
TX-823791271763,CUST-31F38EC2,2026-01-16T18:02:01.791552,645.36,USD,Mason-Garcia,Food,0,
TX-CF7A6809F4F1,CUST-31F38EC2,2026-01-17T03:02:01.791552,1367.46,USD,"Walters, Duncan and Barron",Travel,0,
TX-F9F495891DD7,CUST-31F38EC2,2026-01-21T03:02:01.791552,1208.36,USD,Doyle-Gonzalez,Travel,0,
TX-3BD66D494FDA,CUST-31F38EC2,2026-01-21T23:02:01.791552,498.52,USD,"Phillips, White and Logan",Food,0,
TX-A474BFE0AB7F,CUST-31F38EC2,2026-01-23T04:02:01.791552,944.74,USD,"Brown, Warren and Nichols",Travel,0,
TX-F8D962195871,CUST-31F38EC2,2026-01-26T18:02:01.791552,437.35,USD,Gibson LLC,Retail,0,
TX-D43A1A96190F,CUST-31F38EC2,2026-01-30T10:02:01.791552,361.04,USD,"Garza, Butler and Bennett",Travel,0,
TX-E73A617E0224,CUST-31F38EC2,2026-02-03T18:02:01.791552,304.68,USD,Bell Ltd,Travel,0,
TX-4DD0BCE7E3AA,CUST-31F38EC2,2026-02-08T06:02:01.791552,341.86,USD,Warner-Chaney,Food,0,
TX-309AF0500E69,CUST-31F38EC2,2026-02-11T12:02:01.791552,634.45,USD,Davis PLC,Retail,0,
TX-95BA0E5FFADD,CUST-91DB9298,2025-11-18T19:02:01.791552,986.16,USD,"Butler, Griffin and Phillips",Retail,0,
TX-700BEE52A37C,CUST-91DB9298,2025-11-23T11:02:01.791552,661.02,USD,"Howe, Jones and Harris",Travel,0,
TX-53BC1F17164D,CUST-91DB9298,2025-11-25T16:02:01.791552,837.37,USD,Herrera-Nelson,Utilities,0,
TX-CCFE357EF3D9,CUST-91DB9298,2025-11-27T20:02:01.791552,1147.76,USD,"Vargas, Sanders and Nicholson",Food,0,
TX-9FC1FD153155,CUST-91DB9298,2025-12-02T10:02:01.791552,798.82,USD,Villegas-Williams,Travel,0,
TX-A2CBFEE7ACCA,CUST-91DB9298,2025-12-05T09:02:01.791552,1634.02,USD,"Weaver, Miller and Hernandez",Utilities,0,
TX-E7ABEC540B20,CUST-91DB9298,2025-12-06T12:02:01.791552,347.11,USD,Wade LLC,Travel,0,
TX-C1FAF4149C2D,CUST-91DB9298,2025-12-07T19:02:01.791552,1457.45,USD,Hicks-Lopez,Travel,0,
TX-3395F49ECA62,CUST-91DB9298,2025-12-09T01:02:01.791552,1306.09,USD,"Schneider, Parker and Carpenter",Food,0,
TX-DE494BBED2F9,CUST-91DB9298,2025-12-09T22:02:01.791552,1655.03,USD,"Proctor, Dean and Moses",Food,0,
TX-7D8B54A9AF8D,CUST-91DB9298,2025-12-12T04:02:01.791552,1652.73,USD,"Garcia, Walsh and Hoffman",Utilities,0,
TX-20291896F238,CUST-91DB9298,2025-12-14T10:02:01.791552,1499.52,USD,"Morris, Edwards and Lawrence",Food,0,
TX-CFDD158511D3,CUST-91DB9298,2025-12-19T09:02:01.791552,1804.49,USD,Scott-Shaw,Travel,0,
TX-C206A42C8587,CUST-91DB9298,2025-12-20T11:02:01.791552,1714.91,USD,"Keller, Harris and Carter",Retail,0,
TX-86298ABFAF78,CUST-91DB9298,2025-12-22T20:02:01.791552,1743.79,USD,Mercado-Simpson,Retail,0,
TX-F0876EAFC4B9,CUST-91DB9298,2025-12-26T03:02:01.791552,1011.26,USD,Nunez Ltd,Food,0,
TX-EF46A71615D7,CUST-91DB9298,2025-12-27T17:02:01.791552,130.14,USD,Jackson-Moore,Utilities,0,
TX-56A2FDAE9C99,CUST-91DB9298,2025-12-28T15:02:01.791552,1038.1,USD,Smith and Sons,Retail,0,
TX-7549FE6785CF,CUST-CD870023,2025-11-14T18:02:01.791552,987.26,USD,Hughes-Patterson,Utilities,0,
TX-C46B3042E15C,CUST-CD870023,2025-11-17T13:02:01.791552,1498.35,USD,"Barber, Jimenez and Montoya",Utilities,0,
TX-DAE666C8E709,CUST-CD870023,2025-11-22T00:02:01.791552,833.95,USD,Maldonado-Medina,Retail,0,
TX-4D5CC7D5F491,CUST-CD870023,2025-11-22T05:02:01.791552,1914.72,USD,Bailey PLC,Food,0,
TX-E6BFF7D4E555,CUST-CD870023,2025-11-22T23:02:01.791552,773.43,USD,Schneider Group,Food,0,
TX-424EFF4BFA9F,CUST-CD870023,2025-11-27T02:02:01.791552,632.5,USD,Smith and Sons,Retail,0,
TX-43E59794DD25,CUST-CD870023,2025-11-29T15:02:01.791552,831.57,USD,Maldonado-Nelson,Travel,0,
TX-445571B3D2C6,CUST-CD870023,2025-11-29T18:02:01.791552,1787.65,USD,Rodriguez-Faulkner,Food,0,
TX-A8D6A93D76C3,CUST-CD870023,2025-11-30T05:02:01.791552,1980.29,USD,Smith Ltd,Retail,0,
TX-ABFDC6D332FF,CUST-CD870023,2025-12-04T05:02:01.791552,645.96,USD,"Mccormick, Rice and Estrada",Utilities,0,
TX-1AF66FEC6A78,CUST-CD870023,2025-12-06T05:02:01.791552,1549.78,USD,"Davis, Johnson and Williams",Retail,0,
TX-02B927412828,CUST-CD870023,2025-12-07T10:02:01.791552,1210.7,USD,"Bradley, Miller and Dean",Food,0,
TX-204A024AD15A,CUST-CD870023,2025-12-08T20:02:01.791552,99.95,USD,"Murillo, Ellis and Ramos",Travel,0,
TX-6B01EFBA69CF,CUST-CD870023,2025-12-09T19:02:01.791552,1976.63,USD,"Peterson, Mccarthy and Frazier",Travel,0,
TX-8EDE21F439EB,CUST-CD870023,2025-12-14T18:02:01.791552,1580.58,USD,Patel-Hodge,Utilities,0,
TX-0254EE72B431,CUST-CD870023,2025-12-15T10:02:01.791552,1636.99,USD,"Sharp, Spencer and Mata",Retail,0,
TX-2AEEDD01B008,CUST-CD870023,2025-12-18T03:02:01.791552,264.11,USD,Acevedo-Green,Utilities,0,
TX-BC3F1AE1A61B,CUST-CD870023,2025-12-20T19:02:01.791552,1256.4,USD,"Juarez, Baker and Lawrence",Travel,0,
TX-A6AD1E2BBEF3,CUST-CD870023,2025-12-21T03:02:01.791552,1840.33,USD,Hester LLC,Travel,0,
TX-4D00C42C4182,CUST-CD870023,2025-12-24T04:02:01.791552,1464.36,USD,Wright-Swanson,Travel,0,
TX-8106C9C1CDD5,CUST-CD870023,2025-12-25T23:02:01.791552,1490.42,USD,"Kirby, Williams and Moss",Utilities,0,
TX-BE1E0D51C1D9,CUST-CD870023,2025-12-26T20:02:01.791552,535.1,USD,"Taylor, Erickson and Bradford",Travel,0,
TX-29F1C4D0680B,CUST-CD870023,2025-12-29T22:02:01.791552,458.42,USD,French Group,Retail,0,
TX-31C7D085B7C7,CUST-CD870023,2025-12-31T08:02:01.791552,503.78,USD,"Hobbs, Carey and Mathews",Utilities,0,
TX-2702F8A0EAEE,CUST-CD870023,2026-01-01T14:02:01.791552,1948.32,USD,Nichols Inc,Retail,0,
TX-33AEF1CBBDD1,CUST-CD870023,2026-01-04T07:02:01.791552,483.73,USD,Hudson LLC,Food,0,
TX-C3C983892BC0,CUST-CD870023,2026-01-06T12:02:01.791552,1558.57,USD,"Kim, Davila and Tucker",Travel,0,
TX-70ABA784C09B,CUST-CD870023,2026-01-06T17:02:01.791552,1719.22,USD,Butler-Watts,Retail,0,
TX-7AEE478B518A,CUST-CD870023,2026-01-11T09:02:01.791552,1546.94,USD,Henry-Garcia,Food,0,
TX-25DCCAEE1EDA,CUST-CD870023,2026-01-13T10:02:01.791552,1366.79,USD,"Ortiz, Jones and White",Travel,0,
TX-BD442B792819,CUST-CD870023,2026-01-17T13:02:01.791552,1014.84,USD,Miles PLC,Travel,0,
TX-601290D74C41,CUST-CD870023,2026-01-18T09:02:01.791552,1667.19,USD,Anthony-Diaz,Retail,0,
TX-46D12B3CE78D,CUST-CD870023,2026-01-18T21:02:01.791552,405.81,USD,Mathis-Dodson,Food,0,
TX-816B2CE265CE,CUST-CD870023,2026-01-22T00:02:01.791552,1621.72,USD,Abbott and Sons,Utilities,0,
TX-157A3535562A,CUST-CD870023,2026-01-26T04:02:01.791552,1452.34,USD,Padilla-Lane,Travel,0,
TX-83C0F46DC623,CUST-CD870023,2026-01-28T21:02:01.791552,1117.21,USD,Fox PLC,Food,0,
TX-6862B50649F4,CUST-CD870023,2026-02-02T21:02:01.791552,925.12,USD,"Taylor, Lynch and Hunter",Utilities,0,
TX-DD790379628D,CUST-CD870023,2026-02-05T14:02:01.791552,1560.6,USD,Johnson Inc,Food,0,
TX-20ECAA09E33C,CUST-CD870023,2026-02-10T08:02:01.791552,977.29,USD,Reyes-Hughes,Food,0,
TX-6BADA8176EF8,CUST-F644FA88,2025-11-16T19:02:01.791552,583.77,USD,Reyes-Vincent,Retail,0,
TX-622FC0625657,CUST-F644FA88,2025-11-21T04:02:01.791552,1235.25,USD,Sanders Ltd,Utilities,0,
TX-D1458C8ECEB3,CUST-F644FA88,2025-11-24T10:02:01.791552,1058.23,USD,"Brown, Thompson and Barrera",Food,0,
TX-55853C801A45,CUST-F644FA88,2025-11-24T19:02:01.791552,980.95,USD,Taylor Group,Travel,0,
TX-90D906989AB1,CUST-F644FA88,2025-11-25T09:02:01.791552,989.71,USD,Durham LLC,Food,0,
TX-EE8C6F863FBC,CUST-F644FA88,2025-11-29T00:02:01.791552,1316.24,USD,Wright Group,Utilities,0,
TX-12AF587CED04,CUST-F644FA88,2025-12-02T23:02:01.791552,1152.64,USD,George PLC,Retail,0,
TX-7B847E1B123E,CUST-F644FA88,2025-12-07T08:02:01.791552,1167.51,USD,Villanueva-Thomas,Retail,0,
TX-CEC44A03A8AD,CUST-F644FA88,2025-12-09T00:02:01.791552,1587.8,USD,Salinas-Peters,Food,0,
TX-1CB972E6114F,CUST-F644FA88,2025-12-13T12:02:01.791552,743.76,USD,"King, Knight and Davis",Utilities,0,
TX-7BA72684498D,CUST-F644FA88,2025-12-14T11:02:01.791552,370.4,USD,Green and Sons,Travel,0,
TX-C326DD2BFB74,CUST-F644FA88,2025-12-16T15:02:01.791552,478.01,USD,Horn Group,Food,0,
TX-EC872057A2DD,CUST-F644FA88,2025-12-21T05:02:01.791552,1887.61,USD,"Reid, Alvarez and Quinn",Retail,0,
TX-2300B155CF80,CUST-F644FA88,2025-12-22T01:02:01.791552,1471.73,USD,"Jones, Moreno and West",Utilities,0,
TX-E5E977BC6556,CUST-F644FA88,2025-12-22T21:02:01.791552,102.72,USD,Davis LLC,Travel,0,
TX-5A3C970B93DC,CUST-F644FA88,2025-12-23T23:02:01.791552,1658.05,USD,"Lam, Payne and Andrews",Retail,0,
TX-DA6B6931E527,CUST-F644FA88,2025-12-25T09:02:01.791552,231.71,USD,Martin PLC,Travel,0,
TX-E17F94078DDA,CUST-F644FA88,2025-12-28T00:02:01.791552,1462.55,USD,Gentry-Ortiz,Food,0,
TX-301E2340E2AC,CUST-F644FA88,2025-12-29T16:02:01.791552,1852.43,USD,"Williams, Clark and Zuniga",Utilities,0,
TX-E1A442A087DB,CUST-F644FA88,2026-01-02T02:02:01.791552,1919.5,USD,Young-Martin,Food,0,
TX-049C0E1A8D0A,CUST-F644FA88,2026-01-06T17:02:01.791552,1428.93,USD,Case-Henderson,Food,0,
TX-D39DBD95B39D,CUST-9E0051C8,2025-11-17T00:02:01.791552,619.55,USD,"Mejia, Li and Williams",Food,0,
TX-767D33A53C5A,CUST-9E0051C8,2025-11-17T18:02:01.791552,688.88,USD,"Sanchez, Reynolds and Parker",Food,0,
TX-6EA8D4250010,CUST-9E0051C8,2025-11-21T10:02:01.791552,169.68,USD,Combs-Underwood,Travel,0,
TX-A33221C63A3A,CUST-9E0051C8,2025-11-23T10:02:01.791552,1422.13,USD,"Maldonado, Horton and Martinez",Retail,0,
TX-EA005F5D8A02,CUST-9E0051C8,2025-11-23T13:02:01.791552,432.31,USD,"Webb, Hampton and Adams",Travel,0,
TX-716D9B158D9D,CUST-9E0051C8,2025-11-24T16:02:01.791552,321.11,USD,Williams Ltd,Food,0,
TX-4504198E4C6E,CUST-9E0051C8,2025-11-25T12:02:01.791552,1671.93,USD,Arroyo Inc,Retail,0,
TX-6578F04BAFBD,CUST-9E0051C8,2025-11-29T21:02:01.791552,192.26,USD,Raymond Group,Food,0,
TX-C10E29281CDD,CUST-9E0051C8,2025-12-02T20:02:01.791552,268.29,USD,"Stewart, Castillo and Miller",Travel,0,
TX-630E96F6D46C,CUST-9E0051C8,2025-12-06T05:02:01.791552,1573.9,USD,Greene-Lawson,Food,0,
TX-A0BB98698AE0,CUST-9E0051C8,2025-12-08T12:02:01.791552,541.04,USD,Smith PLC,Food,0,
TX-B1866EABE07A,CUST-9E0051C8,2025-12-11T15:02:01.791552,270.99,USD,"Daniels, Barber and Coleman",Utilities,0,
TX-2610EFE58F70,CUST-9E0051C8,2025-12-12T19:02:01.791552,1554.79,USD,"Sanchez, Cruz and Macias",Travel,0,
TX-10527F9E1BA8,CUST-9E0051C8,2025-12-17T19:02:01.791552,1140.3,USD,Hill Group,Food,0,
TX-3F2244BCF4A9,CUST-9E0051C8,2025-12-22T10:02:01.791552,136.35,USD,"Miller, Hernandez and Brown",Food,0,
TX-D4FEAF64C08D,CUST-9E0051C8,2025-12-26T10:02:01.791552,958.93,USD,Griffith and Sons,Retail,0,
TX-07C4C1EFBC62,CUST-9E0051C8,2025-12-26T12:02:01.791552,922.1,USD,Wells LLC,Utilities,0,
TX-44DBB5F6E69D,CUST-9E0051C8,2025-12-31T02:02:01.791552,838.16,USD,Thomas-Graham,Travel,0,
TX-87746830E7BB,CUST-9E0051C8,2025-12-31T12:02:01.791552,1838.97,USD,Mcgee Group,Utilities,0,
TX-5B65FBA06E86,CUST-9E0051C8,2026-01-01T15:02:01.791552,1030.31,USD,Meyers Group,Retail,0,
TX-2AA3E0BDE6BB,CUST-9E0051C8,2026-01-05T16:02:01.791552,477.93,USD,Greene-Costa,Retail,0,
TX-78A80492A842,CUST-9E0051C8,2026-01-10T02:02:01.791552,853.01,USD,Carr-Warner,Food,0,
TX-6CE3CBF14E29,CUST-9E0051C8,2026-01-12T11:02:01.791552,277.86,USD,"Roberts, Boyle and Harris",Utilities,0,
TX-03F08265F364,CUST-9E0051C8,2026-01-13T08:02:01.791552,255.18,USD,Villarreal-Roberts,Travel,0,
TX-C911FCC067F2,CUST-9E0051C8,2026-01-17T19:02:01.791552,789.26,USD,Johnston-Holloway,Utilities,0,
TX-4E9A39C60E5A,CUST-9E0051C8,2026-01-18T01:02:01.791552,214.29,USD,Ramirez-Russell,Travel,0,
TX-FA814DE9664F,CUST-9E0051C8,2026-01-19T02:02:01.791552,1584.39,USD,Larson-Rice,Food,0,
TX-89FCA788441D,CUST-9E0051C8,2026-01-19T10:02:01.791552,1248.32,USD,Clay-Brown,Utilities,0,
TX-63C99D400BFE,CUST-9E0051C8,2026-01-22T05:02:01.791552,203.55,USD,Price PLC,Retail,0,
TX-04AE4B9CE1EA,CUST-9E0051C8,2026-01-22T12:02:01.791552,1637.67,USD,Knight-Nash,Travel,0,
TX-D1E85F7F4BBC,CUST-9E0051C8,2026-01-24T15:02:01.791552,1296.23,USD,White and Sons,Food,0,
TX-4167209AC90C,CUST-9E0051C8,2026-01-26T07:02:01.791552,838.69,USD,"Brennan, Cooke and Baker",Retail,0,
TX-E800D6AA6D29,CUST-9E0051C8,2026-01-29T08:02:01.791552,1846.4,USD,"Rivera, Brown and Olson",Food,0,
TX-8113C5A24F3C,CUST-9E0051C8,2026-01-29T19:02:01.791552,1089.02,USD,Martinez-Ibarra,Food,0,
TX-2FCEA87A7CF3,CUST-9E0051C8,2026-01-31T09:02:01.791552,1744.0,USD,Brown-Smith,Travel,0,
TX-AB700D4C60ED,CUST-9E0051C8,2026-02-01T10:02:01.791552,217.84,USD,Watkins-Martinez,Retail,0,
TX-37A2434C370B,CUST-9E0051C8,2026-02-01T11:02:01.791552,62.91,USD,Martinez-Bailey,Retail,0,
TX-8C11A4CCBD23,CUST-9E0051C8,2026-02-03T09:02:01.791552,271.13,USD,Kennedy-Smith,Retail,0,
TX-6951CCC52480,CUST-9E0051C8,2026-02-07T17:02:01.791552,1626.73,USD,"Jenkins, Thomas and Gutierrez",Utilities,0,
TX-91C14B3B33BC,CUST-9E0051C8,2026-02-10T00:02:01.791552,1030.25,USD,Johnson Ltd,Utilities,0,
TX-1522901C6F8F,CUST-9E0051C8,2026-02-10T04:02:01.791552,33.33,USD,Pope-Snyder,Food,0,
TX-B0FB13B40BD6,CUST-CF558B4D,2025-11-18T22:02:01.791552,1456.16,USD,Mitchell Inc,Retail,0,
TX-F077EAC84D77,CUST-CF558B4D,2025-11-20T18:02:01.791552,316.42,USD,Gardner PLC,Food,0,
TX-1EFA47B3FD0E,CUST-CF558B4D,2025-11-24T14:02:01.791552,1592.29,USD,Jensen Ltd,Travel,0,
TX-B082C9086891,CUST-CF558B4D,2025-11-28T11:02:01.791552,360.8,USD,Roy Ltd,Travel,0,
TX-1CA10099672A,CUST-CF558B4D,2025-11-29T01:02:01.791552,1299.94,USD,Peterson-Brown,Retail,0,
TX-DC910A39606B,CUST-CF558B4D,2025-12-03T01:02:01.791552,1175.29,USD,Sutton-Travis,Utilities,0,
TX-15AD5D4024A2,CUST-CF558B4D,2025-12-07T03:02:01.791552,681.11,USD,"White, Hansen and Forbes",Travel,0,
TX-E19816BDDA01,CUST-CF558B4D,2025-12-08T07:02:01.791552,643.54,USD,Reyes Inc,Travel,0,
TX-1E16C8A5D3F9,CUST-65270AD9,2025-11-17T19:02:01.791552,74.36,USD,Strong Group,Food,0,
TX-8E5019F635E1,CUST-65270AD9,2025-11-21T05:02:01.791552,1535.87,USD,Lynch-Todd,Utilities,0,
TX-E8F83018BD42,CUST-65270AD9,2025-11-25T20:02:01.791552,1549.0,USD,Campbell PLC,Food,0,
TX-9D6F4B1C23E8,CUST-65270AD9,2025-11-29T18:02:01.791552,846.1,USD,Jimenez PLC,Travel,0,
TX-3ED6A7028A87,CUST-65270AD9,2025-11-30T17:02:01.791552,632.36,USD,Whitehead PLC,Utilities,0,
TX-B508A5E39459,CUST-65270AD9,2025-12-05T17:02:01.791552,1497.38,USD,"Hill, Snyder and Gentry",Food,0,
TX-9CD4FFF23FC2,CUST-65270AD9,2025-12-08T18:02:01.791552,620.55,USD,Chapman-Dudley,Travel,0,
TX-E94AF8AC9914,CUST-65270AD9,2025-12-13T11:02:01.791552,1610.68,USD,"Jenkins, Cook and Drake",Travel,0,
TX-2D764D9BCF8E,CUST-65270AD9,2025-12-16T13:02:01.791552,720.6,USD,"Thomas, Gonzales and Lin",Retail,0,
TX-B5D3FF60C850,CUST-2FD56DFB,2025-11-14T07:02:01.791552,1631.85,USD,"Foster, Todd and Cochran",Utilities,0,
TX-C352D3DCF996,CUST-2FD56DFB,2025-11-18T13:02:01.791552,981.84,USD,"Thompson, Pollard and Jackson",Travel,0,
TX-0FF152B224FD,CUST-2FD56DFB,2025-11-19T00:02:01.791552,944.75,USD,"White, Brown and Edwards",Food,0,
TX-B70E418D1D66,CUST-2FD56DFB,2025-11-20T21:02:01.791552,808.56,USD,Lyons LLC,Travel,0,
TX-2F318D23E64D,CUST-2FD56DFB,2025-11-22T13:02:01.791552,1151.42,USD,"Mann, Hobbs and Hardy",Retail,0,
TX-DDB875AD387A,CUST-2FD56DFB,2025-11-27T07:02:01.791552,1769.73,USD,Martinez Inc,Utilities,0,
TX-E6B7A1DE09A1,CUST-2FD56DFB,2025-11-30T00:02:01.791552,1994.55,USD,"Ramirez, Sanchez and Madden",Food,0,
TX-5D47104E747D,CUST-2FD56DFB,2025-12-02T21:02:01.791552,1490.4,USD,"Edwards, Wall and Patrick",Utilities,0,
TX-1B2D24E2F2FD,CUST-2FD56DFB,2025-12-07T05:02:01.791552,1313.65,USD,"Kennedy, Harris and Page",Food,0,
TX-EBC786F90F7F,CUST-2FD56DFB,2025-12-11T04:02:01.791552,362.45,USD,Kirby Ltd,Food,0,
TX-7C9343469BD5,CUST-2FD56DFB,2025-12-14T11:02:01.791552,939.31,USD,Martinez-Gregory,Retail,0,
TX-01FFCAAA74B4,CUST-2FD56DFB,2025-12-19T07:02:01.791552,340.99,USD,"Hall, Smith and Arias",Utilities,0,
TX-12B342CEB23A,CUST-2FD56DFB,2025-12-22T21:02:01.791552,1607.36,USD,"Taylor, Moore and Rivas",Utilities,0,
TX-AD789FD18B7E,CUST-2FD56DFB,2025-12-22T22:02:01.791552,896.58,USD,"Foster, Fields and Thomas",Food,0,
TX-2184DD855562,CUST-2FD56DFB,2025-12-26T21:02:01.791552,297.86,USD,Cunningham Ltd,Utilities,0,
TX-13785D18DD42,CUST-2FD56DFB,2025-12-30T15:02:01.791552,1789.89,USD,Harrington PLC,Retail,0,
TX-3EC5EB3F2B1D,CUST-2FD56DFB,2025-12-31T18:02:01.791552,853.11,USD,Lee-Simpson,Retail,0,
TX-E33667B7FFE5,CUST-21AF23B2,2025-11-14T02:02:01.791552,1649.37,USD,Zimmerman-Quinn,Food,0,
TX-AD6C13AC9480,CUST-21AF23B2,2025-11-17T00:02:01.791552,1305.79,USD,Green LLC,Travel,0,
TX-036FACF4E5E7,CUST-21AF23B2,2025-11-21T00:02:01.791552,566.74,USD,"Koch, Sims and Lopez",Utilities,0,
TX-E7B6184203F5,CUST-21AF23B2,2025-11-24T03:02:01.791552,975.89,USD,"Gilbert, Ryan and Schneider",Retail,0,
TX-AF2286D534C3,CUST-21AF23B2,2025-11-28T07:02:01.791552,1776.41,USD,"Hill, Lam and Vang",Food,0,
TX-DA3F8A650583,CUST-21AF23B2,2025-12-01T21:02:01.791552,92.95,USD,Wilson-Jones,Food,0,
TX-885E7D07D2B4,CUST-21AF23B2,2025-12-04T16:02:01.791552,638.81,USD,Wilson Ltd,Travel,0,
TX-A0F946AB700C,CUST-21AF23B2,2025-12-08T08:02:01.791552,1675.65,USD,"Shaffer, Smith and Harrison",Utilities,0,
TX-F24383579A7E,CUST-21AF23B2,2025-12-10T10:02:01.791552,410.88,USD,"Mcdonald, Krueger and Curry",Travel,0,
TX-7670A276F35C,CUST-21AF23B2,2025-12-11T21:02:01.791552,1394.81,USD,Vang-Salazar,Utilities,0,
TX-1ACC9C2CEB66,CUST-21AF23B2,2025-12-15T17:02:01.791552,158.23,USD,Johnson Ltd,Food,0,
TX-1E1CC556E11E,CUST-D7AC4A6C,2025-11-15T22:02:01.791552,941.77,USD,"Rodriguez, Jefferson and Rice",Utilities,0,
TX-12EA39BA793A,CUST-D7AC4A6C,2025-11-16T23:02:01.791552,1102.8,USD,Morris-Taylor,Utilities,0,
TX-D96C622454D4,CUST-D7AC4A6C,2025-11-18T02:02:01.791552,1339.63,USD,Velasquez and Sons,Travel,0,
TX-E611AF0BB4A6,CUST-D7AC4A6C,2025-11-20T09:02:01.791552,1478.77,USD,Chavez-Smith,Travel,0,
TX-2748ABA46DE1,CUST-D7AC4A6C,2025-11-23T08:02:01.791552,1478.9,USD,George-Hernandez,Retail,0,
TX-092466E475B2,CUST-D7AC4A6C,2025-11-28T00:02:01.791552,1579.94,USD,Jordan-Middleton,Retail,0,
TX-356134E0F08A,CUST-D7AC4A6C,2025-12-01T12:02:01.791552,649.7,USD,Ingram LLC,Retail,0,
TX-D01E1EA7726E,CUST-D7AC4A6C,2025-12-05T14:02:01.791552,194.48,USD,Jones Group,Utilities,0,
TX-0F5E0264DB11,CUST-D7AC4A6C,2025-12-06T19:02:01.791552,1897.41,USD,"Vang, Sullivan and Foster",Utilities,0,
TX-6E897C42F8B6,CUST-D7AC4A6C,2025-12-10T10:02:01.791552,873.2,USD,"Russell, Cole and Velez",Food,0,
TX-5717180A3B3A,CUST-D7AC4A6C,2025-12-12T09:02:01.791552,1784.25,USD,Smith PLC,Travel,0,
TX-8019D0D9BCA8,CUST-D7AC4A6C,2025-12-15T19:02:01.791552,541.19,USD,Silva PLC,Retail,0,
TX-D9C9CDEE2339,CUST-D7AC4A6C,2025-12-18T19:02:01.791552,1586.67,USD,Fitzgerald-Martinez,Utilities,0,
TX-D4BA9BFCEFA5,CUST-D7AC4A6C,2025-12-22T09:02:01.791552,1536.54,USD,"Perez, Perry and Hill",Travel,0,
TX-0EC7D06AF2A3,CUST-D06A87D8,2026-01-04T01:06:05.791552,378.19,USD,West LLC,Fraudulent,1,High Velocity
TX-F1B22DD5DB54,CUST-D06A87D8,2026-01-04T01:08:44.791552,358.97,USD,"Williams, Perez and Dawson",Fraudulent,1,High Velocity
TX-331402DBE313,CUST-D06A87D8,2026-01-04T01:13:14.791552,219.06,USD,Silva-Hines,Fraudulent,1,High Velocity
TX-C3E18238C7FB,CUST-D06A87D8,2026-01-04T01:13:58.791552,365.56,USD,King-Smith,Fraudulent,1,High Velocity
TX-A1BDFB246DB1,CUST-D06A87D8,2026-01-04T01:15:06.791552,156.62,USD,Allison PLC,Fraudulent,1,High Velocity
TX-003026BD5EAC,CUST-D06A87D8,2026-01-04T01:17:28.791552,159.49,USD,"Taylor, Burke and Davenport",Fraudulent,1,High Velocity
TX-181A978D72C1,CUST-D06A87D8,2026-01-04T01:20:53.791552,253.86,USD,Mcdonald and Sons,Fraudulent,1,High Velocity
TX-2FBF4B3610BB,CUST-D06A87D8,2026-01-04T01:21:52.791552,270.11,USD,Jacobs Group,Fraudulent,1,High Velocity
TX-8A6E5C3E4CF0,CUST-D06A87D8,2026-01-04T01:25:32.791552,489.56,USD,Lawson-Simpson,Fraudulent,1,High Velocity
TX-C25AEE538068,CUST-D06A87D8,2026-01-04T01:30:10.791552,249.02,USD,"Rhodes, Peterson and Morales",Fraudulent,1,High Velocity
TX-049E5F2F9430,CUST-D06A87D8,2026-01-04T01:32:14.791552,371.05,USD,Thomas-Serrano,Fraudulent,1,High Velocity
TX-2149084F1270,CUST-D06A87D8,2026-01-04T01:32:52.791552,115.04,USD,Bryant PLC,Fraudulent,1,High Velocity
TX-1E2ABE940FBF,CUST-D06A87D8,2026-01-04T01:37:18.791552,221.43,USD,Barnes-Austin,Fraudulent,1,High Velocity
TX-BAF444E0442A,CUST-D06A87D8,2026-01-04T01:37:49.791552,371.46,USD,Cabrera LLC,Fraudulent,1,High Velocity
TX-C80F284682E8,CUST-D06A87D8,2026-01-04T01:42:02.791552,484.3,USD,Watson LLC,Fraudulent,1,High Velocity
TX-207D94EBF90F,CUST-D06A87D8,2026-01-04T01:44:22.791552,415.31,USD,Woods-Palmer,Fraudulent,1,High Velocity
TX-C05205326736,CUST-D06A87D8,2026-01-04T01:47:17.791552,302.08,USD,"Singh, Saunders and Hicks",Fraudulent,1,High Velocity
TX-02E2A39D3493,CUST-D06A87D8,2026-01-04T01:50:56.791552,144.66,USD,Grimes and Sons,Fraudulent,1,High Velocity
TX-17887AE91F9B,CUST-A534DBC4,2025-11-17T16:02:01.791552,923.76,USD,Stevens-Martin,Travel,0,
TX-E70E1449CFEB,CUST-A534DBC4,2025-11-22T05:02:01.791552,516.03,USD,"Perez, Willis and Michael",Retail,0,
TX-D37EA33040C3,CUST-A534DBC4,2025-11-22T23:02:01.791552,849.41,USD,Wright and Sons,Travel,0,
TX-05B91369918A,CUST-A534DBC4,2025-11-24T06:02:01.791552,1965.64,USD,Martin-Flores,Food,0,
TX-2890F7E2FD79,CUST-A534DBC4,2025-11-28T09:02:01.791552,1326.98,USD,Lee-Bruce,Utilities,0,
TX-1D7141E81312,CUST-A534DBC4,2025-11-30T06:02:01.791552,447.65,USD,"Hall, Gilbert and Williams",Food,0,
TX-67BF2B71D89B,CUST-A534DBC4,2025-12-05T04:02:01.791552,1504.79,USD,"Branch, Phillips and Brown",Retail,0,
TX-69C336CAC94C,CUST-A534DBC4,2025-12-06T22:02:01.791552,671.77,USD,Young-Martin,Retail,0,
TX-0C11416DDFB9,CUST-A534DBC4,2025-12-09T04:02:01.791552,1374.33,USD,Chapman Group,Utilities,0,
TX-6585BD1D3DD7,CUST-A534DBC4,2025-12-10T13:02:01.791552,887.26,USD,Cruz-Avila,Utilities,0,
TX-17D7DDB71F41,CUST-A534DBC4,2025-12-12T15:02:01.791552,1181.18,USD,Hill and Sons,Food,0,
TX-C3FF41DAB163,CUST-A534DBC4,2025-12-15T22:02:01.791552,1738.48,USD,"Kelly, Evans and Richards",Utilities,0,
TX-E2FD3C686A0B,CUST-A534DBC4,2025-12-20T16:02:01.791552,760.45,USD,Adams Inc,Retail,0,
TX-A1ADA3F98C23,CUST-A534DBC4,2025-12-25T00:02:01.791552,1346.68,USD,"Keller, Pham and Hubbard",Retail,0,
TX-D599ACAC7230,CUST-A534DBC4,2025-12-25T01:02:01.791552,1730.25,USD,Vargas-Hutchinson,Retail,0,
TX-B1FE54C762B6,CUST-A534DBC4,2025-12-25T05:02:01.791552,785.51,USD,Douglas LLC,Travel,0,
TX-7F15C7A73467,CUST-A534DBC4,2025-12-29T03:02:01.791552,1142.04,USD,Miller PLC,Food,0,
TX-4499CFD8D052,CUST-A534DBC4,2026-01-02T09:02:01.791552,567.36,USD,Castillo Inc,Food,0,
TX-814BD23FA79B,CUST-A534DBC4,2026-01-05T10:02:01.791552,1954.99,USD,Watts and Sons,Food,0,
TX-F117B3E6B69B,CUST-A534DBC4,2026-01-09T08:02:01.791552,1160.15,USD,Hill-Mejia,Travel,0,
TX-4347C70EF2BC,CUST-A534DBC4,2026-01-14T08:02:01.791552,1810.99,USD,"Mcpherson, Davis and West",Travel,0,
TX-FE3B3351737A,CUST-A534DBC4,2026-01-17T02:02:01.791552,1620.58,USD,Owens and Sons,Retail,0,
TX-4B72D2169533,CUST-A534DBC4,2026-01-20T08:02:01.791552,1014.2,USD,Stewart-Ball,Travel,0,
TX-097C31675AB3,CUST-A534DBC4,2026-01-21T17:02:01.791552,1851.09,USD,"Williams, Cortez and Cummings",Retail,0,
TX-87DD47882B8A,CUST-A534DBC4,2026-01-26T03:02:01.791552,1346.42,USD,Harrison-Morrison,Retail,0,
TX-203A4006DBA2,CUST-A534DBC4,2026-01-27T21:02:01.791552,768.16,USD,Griffin PLC,Retail,0,
TX-3409461D6D3A,CUST-A534DBC4,2026-01-29T04:02:01.791552,1463.86,USD,Kelley PLC,Food,0,
TX-85BA7C4F34AB,CUST-A534DBC4,2026-02-02T09:02:01.791552,1996.37,USD,"Lopez, Martinez and Madden",Food,0,
TX-3E1ECA6B90C0,CUST-A534DBC4,2026-02-07T00:02:01.791552,1367.08,USD,Campbell-Harper,Travel,0,
TX-519E9719CB74,CUST-A534DBC4,2026-02-09T06:02:01.791552,1580.86,USD,Sanchez Ltd,Travel,0,
TX-CDB1D0BC3745,CUST-A534DBC4,2026-02-11T03:02:01.791552,246.93,USD,"Estrada, Smith and Miller",Utilities,0,
TX-B1301522323B,CUST-2D09AE3F,2025-11-15T13:02:01.791552,1589.54,USD,Knox-Hurst,Retail,0,
TX-72C90AE94380,CUST-2D09AE3F,2025-11-17T11:02:01.791552,1532.43,USD,"Yates, Rodriguez and Miller",Travel,0,
TX-F252FDEC4978,CUST-2D09AE3F,2025-11-20T16:02:01.791552,1843.69,USD,Moore Inc,Utilities,0,
TX-1F0B7F6091E7,CUST-2D09AE3F,2025-11-24T20:02:01.791552,1900.87,USD,"Bates, Lewis and Hebert",Utilities,0,
TX-4E2F5E1DFA10,CUST-2D09AE3F,2025-11-28T15:02:01.791552,1884.25,USD,Bush Group,Retail,0,
TX-3490528F0744,CUST-2D09AE3F,2025-12-03T12:02:01.791552,653.75,USD,Lewis-Barber,Travel,0,
TX-47AD00EE0261,CUST-2D09AE3F,2025-12-03T23:02:01.791552,790.34,USD,Simpson-Hall,Food,0,
TX-02097086BED5,CUST-2D09AE3F,2025-12-06T17:02:01.791552,1587.11,USD,Haynes Group,Retail,0,
TX-90120420E91C,CUST-2D09AE3F,2025-12-09T16:02:01.791552,1778.87,USD,Sanchez-Lin,Food,0,
TX-78E9221757DC,CUST-2D09AE3F,2025-12-11T18:02:01.791552,35.9,USD,"Jones, Garza and Hoover",Utilities,0,
TX-775D009C0750,CUST-2D09AE3F,2025-12-16T01:02:01.791552,926.83,USD,Stephens-Frye,Travel,0,
TX-C5DF4A241082,CUST-2D09AE3F,2025-12-16T19:02:01.791552,403.1,USD,Hill Group,Retail,0,
TX-9E35FD5CC3ED,CUST-2D09AE3F,2025-12-18T15:02:01.791552,1484.08,USD,Murray-Hebert,Retail,0,
TX-F986A6840696,CUST-2D09AE3F,2025-12-22T15:02:01.791552,1545.87,USD,"Porter, Hunt and Hendricks",Utilities,0,
TX-1CB1A58EA8E0,CUST-2D09AE3F,2025-12-26T04:02:01.791552,171.2,USD,Curtis Inc,Food,0,
TX-28D4E1E82C4A,CUST-2D09AE3F,2025-12-30T23:02:01.791552,1780.71,USD,Duncan LLC,Retail,0,
TX-BF6A313A5FDF,CUST-2D09AE3F,2026-01-04T23:02:01.791552,569.43,USD,Gregory LLC,Travel,0,
TX-0E1BA5E9FCB4,CUST-2D09AE3F,2026-01-07T01:02:01.791552,1588.48,USD,"Nunez, Rojas and Stone",Travel,0,
TX-4F879FD715E0,CUST-2D09AE3F,2026-01-07T12:02:01.791552,1163.53,USD,Short-Fields,Utilities,0,
TX-F3CC92D1A71E,CUST-2D09AE3F,2026-01-09T19:02:01.791552,1760.76,USD,Miller and Sons,Food,0,
TX-85E84B33E562,CUST-2D09AE3F,2026-01-11T17:02:01.791552,634.39,USD,"Griffith, Fields and Bender",Retail,0,
TX-06B00FE98DEA,CUST-2D09AE3F,2026-01-14T07:02:01.791552,1388.85,USD,"Gutierrez, Reed and Castillo",Utilities,0,
TX-F06888EB0428,CUST-2D09AE3F,2026-01-15T05:02:01.791552,1657.11,USD,Thomas LLC,Food,0,
TX-30B23D15940E,CUST-2D09AE3F,2026-01-18T20:02:01.791552,960.0,USD,"Bryan, Rogers and Phillips",Food,0,
TX-9A6B1B5EE388,CUST-2D09AE3F,2026-01-18T21:02:01.791552,1622.17,USD,Small Ltd,Food,0,
TX-98C9DB24AD67,CUST-2D09AE3F,2026-01-19T01:02:01.791552,640.45,USD,"Anderson, Baker and Sims",Retail,0,
TX-EA5567D0D9A9,CUST-2D09AE3F,2026-01-21T16:02:01.791552,1006.27,USD,"Miller, Burns and Edwards",Retail,0,
TX-3358FEAF66A5,CUST-2D09AE3F,2026-01-24T14:02:01.791552,1708.16,USD,"Vasquez, Joseph and Cuevas",Utilities,0,
TX-C96FFB8C72E6,CUST-2D09AE3F,2026-01-28T01:02:01.791552,155.96,USD,Daniel-Lloyd,Utilities,0,
TX-B28D75D5F8E4,CUST-2D09AE3F,2026-01-30T11:02:01.791552,1863.14,USD,Wolfe Group,Retail,0,
TX-F2D7A0DED8EF,CUST-2D09AE3F,2026-01-31T00:02:01.791552,1785.09,USD,"Ortega, Johnson and Watson",Utilities,0,
TX-A9433701D529,CUST-2D09AE3F,2026-02-04T14:02:01.791552,1470.08,USD,Solomon Ltd,Retail,0,
TX-28693EBFE738,CUST-2D09AE3F,2026-02-08T19:02:01.791552,1653.14,USD,"Mills, Smith and Morris",Food,0,
TX-9F6EBEB1FC4E,CUST-2D09AE3F,2026-02-11T04:02:01.791552,1817.46,USD,Patterson Inc,Food,0,
TX-6BAC1102209C,CUST-2D09AE3F,2026-02-11T18:02:01.791552,1586.94,USD,Bates Inc,Travel,0,
TX-19A20E60ABC3,CUST-7A8CFEDD,2025-11-16T18:02:01.791552,170.15,USD,Wilson LLC,Retail,0,
TX-2F664EB43110,CUST-7A8CFEDD,2025-11-19T17:02:01.791552,1863.28,USD,"Adams, Byrd and Thomas",Retail,0,
TX-74B700921EC6,CUST-7A8CFEDD,2025-11-23T06:02:01.791552,1459.69,USD,"Ray, Stewart and King",Food,0,
TX-2EA8DDFBF4A2,CUST-7A8CFEDD,2025-11-26T02:02:01.791552,1920.34,USD,Kline LLC,Utilities,0,
TX-C12D862B896D,CUST-7A8CFEDD,2025-11-28T01:02:01.791552,282.01,USD,Frazier LLC,Retail,0,
TX-D8DBACFB4E26,CUST-7A8CFEDD,2025-12-02T23:02:01.791552,530.02,USD,"Martin, Cervantes and Kelley",Retail,0,
TX-AE81E49A3E97,CUST-7A8CFEDD,2025-12-06T22:02:01.791552,614.01,USD,Hanna LLC,Food,0,
TX-5F279F4C3BBA,CUST-7A8CFEDD,2025-12-11T05:02:01.791552,1162.21,USD,Smith Inc,Retail,0,
TX-555F42FB1AC2,CUST-7A8CFEDD,2025-12-16T03:02:01.791552,675.2,USD,Willis and Sons,Food,0,
TX-BDAACC63EB4A,CUST-7A8CFEDD,2025-12-19T12:02:01.791552,1301.22,USD,Smith-Smith,Retail,0,
TX-EB2B2FB40986,CUST-7A8CFEDD,2025-12-21T17:02:01.791552,1711.8,USD,Jacobson Ltd,Utilities,0,
TX-D792C251BD18,CUST-7A8CFEDD,2025-12-23T22:02:01.791552,744.32,USD,Gray-Lang,Retail,0,
TX-DC98864A2F71,CUST-7A8CFEDD,2025-12-26T20:02:01.791552,756.83,USD,Robinson-Williams,Retail,0,
TX-D1139B1D2949,CUST-7A8CFEDD,2025-12-28T13:02:01.791552,1548.2,USD,"Carlson, Hines and Mcneil",Utilities,0,
TX-6EED94E7F8B6,CUST-7A8CFEDD,2026-01-02T12:02:01.791552,1962.12,USD,Ross-Mueller,Utilities,0,
TX-A9EBE5D45DA0,CUST-7A8CFEDD,2026-01-03T04:02:01.791552,1493.12,USD,Myers-Cook,Utilities,0,
TX-4FDA4469C404,CUST-7A8CFEDD,2026-01-04T05:02:01.791552,1717.08,USD,Ibarra Group,Travel,0,
TX-5AD465D8715F,CUST-7A8CFEDD,2026-01-04T16:02:01.791552,1567.33,USD,"Wright, Floyd and Logan",Retail,0,
TX-8242C2579FAD,CUST-7A8CFEDD,2026-01-08T21:02:01.791552,537.92,USD,Terry-Arias,Retail,0,
TX-4C74F648CF50,CUST-7A8CFEDD,2026-01-12T14:02:01.791552,1693.87,USD,Hayes Group,Travel,0,
TX-D332B7ED5AA8,CUST-7A8CFEDD,2026-01-15T15:02:01.791552,1120.99,USD,Baker-Lee,Food,0,
TX-F0A9346197FC,CUST-7A8CFEDD,2026-01-20T06:02:01.791552,435.17,USD,"Johnson, Horne and Vasquez",Travel,0,
TX-83A0011E7A0F,CUST-7A8CFEDD,2026-01-21T06:02:01.791552,1910.05,USD,Ortiz-Mann,Retail,0,
TX-0121DF049C22,CUST-7A8CFEDD,2026-01-24T16:02:01.791552,725.95,USD,Harris Group,Travel,0,
TX-BC76CA413FB3,CUST-7A8CFEDD,2026-01-25T15:02:01.791552,1422.85,USD,Murray Group,Retail,0,
TX-0EB81ECF36CE,CUST-7A8CFEDD,2026-01-26T08:02:01.791552,1739.51,USD,Jones-Taylor,Food,0,
TX-C850D3632774,CUST-7A8CFEDD,2026-01-31T05:02:01.791552,236.84,USD,"Garcia, Bonilla and Thomas",Retail,0,
TX-221F4E5E9EDA,CUST-7A8CFEDD,2026-02-03T10:02:01.791552,249.11,USD,"Harris, Aguirre and Hutchinson",Food,0,
TX-22F03848459E,CUST-7A8CFEDD,2026-02-05T22:02:01.791552,1007.4,USD,Thompson Ltd,Retail,0,
TX-52ECD065176E,CUST-7A8CFEDD,2026-02-07T19:02:01.791552,180.1,USD,"Guerra, Vance and Taylor",Travel,0,
TX-2050862600AF,CUST-7A8CFEDD,2026-02-09T21:02:01.791552,1746.75,USD,Briggs LLC,Food,0,
TX-DD524696E7CA,CUST-FFFDCC46,2025-11-15T06:02:01.791552,1899.2,USD,"Mason, Stewart and Jimenez",Retail,0,
TX-493C87335170,CUST-FFFDCC46,2025-11-18T10:02:01.791552,1954.73,USD,Aguirre Group,Travel,0,
TX-5B3DD4CAA0C1,CUST-FFFDCC46,2025-11-20T22:02:01.791552,1267.88,USD,Costa-Thompson,Travel,0,
TX-19A298265EC9,CUST-FFFDCC46,2025-11-25T02:02:01.791552,1153.27,USD,Carpenter-Murphy,Food,0,
TX-35A6B79596A6,CUST-FFFDCC46,2025-11-25T20:02:01.791552,1655.65,USD,Conner-Torres,Food,0,
TX-DC9A3A5E4025,CUST-FFFDCC46,2025-11-27T12:02:01.791552,1316.61,USD,Morton and Sons,Utilities,0,
TX-A0F36C64F16E,CUST-FFFDCC46,2025-11-29T22:02:01.791552,692.29,USD,Mcgee-Douglas,Travel,0,
TX-0969B948DA7D,CUST-FFFDCC46,2025-12-01T06:02:01.791552,1258.94,USD,"Morales, Gillespie and Spence",Travel,0,
TX-7ACDDACA5C09,CUST-FFFDCC46,2025-12-05T11:02:01.791552,801.77,USD,"Caldwell, Alexander and Weeks",Retail,0,
TX-C99E119BFD4A,CUST-FFFDCC46,2025-12-07T15:02:01.791552,1276.57,USD,"Wheeler, Johnson and Pittman",Utilities,0,
TX-44DE4E4CAC48,CUST-FFFDCC46,2025-12-12T11:02:01.791552,149.52,USD,Meadows and Sons,Travel,0,
TX-37670C4E552E,CUST-FFFDCC46,2025-12-13T02:02:01.791552,1534.56,USD,Love Inc,Food,0,
TX-BDB2891CBFA0,CUST-FFFDCC46,2025-12-16T16:02:01.791552,1622.91,USD,Duncan Group,Travel,0,
TX-FF8122993833,CUST-FFFDCC46,2025-12-21T14:02:01.791552,256.01,USD,"Lamb, Bonilla and Carroll",Food,0,
TX-709DB67D8D45,CUST-FFFDCC46,2025-12-25T14:02:01.791552,1397.79,USD,Williams-Mendez,Utilities,0,
TX-2FE12D1C9228,CUST-FFFDCC46,2025-12-28T02:02:01.791552,1656.53,USD,Kaiser Inc,Travel,0,
TX-0FA0ECCD24B2,CUST-FFFDCC46,2025-12-31T08:02:01.791552,1537.71,USD,Benton Group,Utilities,0,
TX-0451914FC2C1,CUST-FFFDCC46,2025-12-31T18:02:01.791552,997.63,USD,"Rosales, Whitaker and Richmond",Food,0,
TX-255BED0F1886,CUST-FFFDCC46,2026-01-02T21:02:01.791552,1687.15,USD,Moore Inc,Food,0,
TX-8ADFE59236A4,CUST-FFFDCC46,2026-01-06T12:02:01.791552,1751.76,USD,Bond Group,Utilities,0,
TX-EA406DEF050A,CUST-FFFDCC46,2026-01-08T00:02:01.791552,658.4,USD,Rodriguez-Murphy,Food,0,
TX-F66E978C11E2,CUST-FFFDCC46,2026-01-09T09:02:01.791552,45.22,USD,Harris Ltd,Utilities,0,
TX-02836DB5E442,CUST-FFFDCC46,2026-01-13T03:02:01.791552,486.78,USD,"Hebert, Riley and Willis",Food,0,
TX-3A37B925FB51,CUST-FFFDCC46,2026-01-15T18:02:01.791552,461.68,USD,"Galloway, Terry and Sanchez",Food,0,
TX-CFFE7864C778,CUST-FFFDCC46,2026-01-18T09:02:01.791552,1187.33,USD,Smith-Hammond,Travel,0,
TX-32CD2AC27AC7,CUST-FFFDCC46,2026-01-20T02:02:01.791552,1398.23,USD,"Tyler, Martinez and Martin",Utilities,0,
TX-5E05CB1DE15B,CUST-FFFDCC46,2026-01-24T09:02:01.791552,1467.4,USD,Morales Group,Travel,0,
TX-098F8879E93B,CUST-FFFDCC46,2026-01-25T11:02:01.791552,1323.53,USD,Payne-Harris,Food,0,
TX-B011F75CAB85,CUST-FFFDCC46,2026-01-28T04:02:01.791552,987.97,USD,Bennett-Oconnor,Travel,0,
TX-0049C2B92189,CUST-FFFDCC46,2026-01-31T20:02:01.791552,783.62,USD,"Estrada, Crawford and Jones",Travel,0,
TX-AFEF22191D0B,CUST-6F25C487,2025-11-17T21:02:01.791552,495.19,USD,"Byrd, Holmes and Richards",Retail,0,
TX-DE05C55A30D0,CUST-6F25C487,2025-11-21T19:02:01.791552,349.28,USD,Bennett Group,Utilities,0,
TX-870513CAD2FE,CUST-6F25C487,2025-11-23T19:02:01.791552,1898.52,USD,"Moore, Keith and Davis",Utilities,0,
TX-D389839A844E,CUST-6F25C487,2025-11-26T08:02:01.791552,853.88,USD,James Group,Travel,0,
TX-6D6EFA98CBED,CUST-6F25C487,2025-11-27T11:02:01.791552,1419.17,USD,Ayers PLC,Food,0,
TX-6C9787B3D64D,CUST-6F25C487,2025-11-27T17:02:01.791552,1281.11,USD,"Paul, Lewis and Preston",Utilities,0,
TX-422C69EC9CF3,CUST-6F25C487,2025-11-30T03:02:01.791552,922.68,USD,"West, Nelson and Sanchez",Travel,0,
TX-DE62201FFF18,CUST-6F25C487,2025-12-03T06:02:01.791552,1845.57,USD,Ward Ltd,Utilities,0,
TX-DABA534E7628,CUST-6F25C487,2025-12-06T20:02:01.791552,1967.31,USD,Archer PLC,Utilities,0,
TX-65BC24CBFB6D,CUST-ECD389CE,2025-11-14T09:02:01.791552,306.56,USD,Jenkins LLC,Retail,0,
TX-EAD93AE4E9DE,CUST-ECD389CE,2025-11-15T15:02:01.791552,324.82,USD,"Wang, Rogers and Goodwin",Utilities,0,
TX-DFAF5399E81D,CUST-ECD389CE,2025-11-19T12:02:01.791552,456.83,USD,Kim-Robbins,Food,0,
TX-D605DBF0199B,CUST-ECD389CE,2025-11-20T20:02:01.791552,1673.25,USD,Smith-Davis,Retail,0,
TX-48732AA87F2E,CUST-ECD389CE,2025-11-21T05:02:01.791552,1603.21,USD,Martin-Franklin,Retail,0,
TX-025B1E334CED,CUST-ECD389CE,2025-11-21T08:02:01.791552,10.66,USD,Harris LLC,Retail,0,
TX-F48CDE71482D,CUST-ECD389CE,2025-11-23T19:02:01.791552,682.89,USD,Davidson-Camacho,Travel,0,
TX-300C1F45B9A1,CUST-ECD389CE,2025-11-25T09:02:01.791552,1693.34,USD,Delacruz-Dawson,Retail,0,
TX-237494CBC12D,CUST-1A8346CE,2025-11-19T01:02:01.791552,105565.27,USD,Price PLC,Fraudulent,1,High Value Anomaly
TX-81BBAC307086,CUST-4FD129CF,2025-11-15T19:02:01.791552,1310.66,USD,Adams Ltd,Utilities,0,
TX-5350C435A9F1,CUST-4FD129CF,2025-11-17T15:02:01.791552,1726.87,USD,Skinner Ltd,Travel,0,
TX-0F61C0C3F66B,CUST-4FD129CF,2025-11-19T16:02:01.791552,1054.08,USD,Nelson Inc,Travel,0,
TX-1CBFEC35045F,CUST-4FD129CF,2025-11-23T06:02:01.791552,1678.69,USD,"Williamson, Moore and Cook",Travel,0,
TX-147B284D2FE6,CUST-4FD129CF,2025-11-24T05:02:01.791552,1155.87,USD,"Davis, Griffith and Ramos",Utilities,0,
TX-B616203DECEB,CUST-4FD129CF,2025-11-26T18:02:01.791552,1432.7,USD,Miller Ltd,Travel,0,
TX-9A6946F5794A,CUST-4FD129CF,2025-11-27T11:02:01.791552,1788.46,USD,Diaz-Barnes,Travel,0,
TX-EE55D0ECEA60,CUST-4FD129CF,2025-11-30T09:02:01.791552,1224.99,USD,Rojas-Ali,Food,0,
TX-919A017F7127,CUST-4FD129CF,2025-12-04T12:02:01.791552,1752.83,USD,Burgess LLC,Retail,0,
TX-A4A17247283A,CUST-4FD129CF,2025-12-05T23:02:01.791552,1553.35,USD,Evans Group,Food,0,
TX-F2093E5678BC,CUST-4FD129CF,2025-12-09T05:02:01.791552,1011.43,USD,Norton-Baker,Retail,0,
TX-64DF68D3E909,CUST-4FD129CF,2025-12-10T03:02:01.791552,1286.85,USD,May-Stanley,Travel,0,
TX-73FA7D0752E6,CUST-4FD129CF,2025-12-15T03:02:01.791552,1399.24,USD,Taylor-Howell,Utilities,0,
TX-12AB804902B7,CUST-4FD129CF,2025-12-17T12:02:01.791552,184.16,USD,Carpenter-Peters,Travel,0,
TX-8901D7C28031,CUST-4FD129CF,2025-12-19T03:02:01.791552,16.03,USD,Stevens PLC,Utilities,0,
TX-C2B9F0E955FD,CUST-4FD129CF,2025-12-22T15:02:01.791552,1253.26,USD,Ramos and Sons,Retail,0,
TX-9F4CE79E7904,CUST-4FD129CF,2025-12-27T08:02:01.791552,242.79,USD,Gibson Ltd,Utilities,0,
TX-7D0D7C355F3A,CUST-4FD129CF,2025-12-31T08:02:01.791552,422.68,USD,"Campbell, Thomas and Gray",Utilities,0,
TX-E9BC8954A51C,CUST-4FD129CF,2026-01-02T03:02:01.791552,1968.91,USD,Williams PLC,Utilities,0,
TX-D732D35D06E9,CUST-4FD129CF,2026-01-04T21:02:01.791552,1997.94,USD,"Wilson, Brown and Rose",Retail,0,
TX-D470981018BA,CUST-4FD129CF,2026-01-05T13:02:01.791552,1858.52,USD,Mueller and Sons,Travel,0,
TX-DC72B2304793,CUST-4FD129CF,2026-01-09T16:02:01.791552,1384.96,USD,"Harvey, Aguirre and Galloway",Travel,0,
TX-A7EF412C311E,CUST-4FD129CF,2026-01-14T08:02:01.791552,1645.31,USD,Lawson-King,Travel,0,
TX-B6C4C702B41D,CUST-4FD129CF,2026-01-15T23:02:01.791552,1744.42,USD,"May, Fleming and Carter",Utilities,0,
TX-5C5EFB74C8A3,CUST-4FD129CF,2026-01-18T13:02:01.791552,210.24,USD,Johnson Ltd,Retail,0,
TX-5AD63ACA043C,CUST-4FD129CF,2026-01-21T22:02:01.791552,1393.32,USD,Barrett-Harding,Utilities,0,
TX-EC686D6CCE69,CUST-4FD129CF,2026-01-22T10:02:01.791552,1783.21,USD,"Wilson, Middleton and Duncan",Utilities,0,
TX-B8320E082006,CUST-4FD129CF,2026-01-25T15:02:01.791552,1134.53,USD,Warner-Smith,Food,0,
TX-8D37AC5F4C25,CUST-4FD129CF,2026-01-27T15:02:01.791552,1367.96,USD,"Flores, Peters and Morris",Travel,0,
TX-963E17B61D26,CUST-4FD129CF,2026-01-30T21:02:01.791552,236.01,USD,"Gardner, Edwards and Williams",Travel,0,
TX-FA438A50EC1E,CUST-4FD129CF,2026-01-31T20:02:01.791552,1188.93,USD,Ford-Brown,Utilities,0,
TX-3F5D5EB98A0E,CUST-4FD129CF,2026-02-03T05:02:01.791552,611.13,USD,Williams Group,Utilities,0,
TX-D205FA5F0A3B,CUST-4FD129CF,2026-02-05T18:02:01.791552,1729.98,USD,Zavala-Scott,Retail,0,
TX-97FBF51E6FE3,CUST-4FD129CF,2026-02-10T04:02:01.791552,100.39,USD,"Brooks, Jones and Reyes",Food,0,
TX-E962B1112C18,CUST-4FD129CF,2026-02-10T20:02:01.791552,755.32,USD,Andrews PLC,Utilities,0,
TX-A92ADD361AD7,CUST-85E32BBA,2025-11-17T17:02:01.791552,544.39,USD,Brown-Matthews,Food,0,
TX-D6D39AE83671,CUST-85E32BBA,2025-11-20T02:02:01.791552,697.72,USD,"Bush, Padilla and Mcpherson",Retail,0,
TX-836E2D2D04E6,CUST-85E32BBA,2025-11-21T02:02:01.791552,942.71,USD,"Frey, Meyer and Atkinson",Utilities,0,
TX-4F12A7AE24BB,CUST-85E32BBA,2025-11-22T21:02:01.791552,488.27,USD,"Lee, Fernandez and Glenn",Travel,0,
TX-95B6D9718F43,CUST-85E32BBA,2025-11-26T02:02:01.791552,1957.03,USD,Graham-Dunlap,Retail,0,
TX-FB1413CCE4FE,CUST-85E32BBA,2025-11-29T17:02:01.791552,839.96,USD,Cook Inc,Utilities,0,
TX-D6F73EE5020E,CUST-85E32BBA,2025-12-03T20:02:01.791552,1893.06,USD,"Young, Nguyen and Bautista",Retail,0,
TX-0D5980769A15,CUST-85E32BBA,2025-12-07T06:02:01.791552,471.1,USD,Johnson Ltd,Food,0,
TX-EAFBD5D612BF,CUST-85E32BBA,2025-12-10T19:02:01.791552,1240.11,USD,Watkins-Schneider,Utilities,0,
TX-A0A27570AC0A,CUST-85E32BBA,2025-12-15T10:02:01.791552,1146.02,USD,James-Martinez,Utilities,0,
TX-8A9639FB8710,CUST-734F9224,2025-11-16T09:02:01.791552,1580.26,USD,"Watson, Murphy and Ross",Travel,0,
TX-EC8CD87F0558,CUST-734F9224,2025-11-17T21:02:01.791552,390.32,USD,"Mitchell, Jones and Edwards",Utilities,0,
TX-64CA00EBCFD6,CUST-734F9224,2025-11-21T21:02:01.791552,1499.21,USD,"Reilly, Thompson and Bates",Utilities,0,
TX-42FA809F219E,CUST-734F9224,2025-11-26T17:02:01.791552,1584.86,USD,Contreras Inc,Travel,0,
TX-0113DC9081CF,CUST-734F9224,2025-11-28T21:02:01.791552,1146.66,USD,"Solomon, Moore and Schwartz",Retail,0,
TX-38609A39D6CF,CUST-734F9224,2025-12-03T20:02:01.791552,1861.86,USD,Bennett PLC,Food,0,
TX-6CF83CB73EBC,CUST-734F9224,2025-12-07T01:02:01.791552,1533.69,USD,Hughes Inc,Retail,0,
TX-81532C9F8427,CUST-734F9224,2025-12-07T10:02:01.791552,1716.25,USD,Waller and Sons,Retail,0,
TX-E1FFAFF73CB9,CUST-734F9224,2025-12-07T20:02:01.791552,1924.03,USD,"Rivera, Key and Morales",Food,0,
TX-FEE858A5995A,CUST-734F9224,2025-12-09T12:02:01.791552,282.84,USD,"Barron, Dillon and Barnes",Retail,0,
TX-A9B326245F49,CUST-734F9224,2025-12-10T13:02:01.791552,163.18,USD,Mendoza-Martinez,Travel,0,
TX-D55AF3EA26B1,CUST-734F9224,2025-12-12T09:02:01.791552,1224.07,USD,Daniel-Fletcher,Utilities,0,
TX-F7A4CFCE1339,CUST-734F9224,2025-12-14T22:02:01.791552,1399.42,USD,"Parker, Hanna and Love",Utilities,0,
TX-6FAD32BB0CF4,CUST-734F9224,2025-12-16T21:02:01.791552,152.51,USD,Martin-Chaney,Travel,0,
TX-D24D2E18A6CC,CUST-734F9224,2025-12-19T05:02:01.791552,134.33,USD,Morgan-Savage,Retail,0,
TX-754AE6362887,CUST-734F9224,2025-12-21T23:02:01.791552,297.1,USD,"Warren, Garcia and Brown",Travel,0,
TX-3140CAADCF18,CUST-734F9224,2025-12-25T14:02:01.791552,1759.53,USD,"Jenkins, Bennett and Morales",Retail,0,
TX-1BC96FED91ED,CUST-734F9224,2025-12-28T20:02:01.791552,954.02,USD,Patterson-Khan,Food,0,
TX-48E31CCDB183,CUST-734F9224,2025-12-30T19:02:01.791552,1812.58,USD,Mcdaniel and Sons,Travel,0,
TX-6E061C7CFB7E,CUST-734F9224,2026-01-04T05:02:01.791552,900.05,USD,Green Ltd,Travel,0,
TX-44593C915015,CUST-734F9224,2026-01-07T02:02:01.791552,1493.92,USD,Adams and Sons,Food,0,
TX-8254F022ED46,CUST-734F9224,2026-01-11T19:02:01.791552,173.86,USD,Small LLC,Retail,0,
TX-1ACEDB1040FD,CUST-734F9224,2026-01-14T22:02:01.791552,788.63,USD,Wright-Miranda,Food,0,
TX-2F658DBC3F0A,CUST-734F9224,2026-01-15T14:02:01.791552,712.47,USD,Moran-Hampton,Travel,0,
TX-56EC9DD77439,CUST-734F9224,2026-01-16T05:02:01.791552,1601.22,USD,Richardson-Carson,Retail,0,
TX-E552E228F85D,CUST-734F9224,2026-01-19T22:02:01.791552,208.26,USD,Thompson-Thompson,Retail,0,
TX-5C523DB6B10C,CUST-734F9224,2026-01-24T02:02:01.791552,1004.53,USD,"Smith, Hill and Williams",Utilities,0,
TX-98148B60FBB3,CUST-734F9224,2026-01-27T13:02:01.791552,86.43,USD,Stanton PLC,Food,0,
TX-C7F964B34B23,CUST-20285E20,2025-11-16T19:02:01.791552,128.5,USD,Wu-Holland,Retail,0,
TX-A523B5FEBEF8,CUST-20285E20,2025-11-17T01:02:01.791552,1494.59,USD,Carter-Garcia,Travel,0,
TX-550A8697995C,CUST-20285E20,2025-11-20T22:02:01.791552,607.08,USD,"Burke, Martinez and Case",Food,0,
TX-1671B8B2759A,CUST-20285E20,2025-11-23T21:02:01.791552,293.18,USD,"Woods, Davis and Solomon",Utilities,0,
TX-FE187CEC9ECF,CUST-20285E20,2025-11-26T13:02:01.791552,657.83,USD,Yang-Jackson,Food,0,
TX-26FFE0A280C6,CUST-20285E20,2025-11-28T12:02:01.791552,1238.48,USD,Edwards-Richmond,Retail,0,
TX-975C0B5EE174,CUST-20285E20,2025-11-29T07:02:01.791552,324.05,USD,Hall-Cabrera,Retail,0,
TX-F31034021822,CUST-20285E20,2025-12-02T19:02:01.791552,611.8,USD,Rodriguez-Alexander,Food,0,
TX-020CD7672E3E,CUST-20285E20,2025-12-06T03:02:01.791552,1973.82,USD,Cruz-Cox,Utilities,0,
TX-8F847CC0F606,CUST-20285E20,2025-12-10T18:02:01.791552,707.53,USD,Howard-Barnes,Food,0,
TX-24D8D65F654C,CUST-20285E20,2025-12-15T04:02:01.791552,1460.88,USD,Allen-Gates,Travel,0,
TX-DD64E5807D25,CUST-20285E20,2025-12-17T13:02:01.791552,676.57,USD,Evans Ltd,Travel,0,
TX-A16267EF07DA,CUST-20285E20,2025-12-19T13:02:01.791552,1024.02,USD,Marsh Inc,Utilities,0,
TX-A25750E29F2C,CUST-20285E20,2025-12-24T04:02:01.791552,180.91,USD,"Mills, Lopez and Paul",Retail,0,
TX-527748E44E76,CUST-20285E20,2025-12-25T07:02:01.791552,735.54,USD,Mann Group,Utilities,0,
TX-C05DFF3CCCA4,CUST-20285E20,2025-12-29T14:02:01.791552,1103.06,USD,Skinner-Mcbride,Retail,0,
TX-ED4CD95C0B98,CUST-20285E20,2025-12-31T11:02:01.791552,137.31,USD,"Nelson, Griffin and Rubio",Retail,0,
TX-9F6312EC43F4,CUST-20285E20,2026-01-05T09:02:01.791552,1008.82,USD,"Dean, Richards and Nguyen",Travel,0,
TX-396604371984,CUST-20285E20,2026-01-07T05:02:01.791552,1662.05,USD,Burton LLC,Travel,0,
TX-8B0BF305ABA4,CUST-20285E20,2026-01-11T17:02:01.791552,1281.83,USD,Ponce-Wolf,Retail,0,
TX-FA8F4AA0990D,CUST-20285E20,2026-01-11T23:02:01.791552,792.77,USD,Buckley PLC,Utilities,0,
TX-9D3DFFBEEA09,CUST-20285E20,2026-01-16T10:02:01.791552,88.33,USD,"Nelson, Durham and Castillo",Utilities,0,
TX-BB8A22E2026D,CUST-D00BB033,2025-11-14T19:02:01.791552,1235.43,USD,Hill PLC,Utilities,0,
TX-AA56361D60CC,CUST-D00BB033,2025-11-18T08:02:01.791552,75.79,USD,Fry PLC,Travel,0,
TX-242EB4DD5E12,CUST-D00BB033,2025-11-23T05:02:01.791552,298.2,USD,Wilson-Blackwell,Utilities,0,
TX-ECA216A74D3F,CUST-D00BB033,2025-11-27T17:02:01.791552,1815.81,USD,Galloway and Sons,Travel,0,
TX-F0E58908956B,CUST-D00BB033,2025-11-30T03:02:01.791552,24.28,USD,Daniel-Davis,Utilities,0,
TX-B4921C517C94,CUST-D00BB033,2025-12-04T07:02:01.791552,238.4,USD,Guerra-Carroll,Retail,0,
TX-14462288C835,CUST-D00BB033,2025-12-07T23:02:01.791552,1355.52,USD,Scott PLC,Food,0,
TX-86D88E698DA0,CUST-D00BB033,2025-12-10T09:02:01.791552,1840.16,USD,"Fischer, Rodriguez and Smith",Retail,0,
TX-FE0E14957AAF,CUST-D00BB033,2025-12-13T21:02:01.791552,981.9,USD,Dennis-Cox,Retail,0,
TX-8E5AE56625DD,CUST-D00BB033,2025-12-16T08:02:01.791552,1311.41,USD,"Lewis, Garcia and Williams",Food,0,
TX-807DE30B92A6,CUST-D00BB033,2025-12-16T17:02:01.791552,1415.92,USD,"Ayers, Freeman and Reyes",Retail,0,
TX-8197C797B253,CUST-D00BB033,2025-12-20T06:02:01.791552,1074.34,USD,Fields-Sexton,Food,0,
TX-11350C581E19,CUST-D00BB033,2025-12-21T08:02:01.791552,354.48,USD,"Dickson, Thomas and Miller",Retail,0,
TX-35A6B09280AD,CUST-D00BB033,2025-12-22T18:02:01.791552,730.23,USD,"Leach, Collins and Long",Utilities,0,
TX-11B4B3B57A28,CUST-D00BB033,2025-12-24T05:02:01.791552,1794.99,USD,Gilbert and Sons,Utilities,0,
TX-7781F68BBF09,CUST-D00BB033,2025-12-28T14:02:01.791552,934.57,USD,Phillips Ltd,Retail,0,
TX-292A3F0C1CF4,CUST-D00BB033,2025-12-28T16:02:01.791552,164.39,USD,"Holt, Gilmore and Henderson",Retail,0,
TX-4FC2EF4DC318,CUST-D00BB033,2025-12-30T02:02:01.791552,1508.16,USD,"Whitaker, Valdez and Arnold",Travel,0,
TX-E995CA32A7FB,CUST-D00BB033,2026-01-01T01:02:01.791552,1779.97,USD,"Paul, Nelson and Brown",Retail,0,
TX-299FC9D81290,CUST-D00BB033,2026-01-05T00:02:01.791552,736.9,USD,"Franklin, Garcia and Lang",Retail,0,
TX-FD88C956CC28,CUST-D00BB033,2026-01-09T08:02:01.791552,816.45,USD,Bright-Marquez,Food,0,
TX-001C44BDF6BD,CUST-D00BB033,2026-01-12T03:02:01.791552,1663.02,USD,Wallace LLC,Retail,0,
TX-651020E8F58A,CUST-D00BB033,2026-01-16T12:02:01.791552,197.72,USD,"Fields, Barker and Merritt",Retail,0,
TX-5195094DBE79,CUST-D00BB033,2026-01-19T11:02:01.791552,1792.13,USD,Bolton PLC,Food,0,
TX-906C27F649AD,CUST-D00BB033,2026-01-21T09:02:01.791552,349.87,USD,"Leonard, Craig and Hall",Travel,0,
TX-FB6FC38EE292,CUST-D00BB033,2026-01-24T01:02:01.791552,585.59,USD,Gibbs Group,Utilities,0,
TX-D3819861B0D5,CUST-D00BB033,2026-01-24T21:02:01.791552,573.98,USD,Perez and Sons,Retail,0,
TX-A8ADAE669035,CUST-D00BB033,2026-01-29T01:02:01.791552,1249.95,USD,Jones Ltd,Utilities,0,
TX-8C08DD16090B,CUST-D00BB033,2026-01-31T08:02:01.791552,695.03,USD,"Rivera, Fleming and Scott",Retail,0,
TX-CF63B4484BB2,CUST-658DB0DA,2025-11-17T05:02:01.791552,1740.12,USD,Castaneda-White,Travel,0,
TX-E9CE5615A49A,CUST-658DB0DA,2025-11-19T03:02:01.791552,267.51,USD,Newton-Suarez,Food,0,
TX-2D3B1EC86C76,CUST-658DB0DA,2025-11-19T06:02:01.791552,1162.42,USD,Smith PLC,Travel,0,
TX-B5F598436C56,CUST-658DB0DA,2025-11-21T09:02:01.791552,1163.44,USD,Huffman Inc,Retail,0,
TX-F2A46717D286,CUST-658DB0DA,2025-11-23T17:02:01.791552,1796.21,USD,"Jarvis, Villegas and Lindsey",Travel,0,
TX-D44C5A1D7F2C,CUST-658DB0DA,2025-11-28T07:02:01.791552,989.14,USD,"Torres, Brown and Lee",Retail,0,
TX-77B3EC8CC86B,CUST-658DB0DA,2025-11-29T07:02:01.791552,404.19,USD,Mora PLC,Retail,0,
TX-A43F126590B7,CUST-658DB0DA,2025-12-04T01:02:01.791552,532.74,USD,"Ferguson, Cruz and Fisher",Retail,0,
TX-231C057C948F,CUST-658DB0DA,2025-12-06T00:02:01.791552,622.76,USD,Smith Group,Retail,0,
TX-5D345F95A048,CUST-658DB0DA,2025-12-09T18:02:01.791552,574.15,USD,"Harrison, Miller and Brooks",Food,0,
TX-2F8A66AB40BB,CUST-658DB0DA,2025-12-12T01:02:01.791552,90.36,USD,Mcintyre-Castro,Utilities,0,
TX-6F2C38D5DD40,CUST-658DB0DA,2025-12-16T07:02:01.791552,1862.07,USD,"Phillips, Mendez and Turner",Utilities,0,
TX-AF9897BE937A,CUST-658DB0DA,2025-12-17T12:02:01.791552,752.77,USD,"Edwards, Wilson and Martinez",Travel,0,
TX-BF8FDF373739,CUST-658DB0DA,2025-12-18T00:02:01.791552,1504.81,USD,Miller-Ballard,Retail,0,
TX-4BA9812465FC,CUST-658DB0DA,2025-12-23T00:02:01.791552,178.97,USD,Keller Inc,Travel,0,
TX-91D23780EF4E,CUST-658DB0DA,2025-12-23T20:02:01.791552,1452.61,USD,Anderson-Hall,Utilities,0,
TX-DDCA26DA2FBD,CUST-658DB0DA,2025-12-26T10:02:01.791552,42.56,USD,Smith-Salazar,Food,0,
TX-31FC7E45FAE4,CUST-658DB0DA,2025-12-30T03:02:01.791552,1168.93,USD,Rodriguez-Thomas,Retail,0,
TX-01332AA257E1,CUST-658DB0DA,2026-01-02T21:02:01.791552,223.66,USD,"Mitchell, Petersen and Hill",Travel,0,
TX-635E125061CD,CUST-658DB0DA,2026-01-04T11:02:01.791552,1105.92,USD,"Morgan, Brown and Rhodes",Utilities,0,
TX-EC245FB21AEF,CUST-658DB0DA,2026-01-08T13:02:01.791552,684.64,USD,"Mason, Fuller and Edwards",Utilities,0,
TX-353B895FE8EF,CUST-658DB0DA,2026-01-11T19:02:01.791552,1776.59,USD,Erickson PLC,Food,0,
TX-B55E373E947E,CUST-B300B584,2025-11-15T15:02:01.791552,1001.45,USD,"Collins, Simmons and Mcdowell",Utilities,0,
TX-7ED2BBC6F4A7,CUST-B300B584,2025-11-16T14:02:01.791552,722.48,USD,Rodriguez-Mcdonald,Utilities,0,
TX-939F916768CA,CUST-B300B584,2025-11-19T17:02:01.791552,1113.59,USD,"White, Roberts and Molina",Utilities,0,
TX-7FD5A22B536A,CUST-B300B584,2025-11-23T10:02:01.791552,73.03,USD,Knight Inc,Travel,0,
TX-CB4C2E40EFDF,CUST-B300B584,2025-11-27T15:02:01.791552,1232.74,USD,Rodriguez-Murphy,Retail,0,
TX-AA3ECA562E01,CUST-B300B584,2025-11-28T02:02:01.791552,119.12,USD,"Carlson, Walker and Torres",Travel,0,
TX-F56C48C634EC,CUST-B300B584,2025-11-30T15:02:01.791552,1767.64,USD,Trujillo Group,Food,0,
TX-1372DFE6465D,CUST-B300B584,2025-12-02T23:02:01.791552,1201.3,USD,"Hudson, Fernandez and Harris",Food,0,
TX-51E55BC25BD1,CUST-B300B584,2025-12-07T18:02:01.791552,1117.19,USD,"Ewing, Williams and Hodges",Utilities,0,
TX-974D934DAA43,CUST-B300B584,2025-12-11T04:02:01.791552,818.55,USD,"Garrett, Simon and Parks",Utilities,0,
TX-42E01489C64A,CUST-B300B584,2025-12-12T13:02:01.791552,1742.74,USD,Parker Inc,Food,0,
TX-7735B2821D43,CUST-B300B584,2025-12-15T16:02:01.791552,964.95,USD,"Mccarthy, Norton and Kirk",Retail,0,
TX-BFA293B157CB,CUST-B300B584,2025-12-16T09:02:01.791552,897.88,USD,"Hicks, Ramirez and Walker",Travel,0,
TX-D2C97809BAB5,CUST-B300B584,2025-12-19T01:02:01.791552,1271.0,USD,Copeland Group,Travel,0,
TX-2C5F8775EE89,CUST-B300B584,2025-12-23T17:02:01.791552,1798.94,USD,Harris and Sons,Travel,0,
TX-22A055EDE95C,CUST-B300B584,2025-12-28T02:02:01.791552,55.38,USD,Jones-Reyes,Food,0,
TX-2284ED33A751,CUST-B300B584,2025-12-29T17:02:01.791552,167.07,USD,"Hernandez, Wolfe and Lee",Food,0,
TX-5AF6972D675A,CUST-B300B584,2025-12-29T20:02:01.791552,185.43,USD,"Douglas, Robertson and Jackson",Travel,0,
TX-D1F54449D247,CUST-B300B584,2025-12-30T06:02:01.791552,1493.62,USD,Christensen Inc,Utilities,0,
TX-76246B62A2B7,CUST-B300B584,2025-12-30T21:02:01.791552,128.87,USD,Young-Adams,Travel,0,
TX-11AB2C7C0FCA,CUST-B300B584,2025-12-31T02:02:01.791552,161.13,USD,Mcneil Group,Utilities,0,
TX-88DE22BF10C0,CUST-B300B584,2026-01-03T13:02:01.791552,1522.23,USD,"Carter, Perry and Santana",Retail,0,
TX-3CE929FE3C47,CUST-B300B584,2026-01-04T02:02:01.791552,1713.88,USD,"Wise, Jimenez and Yoder",Food,0,
TX-E688986E00BD,CUST-B300B584,2026-01-05T07:02:01.791552,1912.36,USD,Robertson Ltd,Retail,0,
TX-BBDB62193105,CUST-B300B584,2026-01-06T08:02:01.791552,834.15,USD,Mcclain Group,Food,0,
TX-8FCEB7100934,CUST-B300B584,2026-01-08T12:02:01.791552,1771.57,USD,Taylor-Todd,Food,0,
TX-E5F1DA988B2E,CUST-D92BCBAD,2025-11-16T15:02:01.791552,1034.45,USD,Hill-Campos,Retail,0,
TX-99DE5A5BD3CD,CUST-D92BCBAD,2025-11-19T12:02:01.791552,1939.49,USD,"Yu, Clark and Mullins",Retail,0,
TX-7553B74E2F04,CUST-D92BCBAD,2025-11-22T16:02:01.791552,1842.03,USD,"Lopez, Chavez and Jarvis",Travel,0,
TX-338653D1B957,CUST-D92BCBAD,2025-11-27T06:02:01.791552,663.65,USD,Horn-Avery,Retail,0,
TX-98C7C8B047E6,CUST-D92BCBAD,2025-11-29T01:02:01.791552,1870.07,USD,"Roy, Roman and Roberson",Retail,0,
TX-3A7C3FF001BD,CUST-D92BCBAD,2025-12-02T05:02:01.791552,1350.44,USD,"Warner, Flores and Gordon",Food,0,
TX-18B8739A935A,CUST-D92BCBAD,2025-12-06T23:02:01.791552,779.72,USD,Swanson-Ruiz,Utilities,0,
TX-57134AC9207C,CUST-D92BCBAD,2025-12-07T07:02:01.791552,1004.77,USD,"Lee, Reyes and Howard",Retail,0,
TX-734D88E9D351,CUST-D92BCBAD,2025-12-10T06:02:01.791552,217.91,USD,"Wilson, Austin and Cardenas",Retail,0,
TX-BBAEE096F5C9,CUST-D92BCBAD,2025-12-13T14:02:01.791552,1312.62,USD,Watts-Daugherty,Food,0,
TX-486D312A528C,CUST-D92BCBAD,2025-12-17T09:02:01.791552,1647.33,USD,"Lee, Davis and West",Travel,0,
TX-164FFD19F240,CUST-D92BCBAD,2025-12-19T20:02:01.791552,1496.41,USD,"Rocha, Carlson and Palmer",Food,0,
TX-0A7AF6B54647,CUST-D92BCBAD,2025-12-22T17:02:01.791552,1879.87,USD,Walsh-Sandoval,Retail,0,
TX-88D6BE40DBD5,CUST-9CF66260,2025-11-18T05:02:01.791552,1198.03,USD,Johnson Inc,Travel,0,
TX-18E8FBE659F5,CUST-9CF66260,2025-11-22T12:02:01.791552,1832.52,USD,Jensen PLC,Travel,0,
TX-BC345EFFC2F2,CUST-9CF66260,2025-11-25T01:02:01.791552,328.67,USD,Montgomery-Reynolds,Food,0,
TX-21CF4C6065CD,CUST-9CF66260,2025-11-29T04:02:01.791552,46.02,USD,Cooper PLC,Utilities,0,
TX-ACE5FD295162,CUST-9CF66260,2025-12-04T00:02:01.791552,1945.75,USD,Thomas Inc,Retail,0,
TX-E7D6CD62724A,CUST-9CF66260,2025-12-07T01:02:01.791552,349.6,USD,Contreras-Herrera,Retail,0,
TX-8722BDFB9FB1,CUST-9CF66260,2025-12-08T16:02:01.791552,1356.36,USD,Richardson and Sons,Food,0,
TX-5013ABFCA2A2,CUST-9CF66260,2025-12-09T00:02:01.791552,1957.99,USD,Landry-Rose,Travel,0,
TX-5A1A7112E583,CUST-9CF66260,2025-12-11T08:02:01.791552,1001.38,USD,"Martinez, Hill and Hancock",Retail,0,
TX-400EA3AC1528,CUST-9CF66260,2025-12-12T00:02:01.791552,1493.84,USD,"Jones, Smith and Perkins",Travel,0,
TX-4F9C4F3F54FE,CUST-9CF66260,2025-12-16T17:02:01.791552,565.13,USD,Green LLC,Utilities,0,
TX-0BC1E4AFE195,CUST-9CF66260,2025-12-21T06:02:01.791552,835.95,USD,"Davis, Lewis and Novak",Food,0,
TX-6DD9E48DDE7B,CUST-9CF66260,2025-12-24T17:02:01.791552,110.84,USD,"Hanson, Riley and Perez",Retail,0,
TX-AEC37CDAC693,CUST-9CF66260,2025-12-26T02:02:01.791552,364.92,USD,Hinton-Rogers,Travel,0,
TX-26ABE70CD8F6,CUST-9CF66260,2025-12-30T14:02:01.791552,1051.74,USD,"Brown, Baker and Fletcher",Food,0,
TX-6EC9C3191DF2,CUST-9CF66260,2026-01-04T11:02:01.791552,1997.57,USD,"Beck, Edwards and Stevens",Travel,0,
TX-9DD28F357BD4,CUST-9CF66260,2026-01-05T18:02:01.791552,662.83,USD,"Lozano, Morris and Baxter",Travel,0,
TX-14E04052B73F,CUST-9CF66260,2026-01-08T08:02:01.791552,1509.3,USD,Williams-Daniels,Travel,0,
TX-CCD4C5D06152,CUST-9CF66260,2026-01-13T07:02:01.791552,804.88,USD,Mcpherson Group,Food,0,
TX-2261D925C0AD,CUST-9CF66260,2026-01-15T14:02:01.791552,741.63,USD,"Murray, Kramer and Stevens",Food,0,
TX-F380977BD93F,CUST-9CF66260,2026-01-16T02:02:01.791552,235.94,USD,Knox Ltd,Travel,0,
TX-4A10CFEB1A4B,CUST-9CF66260,2026-01-20T04:02:01.791552,904.01,USD,"Adams, Davis and Macias",Travel,0,
TX-CA0EF3FFD8BB,CUST-9CF66260,2026-01-24T20:02:01.791552,291.48,USD,"Price, Williamson and Terry",Travel,0,
TX-D7426E536CDE,CUST-9CF66260,2026-01-28T12:02:01.791552,552.02,USD,"Nixon, Adams and Ward",Utilities,0,
TX-A873499274AC,CUST-9CF66260,2026-01-30T10:02:01.791552,695.56,USD,Cortez-Brown,Food,0,
TX-8BB32E3FF2EE,CUST-9CF66260,2026-02-04T02:02:01.791552,645.87,USD,"Brown, Foster and Lee",Travel,0,
TX-693040236672,CUST-9CF66260,2026-02-04T10:02:01.791552,1832.96,USD,Higgins Group,Utilities,0,
TX-16A73E752438,CUST-9CF66260,2026-02-07T00:02:01.791552,1205.82,USD,Pratt Inc,Food,0,
TX-06D5C8653920,CUST-9CF66260,2026-02-07T11:02:01.791552,10.95,USD,"Williams, Salazar and Ball",Retail,0,
TX-47C1A7E2DF08,CUST-9CF66260,2026-02-11T17:02:01.791552,1115.51,USD,Ponce-Adkins,Utilities,0,
TX-75EA9DB4DB2F,CUST-42D736AD,2025-11-15T18:02:01.791552,515.56,USD,"Gonzalez, Gonzalez and Blake",Food,0,
TX-B6AD636509AB,CUST-42D736AD,2025-11-20T08:02:01.791552,157.94,USD,Sanchez Group,Utilities,0,
TX-25B2ACCB54AD,CUST-42D736AD,2025-11-23T14:02:01.791552,595.95,USD,Logan-Mcmahon,Retail,0,
TX-B7137E618E5A,CUST-42D736AD,2025-11-28T02:02:01.791552,904.06,USD,Atkins-Gray,Utilities,0,
TX-E4C3120576D2,CUST-42D736AD,2025-11-28T18:02:01.791552,987.87,USD,"Barrera, Davis and Stafford",Food,0,
TX-CFEDA78A967D,CUST-42D736AD,2025-12-01T21:02:01.791552,1191.38,USD,Smith and Sons,Food,0,
TX-57BC515589A7,CUST-42D736AD,2025-12-04T01:02:01.791552,944.87,USD,Hernandez Ltd,Utilities,0,
TX-4D24940B5074,CUST-42D736AD,2025-12-08T23:02:01.791552,1838.17,USD,"Nash, Edwards and Mercer",Retail,0,
TX-A4A18D0AFB03,CUST-42D736AD,2025-12-13T00:02:01.791552,1866.06,USD,Medina Ltd,Food,0,
TX-5B4C2E70ACC6,CUST-42D736AD,2025-12-15T16:02:01.791552,815.96,USD,Wu Ltd,Food,0,
TX-A7CDAFB487FD,CUST-42D736AD,2025-12-20T00:02:01.791552,1329.52,USD,Black-Scott,Utilities,0,
TX-A018D012BB25,CUST-42D736AD,2025-12-24T20:02:01.791552,18.48,USD,Cooper-Willis,Retail,0,
TX-531D17489ABA,CUST-42D736AD,2025-12-28T20:02:01.791552,1774.71,USD,"Jackson, Martin and Mcdonald",Travel,0,
TX-77A36C3E58EA,CUST-42D736AD,2026-01-02T00:02:01.791552,1178.27,USD,Wall and Sons,Retail,0,
TX-0EEBFAF80098,CUST-42D736AD,2026-01-05T17:02:01.791552,1071.49,USD,Spencer PLC,Food,0,
TX-321D4C9A0639,CUST-42D736AD,2026-01-08T12:02:01.791552,1894.51,USD,Stokes-Miller,Food,0,
TX-12E4821B00CB,CUST-42D736AD,2026-01-09T11:02:01.791552,1437.67,USD,Cochran-Singleton,Retail,0,
TX-41B9F8680032,CUST-42D736AD,2026-01-12T11:02:01.791552,586.47,USD,Hughes-Scott,Utilities,0,
TX-9DAA9E71DCBE,CUST-42D736AD,2026-01-15T21:02:01.791552,342.98,USD,Johnson Ltd,Utilities,0,
TX-BD7275B97B8C,CUST-42D736AD,2026-01-20T00:02:01.791552,1893.94,USD,Robinson-Coffey,Food,0,
TX-945688D1D56D,CUST-42D736AD,2026-01-24T13:02:01.791552,1296.27,USD,Best-Pearson,Food,0,
TX-03408CA3C8C5,CUST-42D736AD,2026-01-28T18:02:01.791552,398.7,USD,Stafford and Sons,Travel,0,
TX-53F291F2EBDD,CUST-42D736AD,2026-02-01T10:02:01.791552,75.92,USD,"Goodwin, Welch and Bailey",Travel,0,
TX-55356ACA017A,CUST-42D736AD,2026-02-03T17:02:01.791552,186.39,USD,Phillips Group,Utilities,0,
TX-0756BD770FD6,CUST-42D736AD,2026-02-07T20:02:01.791552,1674.43,USD,Hurst Inc,Utilities,0,
TX-F3382388054A,CUST-2F6481C4,2025-11-18T16:02:01.791552,1562.32,USD,Combs and Sons,Food,0,
TX-480CDADCE042,CUST-2F6481C4,2025-11-21T12:02:01.791552,1630.26,USD,Campbell-Brown,Food,0,
TX-434A5FCDFA6C,CUST-2F6481C4,2025-11-25T12:02:01.791552,1639.34,USD,Martinez-Nelson,Travel,0,
TX-58EA2EEC47A9,CUST-2F6481C4,2025-11-25T20:02:01.791552,1501.97,USD,"Riley, Ruiz and Nunez",Food,0,
TX-404BB37035FF,CUST-2F6481C4,2025-11-29T22:02:01.791552,903.13,USD,Grimes-Ryan,Travel,0,
TX-294F70DBF6BE,CUST-2F6481C4,2025-12-03T18:02:01.791552,561.03,USD,Marks-Clark,Retail,0,
TX-523E8330479A,CUST-2F6481C4,2025-12-05T18:02:01.791552,149.18,USD,Ross-Arnold,Food,0,
TX-EAC04A95F265,CUST-2F6481C4,2025-12-06T09:02:01.791552,1666.34,USD,"Brown, Anderson and Dougherty",Travel,0,
TX-29AA5B1A22DE,CUST-2F6481C4,2025-12-11T05:02:01.791552,479.62,USD,Watson-Cook,Utilities,0,
TX-B84C8F44B005,CUST-2F6481C4,2025-12-12T06:02:01.791552,1116.38,USD,"Black, Walsh and Russell",Travel,0,
TX-2314C3D726CC,CUST-2F6481C4,2025-12-16T20:02:01.791552,1394.51,USD,Smith and Sons,Retail,0,
TX-A0765E77DC31,CUST-2F6481C4,2025-12-19T01:02:01.791552,1041.24,USD,Jenkins Ltd,Utilities,0,
TX-A6444D2DE39B,CUST-2F6481C4,2025-12-21T09:02:01.791552,1725.08,USD,Ball LLC,Retail,0,
TX-81AE11743D81,CUST-2F6481C4,2025-12-22T12:02:01.791552,417.28,USD,"Roy, Sweeney and Coleman",Travel,0,
TX-4960ED71409C,CUST-2F6481C4,2025-12-25T14:02:01.791552,926.89,USD,Curtis-Ramsey,Food,0,
TX-407B3CDD94FA,CUST-2F6481C4,2025-12-26T10:02:01.791552,208.34,USD,Cross-Price,Food,0,
TX-5C78EC3A1790,CUST-2F6481C4,2025-12-28T00:02:01.791552,476.3,USD,Woodward-Mooney,Food,0,
TX-8A60D3871364,CUST-2F6481C4,2025-12-30T07:02:01.791552,898.25,USD,Baker PLC,Travel,0,
TX-B0C81F47BF47,CUST-2F6481C4,2025-12-30T16:02:01.791552,206.22,USD,"Martin, Raymond and Johnston",Travel,0,
TX-3F141FDCF481,CUST-2F6481C4,2026-01-03T18:02:01.791552,1956.16,USD,Hall-Austin,Food,0,
TX-65384D8BA3A4,CUST-2F6481C4,2026-01-06T14:02:01.791552,1918.38,USD,Rocha PLC,Food,0,
TX-158C5531E754,CUST-2F6481C4,2026-01-08T14:02:01.791552,591.89,USD,"Gonzalez, Sanchez and Shepard",Food,0,
TX-4EA74398CA3C,CUST-2F6481C4,2026-01-08T17:02:01.791552,1345.83,USD,Gray LLC,Travel,0,
TX-624F470278EB,CUST-2F6481C4,2026-01-12T20:02:01.791552,666.6,USD,Chambers-Montgomery,Travel,0,
TX-AEA7AED6663F,CUST-2F6481C4,2026-01-17T14:02:01.791552,312.89,USD,Wilcox and Sons,Food,0,
TX-604115BB10CB,CUST-2F6481C4,2026-01-19T14:02:01.791552,510.06,USD,"Vega, Mcintyre and Page",Retail,0,
TX-96821F0C9A91,CUST-2F6481C4,2026-01-23T04:02:01.791552,914.83,USD,Hubbard-Jimenez,Utilities,0,
TX-9237E2E159CA,CUST-2F6481C4,2026-01-25T10:02:01.791552,1532.54,USD,Bowers-Cook,Food,0,
TX-3FEA156BFAD9,CUST-497A1079,2025-11-18T04:02:01.791552,205.27,USD,"Meyer, Gonzales and Collins",Travel,0,
TX-3D60D3BF3363,CUST-497A1079,2025-11-21T07:02:01.791552,1746.95,USD,"Zamora, Melton and Leonard",Food,0,
TX-69B1D77621B8,CUST-497A1079,2025-11-22T01:02:01.791552,536.73,USD,Nelson-Gibson,Retail,0,
TX-01F77AA3A61F,CUST-497A1079,2025-11-23T06:02:01.791552,1198.16,USD,"Sexton, Jones and Miller",Food,0,
TX-D0FF59D26C23,CUST-497A1079,2025-11-23T20:02:01.791552,1014.91,USD,Richards-Mercer,Food,0,
TX-8BDBAEEF5FCF,CUST-497A1079,2025-11-24T16:02:01.791552,133.97,USD,"Elliott, Anderson and Nelson",Utilities,0,
TX-674D74E9D668,CUST-497A1079,2025-11-26T12:02:01.791552,721.41,USD,"Schwartz, Simon and Roberts",Utilities,0,
TX-82D20E2B3C31,CUST-497A1079,2025-11-29T21:02:01.791552,1495.77,USD,Hartman-Briggs,Utilities,0,
TX-9E7AE94ED027,CUST-497A1079,2025-11-30T23:02:01.791552,936.15,USD,Johnson and Sons,Food,0,
TX-ACC3ED1CFAEF,CUST-497A1079,2025-12-02T06:02:01.791552,1847.26,USD,"Montes, Castaneda and Hanna",Retail,0,
TX-BF94CFD53349,CUST-497A1079,2025-12-04T05:02:01.791552,1755.77,USD,Gomez-Howard,Retail,0,
TX-9143C7E80CB8,CUST-497A1079,2025-12-07T15:02:01.791552,1218.81,USD,Lewis-Jensen,Food,0,
TX-EDCC3CC33B9E,CUST-497A1079,2025-12-09T09:02:01.791552,1071.97,USD,Brown-Davis,Utilities,0,
TX-81C28320936D,CUST-497A1079,2025-12-12T21:02:01.791552,1164.98,USD,Holmes-Le,Food,0,
TX-7AE29C64BB33,CUST-497A1079,2025-12-15T05:02:01.791552,841.92,USD,Carter and Sons,Travel,0,
TX-24405A6499A7,CUST-497A1079,2025-12-15T20:02:01.791552,886.14,USD,Garza-Ingram,Food,0,
TX-9153A5AE9166,CUST-497A1079,2025-12-20T00:02:01.791552,1704.34,USD,Phillips Ltd,Utilities,0,
TX-2F0092770F5E,CUST-497A1079,2025-12-22T13:02:01.791552,256.02,USD,"Black, Garcia and Wiggins",Retail,0,
TX-B8AF77ECC1BE,CUST-90BA6B09,2025-11-15T10:02:01.791552,1515.08,USD,Bryant-Chan,Retail,0,
TX-7E980E207BA6,CUST-90BA6B09,2025-11-18T10:02:01.791552,100.25,USD,"Robbins, Anderson and Costa",Utilities,0,
TX-76C45DAFEA39,CUST-90BA6B09,2025-11-20T03:02:01.791552,1496.76,USD,"Chavez, Alvarez and Taylor",Retail,0,
TX-F5D8B0D28645,CUST-90BA6B09,2025-11-25T01:02:01.791552,1656.26,USD,Wilcox-Lee,Utilities,0,
TX-4E2733103018,CUST-90BA6B09,2025-11-25T19:02:01.791552,366.6,USD,Moreno-Hansen,Food,0,
TX-10254F29E0E6,CUST-90BA6B09,2025-11-27T14:02:01.791552,242.86,USD,Williams Group,Travel,0,
TX-F40AD9AB126A,CUST-90BA6B09,2025-12-02T08:02:01.791552,171.58,USD,Williams Inc,Travel,0,
TX-3DE503CC84BD,CUST-90BA6B09,2025-12-07T05:02:01.791552,263.77,USD,Mullins-Vargas,Food,0,
TX-049EBA7FE974,CUST-90BA6B09,2025-12-10T06:02:01.791552,188.3,USD,"Rivera, Smith and Jordan",Travel,0,
TX-483D1D3CD3A3,CUST-90BA6B09,2025-12-13T16:02:01.791552,1706.66,USD,Reyes and Sons,Food,0,
TX-FD4A3A1CD9E3,CUST-90BA6B09,2025-12-14T05:02:01.791552,1085.78,USD,Evans LLC,Utilities,0,
TX-914873DE0A4D,CUST-90BA6B09,2025-12-16T03:02:01.791552,1242.97,USD,"Edwards, Lloyd and Anderson",Food,0,
TX-904098F5F9FF,CUST-90BA6B09,2025-12-19T16:02:01.791552,1952.13,USD,Christensen PLC,Travel,0,
TX-9437B224A4D0,CUST-90BA6B09,2025-12-20T00:02:01.791552,341.71,USD,Valenzuela-Smith,Retail,0,
TX-62C959A9769C,CUST-90BA6B09,2025-12-23T23:02:01.791552,1087.43,USD,"Wood, Flores and Clark",Utilities,0,
TX-816DDF582ED0,CUST-90BA6B09,2025-12-27T01:02:01.791552,1232.32,USD,"Bailey, Ramsey and Quinn",Utilities,0,
TX-F8D3EEB2F42A,CUST-90BA6B09,2025-12-31T21:02:01.791552,1336.36,USD,Smith LLC,Retail,0,
TX-B1A46EF0A54C,CUST-90BA6B09,2026-01-03T17:02:01.791552,635.09,USD,Carlson-Harrison,Retail,0,
TX-9290ACF73A92,CUST-90BA6B09,2026-01-08T05:02:01.791552,669.18,USD,"Hall, Cook and Arnold",Utilities,0,
TX-C52AE95F735A,CUST-90BA6B09,2026-01-09T11:02:01.791552,832.17,USD,Howard Inc,Travel,0,
TX-C26A37D3F474,CUST-90BA6B09,2026-01-10T03:02:01.791552,914.38,USD,Barnes Group,Utilities,0,
TX-816620439FB3,CUST-90BA6B09,2026-01-13T08:02:01.791552,391.76,USD,Martinez LLC,Retail,0,
TX-F5FF9610E303,CUST-90BA6B09,2026-01-15T08:02:01.791552,348.24,USD,Rowe-Ortega,Travel,0,
TX-878A6D16AE11,CUST-90BA6B09,2026-01-17T02:02:01.791552,328.91,USD,Adams-Moss,Retail,0,
TX-08062AA9D38A,CUST-90BA6B09,2026-01-18T06:02:01.791552,183.66,USD,Nunez-Watson,Utilities,0,
TX-5C59F4632469,CUST-90BA6B09,2026-01-21T19:02:01.791552,1120.26,USD,"Alvarez, Morgan and Armstrong",Utilities,0,
TX-5A8D9CA1BF11,CUST-90BA6B09,2026-01-23T12:02:01.791552,1337.02,USD,Thomas-Hudson,Travel,0,
TX-DD5D1AD3F2CC,CUST-90BA6B09,2026-01-28T09:02:01.791552,661.68,USD,"Johnson, Brooks and Hatfield",Retail,0,
TX-8FB33406FF20,CUST-90BA6B09,2026-01-29T02:02:01.791552,1266.91,USD,"Rodriguez, Thompson and Smith",Food,0,
TX-6A33EC0E7AA0,CUST-90BA6B09,2026-01-31T15:02:01.791552,1193.14,USD,Campbell and Sons,Travel,0,
TX-199E2B0EDA9D,CUST-90BA6B09,2026-02-03T10:02:01.791552,1196.91,USD,"Ross, Williams and Le",Retail,0,
TX-6B568CF1CCCE,CUST-90BA6B09,2026-02-06T09:02:01.791552,322.18,USD,Hernandez-Lewis,Food,0,
TX-C422D50FC6AB,CUST-90BA6B09,2026-02-07T11:02:01.791552,1207.05,USD,"Arias, Meyers and Bolton",Travel,0,
TX-854AD381BB1D,CUST-90BA6B09,2026-02-07T16:02:01.791552,1846.98,USD,"Valdez, Watson and Page",Travel,0,
TX-D980C2E868FB,CUST-90BA6B09,2026-02-09T01:02:01.791552,544.46,USD,Garcia-Ayala,Food,0,
TX-3EA4099766B5,CUST-2645FDA3,2025-11-14T05:02:01.791552,1430.52,USD,White Ltd,Utilities,0,
TX-92198BBD4AA3,CUST-2645FDA3,2025-11-18T07:02:01.791552,1102.56,USD,"Anderson, Rivers and Fitzpatrick",Retail,0,
TX-5A4C0A5A3262,CUST-2645FDA3,2025-11-19T08:02:01.791552,1893.8,USD,Reynolds Inc,Retail,0,
TX-FB3FC70C0C11,CUST-2645FDA3,2025-11-24T07:02:01.791552,189.53,USD,Williams and Sons,Travel,0,
TX-BE111EEA5BE5,CUST-2645FDA3,2025-11-29T00:02:01.791552,1630.77,USD,"Fisher, Singh and Macias",Retail,0,
TX-893A867CB3AB,CUST-2645FDA3,2025-11-30T07:02:01.791552,801.92,USD,"Warner, Matthews and Coleman",Retail,0,
TX-ABEBFE363DD8,CUST-2645FDA3,2025-12-01T20:02:01.791552,1340.12,USD,Frazier and Sons,Retail,0,
TX-E8879A4DB0FE,CUST-2645FDA3,2025-12-03T05:02:01.791552,545.42,USD,Thompson-Sanchez,Travel,0,
TX-20FEEF237468,CUST-2645FDA3,2025-12-05T11:02:01.791552,363.62,USD,"Hurst, Mitchell and Stevens",Travel,0,
TX-A04E5026A7D6,CUST-2645FDA3,2025-12-07T05:02:01.791552,778.67,USD,"Holloway, Nash and Wong",Utilities,0,
TX-C06108C8CFD2,CUST-2645FDA3,2025-12-08T16:02:01.791552,487.63,USD,Lee Group,Retail,0,
TX-74931DF329F5,CUST-2645FDA3,2025-12-09T14:02:01.791552,184.7,USD,Cordova LLC,Utilities,0,
TX-A047837C3481,CUST-2645FDA3,2025-12-11T17:02:01.791552,1476.96,USD,Lopez and Sons,Food,0,
TX-142004A7EBCC,CUST-2645FDA3,2025-12-12T02:02:01.791552,1010.32,USD,Lin Ltd,Travel,0,
TX-EA7AD1424E22,CUST-2645FDA3,2025-12-12T18:02:01.791552,758.26,USD,Hansen and Sons,Travel,0,
TX-DFA2B899EA34,CUST-2645FDA3,2025-12-16T06:02:01.791552,777.7,USD,Hall Inc,Retail,0,
TX-DE83C5844061,CUST-2645FDA3,2025-12-21T02:02:01.791552,1103.2,USD,Harrell Inc,Travel,0,
TX-23533A13516B,CUST-2645FDA3,2025-12-25T10:02:01.791552,998.47,USD,Franco-Berry,Utilities,0,
TX-F552CB24FF23,CUST-2645FDA3,2025-12-26T04:02:01.791552,1449.9,USD,Monroe PLC,Retail,0,
TX-940CF789F9B6,CUST-2645FDA3,2025-12-26T11:02:01.791552,1553.6,USD,Cunningham-Marks,Food,0,
TX-284DCCE497CC,CUST-2645FDA3,2025-12-27T14:02:01.791552,1641.33,USD,Day Group,Retail,0,
TX-16F3A1DA0AB1,CUST-2645FDA3,2025-12-28T00:02:01.791552,1713.43,USD,"Wright, Patterson and Jackson",Utilities,0,
TX-F891D22AEDC2,CUST-2645FDA3,2026-01-01T01:02:01.791552,1586.24,USD,Meza and Sons,Travel,0,
TX-EE92C65629B2,CUST-2645FDA3,2026-01-04T21:02:01.791552,1819.59,USD,Robbins LLC,Utilities,0,
TX-26D53CDF0DB2,CUST-2645FDA3,2026-01-09T13:02:01.791552,1105.89,USD,Garcia Ltd,Utilities,0,
TX-32013A1B59A8,CUST-2645FDA3,2026-01-13T21:02:01.791552,1963.86,USD,"Greene, Briggs and Ball",Utilities,0,
TX-74A48A201E8D,CUST-2645FDA3,2026-01-18T05:02:01.791552,1197.65,USD,Howard PLC,Travel,0,
TX-9968F090C03D,CUST-2645FDA3,2026-01-19T21:02:01.791552,1079.32,USD,Fischer Inc,Food,0,
TX-05397AC8B900,CUST-2645FDA3,2026-01-23T08:02:01.791552,1160.09,USD,"Wilson, Butler and Smith",Food,0,
TX-6218E3ECB905,CUST-2645FDA3,2026-01-28T04:02:01.791552,192.3,USD,Sullivan-Clark,Utilities,0,
TX-528D4D199B2B,CUST-2645FDA3,2026-01-28T10:02:01.791552,1331.53,USD,Newton-Edwards,Utilities,0,
TX-C3F1D835DE57,CUST-2645FDA3,2026-01-29T05:02:01.791552,1358.01,USD,"Hardin, Reid and Brown",Utilities,0,
TX-311AFA185518,CUST-2645FDA3,2026-01-31T16:02:01.791552,457.39,USD,Rivera-Thomas,Travel,0,
TX-FCEB4C22D3C7,CUST-2645FDA3,2026-02-05T15:02:01.791552,1951.41,USD,Ray Ltd,Utilities,0,
TX-82444CD1059D,CUST-2645FDA3,2026-02-10T04:02:01.791552,1697.62,USD,Larson-Molina,Retail,0,
TX-28B4CD022D55,CUST-B9B4A372,2025-11-18T19:02:01.791552,255.17,USD,Hobbs-Weaver,Retail,0,
TX-D19963CD9470,CUST-B9B4A372,2025-11-20T02:02:01.791552,948.66,USD,Crane Inc,Food,0,
TX-886D6CA27737,CUST-B9B4A372,2025-11-20T18:02:01.791552,48.85,USD,Mills-Hunter,Travel,0,
TX-9976691386F8,CUST-B9B4A372,2025-11-21T19:02:01.791552,1587.5,USD,Wilson and Sons,Utilities,0,
TX-2F9CAF956745,CUST-B9B4A372,2025-11-26T12:02:01.791552,1008.76,USD,Powers LLC,Food,0,
TX-F9DAB49FF2DB,CUST-B9B4A372,2025-11-29T20:02:01.791552,64.94,USD,"Johnson, Parker and Harris",Retail,0,
TX-7C2E01A7DFA6,CUST-B9B4A372,2025-12-04T19:02:01.791552,399.07,USD,Chan-Henson,Utilities,0,
TX-DDC559679687,CUST-B9B4A372,2025-12-09T14:02:01.791552,1921.24,USD,Hicks LLC,Retail,0,
TX-3C110064320D,CUST-B9B4A372,2025-12-14T03:02:01.791552,505.4,USD,Smith-Gordon,Utilities,0,
TX-D972D6111240,CUST-B9B4A372,2025-12-18T12:02:01.791552,1985.15,USD,Ward-Martinez,Utilities,0,
TX-57A54482A9BB,CUST-B9B4A372,2025-12-22T00:02:01.791552,1858.17,USD,Willis PLC,Utilities,0,
TX-AB0C1E5E1374,CUST-B9B4A372,2025-12-24T04:02:01.791552,1321.25,USD,Ortega PLC,Food,0,
TX-C1D041164E6E,CUST-B9B4A372,2025-12-28T12:02:01.791552,1610.58,USD,Rodriguez Ltd,Retail,0,
TX-728252DFBE5D,CUST-B9B4A372,2026-01-02T12:02:01.791552,1052.52,USD,Owens-Bishop,Travel,0,
TX-20C6654C5114,CUST-B9B4A372,2026-01-05T11:02:01.791552,720.7,USD,"Castro, Brown and Torres",Utilities,0,
TX-ED9B9B828D18,CUST-B9B4A372,2026-01-06T05:02:01.791552,1116.59,USD,Nelson Group,Food,0,
TX-4AE7A311A618,CUST-B9B4A372,2026-01-08T17:02:01.791552,1712.11,USD,Salinas LLC,Travel,0,
TX-42F0DE4FC290,CUST-B9B4A372,2026-01-10T20:02:01.791552,1343.97,USD,Rice Inc,Food,0,
TX-1D1C1FBC04A8,CUST-B9B4A372,2026-01-14T00:02:01.791552,540.12,USD,Anderson LLC,Utilities,0,
TX-C190E2550380,CUST-B9B4A372,2026-01-18T07:02:01.791552,667.34,USD,"Cohen, Mcguire and Myers",Retail,0,
TX-C8D2F59D52F6,CUST-B9B4A372,2026-01-22T19:02:01.791552,204.55,USD,"Ellis, Barker and Smith",Travel,0,
TX-AFEB20B3A7F8,CUST-B9B4A372,2026-01-27T14:02:01.791552,1121.87,USD,Herring LLC,Retail,0,
TX-9A391AD8464C,CUST-B9B4A372,2026-01-28T06:02:01.791552,973.14,USD,"Stuart, Rogers and Holt",Retail,0,
TX-639D6346FD80,CUST-B9B4A372,2026-01-31T02:02:01.791552,1424.57,USD,Harvey Inc,Food,0,
TX-58767B33D232,CUST-B9B4A372,2026-02-01T03:02:01.791552,656.67,USD,Smith PLC,Travel,0,
TX-6BD253E3BE1B,CUST-B9B4A372,2026-02-02T20:02:01.791552,140.05,USD,Smith-Leblanc,Retail,0,
TX-79AB597A43FC,CUST-B9B4A372,2026-02-06T07:02:01.791552,96.6,USD,Davidson and Sons,Travel,0,
TX-4413C21E23BE,CUST-B9B4A372,2026-02-07T21:02:01.791552,1434.48,USD,Hebert PLC,Retail,0,
TX-1020F9199814,CUST-B9B4A372,2026-02-09T23:02:01.791552,149.81,USD,"Sanchez, Wheeler and Wilson",Retail,0,
TX-BC427EBDFAC0,CUST-B9B4A372,2026-02-11T06:02:01.791552,1650.1,USD,"Vaughn, Alexander and Scott",Travel,0,
TX-681F36615C1D,CUST-44B01F8B,2025-11-19T01:02:01.791552,1658.5,USD,"Lee, Young and Wade",Travel,0,
TX-47BEE56A0983,CUST-44B01F8B,2025-11-23T09:02:01.791552,1502.65,USD,Davis-Benson,Retail,0,
TX-B767D9ADC863,CUST-44B01F8B,2025-11-23T22:02:01.791552,320.25,USD,"Castaneda, Johnson and Lutz",Retail,0,
TX-8E0B625939A1,CUST-44B01F8B,2025-11-24T10:02:01.791552,1322.7,USD,Fritz Inc,Retail,0,
TX-F4C230D2FE1C,CUST-44B01F8B,2025-11-25T19:02:01.791552,360.66,USD,"Monroe, Kelley and Swanson",Retail,0,
TX-34B50FC05BE1,CUST-44B01F8B,2025-11-29T10:02:01.791552,1424.64,USD,Lawson-Gonzalez,Food,0,
TX-FE83AC84A702,CUST-44B01F8B,2025-12-02T10:02:01.791552,420.52,USD,Novak and Sons,Food,0,
TX-31D999659D8C,CUST-44B01F8B,2025-12-06T06:02:01.791552,1141.2,USD,Harris-Mckinney,Travel,0,
TX-D19DD8C233FC,CUST-44B01F8B,2025-12-08T08:02:01.791552,61.86,USD,"Peterson, Duran and Rios",Food,0,
TX-A6F7AB360E06,CUST-44B01F8B,2025-12-13T00:02:01.791552,688.25,USD,Reid Group,Travel,0,
TX-F10AEB77499F,CUST-44B01F8B,2025-12-16T00:02:01.791552,130.65,USD,"Burton, Hayes and Knight",Utilities,0,
TX-FB827054CD4F,CUST-44B01F8B,2025-12-19T09:02:01.791552,177.92,USD,Thomas-Turner,Retail,0,
TX-02E71F589433,CUST-44B01F8B,2025-12-23T14:02:01.791552,15.54,USD,"Weeks, Harris and King",Travel,0,
TX-D777BCECCAF9,CUST-44B01F8B,2025-12-25T07:02:01.791552,1329.58,USD,Graves and Sons,Retail,0,
TX-6FBA2F5F3A25,CUST-44B01F8B,2025-12-27T07:02:01.791552,1328.76,USD,"Parker, Dennis and Wallace",Travel,0,
TX-B9AFD6C39FBB,CUST-44B01F8B,2025-12-30T08:02:01.791552,1724.68,USD,"Williams, Rasmussen and Myers",Food,0,
TX-768E54B61317,CUST-44B01F8B,2026-01-01T03:02:01.791552,898.55,USD,Davenport Inc,Travel,0,
TX-60A5D1A1325A,CUST-44B01F8B,2026-01-02T05:02:01.791552,77.45,USD,Nguyen Ltd,Utilities,0,
TX-C2566415BDD5,CUST-44B01F8B,2026-01-03T02:02:01.791552,1794.06,USD,Smith-Burns,Travel,0,
TX-BA94AF1D02AC,CUST-44B01F8B,2026-01-05T02:02:01.791552,341.68,USD,Brown Group,Travel,0,
TX-B985715D34AF,CUST-44B01F8B,2026-01-09T10:02:01.791552,1225.85,USD,"Wright, Johnson and Smith",Travel,0,
TX-4EE49FE09A9B,CUST-44B01F8B,2026-01-11T22:02:01.791552,930.75,USD,Fitzgerald-Noble,Retail,0,
TX-6DCA03222EE6,CUST-44B01F8B,2026-01-13T08:02:01.791552,1491.52,USD,"Jones, Duncan and Gibson",Travel,0,
TX-28FA0D80F589,CUST-44B01F8B,2026-01-16T01:02:01.791552,799.63,USD,"Smith, Bailey and Davis",Retail,0,
TX-9CE6C15D172E,CUST-44B01F8B,2026-01-16T07:02:01.791552,232.21,USD,Smith Inc,Utilities,0,
TX-CF85193EF9EA,CUST-44B01F8B,2026-01-16T20:02:01.791552,1339.43,USD,Smith Inc,Utilities,0,
TX-B35ABB5ED65B,CUST-44B01F8B,2026-01-20T16:02:01.791552,862.36,USD,"Mueller, Oliver and Hughes",Utilities,0,
TX-61EC748592A6,CUST-44B01F8B,2026-01-20T17:02:01.791552,1555.64,USD,Olson-Terry,Utilities,0,
TX-1BB2DCE5DC01,CUST-44B01F8B,2026-01-25T08:02:01.791552,1930.25,USD,Smith-Key,Travel,0,
TX-DE755B7E7630,CUST-44B01F8B,2026-01-26T02:02:01.791552,1913.28,USD,Mitchell-Bauer,Retail,0,
TX-1B4B9CA55736,CUST-44B01F8B,2026-01-30T05:02:01.791552,1204.97,USD,Lawrence Inc,Food,0,
TX-1A587F02538B,CUST-44B01F8B,2026-02-01T02:02:01.791552,761.86,USD,"Shea, Jones and Ross",Travel,0,
TX-42AAAD543E16,CUST-44B01F8B,2026-02-02T05:02:01.791552,927.68,USD,Smith and Sons,Food,0,
TX-4517D8E70627,CUST-44B01F8B,2026-02-07T00:02:01.791552,598.44,USD,Arellano-Wall,Utilities,0,
TX-A7CBCAF4620E,CUST-E53F6FBD,2025-11-18T04:02:01.791552,767.61,USD,Bird Ltd,Food,0,
TX-877C2294E1B2,CUST-E53F6FBD,2025-11-20T10:02:01.791552,913.05,USD,Wilson-Jones,Travel,0,
TX-9F91B274705C,CUST-E53F6FBD,2025-11-25T02:02:01.791552,1665.84,USD,"Jordan, Jackson and Williams",Retail,0,
TX-2F763A89D65A,CUST-E53F6FBD,2025-11-27T21:02:01.791552,1676.42,USD,Hamilton-Foster,Travel,0,
TX-3136D0549280,CUST-E53F6FBD,2025-12-02T02:02:01.791552,1679.78,USD,Torres LLC,Travel,0,
TX-89AAF2501B5B,CUST-E53F6FBD,2025-12-06T19:02:01.791552,229.23,USD,Liu-Jones,Retail,0,
TX-F1D666CC11FC,CUST-E53F6FBD,2025-12-08T08:02:01.791552,1948.94,USD,Moran-Patel,Utilities,0,
TX-E9CCFEB05C24,CUST-E53F6FBD,2025-12-09T08:02:01.791552,1476.64,USD,Wilkerson-Hernandez,Utilities,0,
TX-17E1F7BFD3F3,CUST-E53F6FBD,2025-12-14T07:02:01.791552,1480.59,USD,Wood LLC,Food,0,
TX-EB57B957B6E8,CUST-E53F6FBD,2025-12-14T11:02:01.791552,1883.43,USD,Wolf-Allen,Food,0,
TX-1B0F6BBA3DAE,CUST-E53F6FBD,2025-12-15T19:02:01.791552,317.05,USD,Byrd-Gomez,Travel,0,
TX-2BE4B8EEE4A3,CUST-E53F6FBD,2025-12-18T22:02:01.791552,1428.6,USD,Cannon Ltd,Travel,0,
TX-4461F8717354,CUST-E53F6FBD,2025-12-21T22:02:01.791552,1076.77,USD,Bautista and Sons,Utilities,0,
TX-7EAC7BBCD01A,CUST-E53F6FBD,2025-12-25T14:02:01.791552,496.65,USD,Bass Inc,Utilities,0,
TX-B4F19B207812,CUST-E53F6FBD,2025-12-26T19:02:01.791552,1112.11,USD,Stevens Group,Utilities,0,
TX-9FB36A2B4CC9,CUST-E53F6FBD,2025-12-28T00:02:01.791552,1016.6,USD,Castro Group,Travel,0,
TX-70677EF12DD9,CUST-E53F6FBD,2026-01-01T13:02:01.791552,1100.68,USD,Jones-Campos,Food,0,
TX-8D17EF1F0E69,CUST-E53F6FBD,2026-01-06T04:02:01.791552,300.29,USD,"Forbes, West and Dixon",Travel,0,
TX-7EA7B010CA42,CUST-E53F6FBD,2026-01-08T18:02:01.791552,1311.61,USD,"Williams, Allen and Jackson",Retail,0,
TX-B0A383B32B76,CUST-E53F6FBD,2026-01-13T06:02:01.791552,1226.25,USD,White-Baker,Retail,0,
TX-769AE25FF8AE,CUST-E53F6FBD,2026-01-14T03:02:01.791552,558.84,USD,"Morrow, Olson and Gonzalez",Food,0,
TX-923FA89724E2,CUST-E53F6FBD,2026-01-17T22:02:01.791552,182.75,USD,"Wood, Yates and Randall",Travel,0,
TX-568E04CB1701,CUST-20C0535E,2025-11-14T22:02:01.791552,530.05,USD,Gilbert Ltd,Utilities,0,
TX-F6513369F743,CUST-20C0535E,2025-11-16T12:02:01.791552,1029.42,USD,Copeland-Hanson,Travel,0,
TX-EBFF610EDFED,CUST-20C0535E,2025-11-17T07:02:01.791552,1176.49,USD,Mccoy Group,Retail,0,
TX-650DAA0CE002,CUST-20C0535E,2025-11-21T10:02:01.791552,924.62,USD,Martin-Mitchell,Travel,0,
TX-F9C129076219,CUST-20C0535E,2025-11-24T03:02:01.791552,1077.33,USD,Lowe-Wright,Retail,0,
TX-1820366F295C,CUST-20C0535E,2025-11-27T10:02:01.791552,1498.69,USD,Smith PLC,Food,0,
TX-B5AFE59531F5,CUST-20C0535E,2025-11-30T03:02:01.791552,1897.76,USD,Bishop-Sims,Travel,0,
TX-C136EF102703,CUST-20C0535E,2025-12-01T21:02:01.791552,1700.51,USD,Williams Inc,Retail,0,
TX-660A0184F9EC,CUST-20C0535E,2025-12-03T06:02:01.791552,1380.15,USD,"Wright, Price and Woods",Travel,0,
TX-46A930344D97,CUST-20C0535E,2025-12-05T12:02:01.791552,332.33,USD,Sanchez PLC,Utilities,0,
TX-C2BC71788608,CUST-20C0535E,2025-12-06T07:02:01.791552,467.28,USD,Lewis PLC,Utilities,0,
TX-A8A34712C802,CUST-20C0535E,2025-12-08T03:02:01.791552,803.56,USD,Thomas Ltd,Utilities,0,
TX-96C4B9C305BF,CUST-20C0535E,2025-12-08T07:02:01.791552,1075.87,USD,"Gonzales, Garrett and Page",Food,0,
TX-15C38DB52A01,CUST-20C0535E,2025-12-08T10:02:01.791552,512.13,USD,Peterson-Russell,Travel,0,
TX-534C4BA69595,CUST-20C0535E,2025-12-11T13:02:01.791552,1807.56,USD,"Kennedy, Gregory and Perez",Utilities,0,
TX-24B8DF06E1B5,CUST-20C0535E,2025-12-14T20:02:01.791552,806.1,USD,Garcia-Cole,Food,0,
TX-98687C5A0284,CUST-20C0535E,2025-12-16T06:02:01.791552,239.1,USD,"Phillips, Vazquez and Brown",Food,0,
TX-1152BE4BD88A,CUST-20C0535E,2025-12-19T09:02:01.791552,1874.53,USD,"Delgado, Archer and Bowen",Utilities,0,
TX-917B952E5CFE,CUST-20C0535E,2025-12-22T06:02:01.791552,69.81,USD,"Murray, Allen and Patton",Retail,0,
TX-03E09787FFF9,CUST-20C0535E,2025-12-22T19:02:01.791552,1548.79,USD,Anderson and Sons,Travel,0,
TX-2BE2670E7E8E,CUST-20C0535E,2025-12-26T03:02:01.791552,1737.63,USD,Perry-Smith,Travel,0,
TX-386855F59929,CUST-20C0535E,2025-12-30T12:02:01.791552,1714.16,USD,"Mcmillan, Pham and Johnson",Retail,0,
TX-764828BEE97C,CUST-20C0535E,2026-01-02T18:02:01.791552,418.1,USD,Turner-Gross,Retail,0,
TX-CB8C7DCBBD04,CUST-20C0535E,2026-01-03T00:02:01.791552,833.96,USD,"Duncan, Crane and Delgado",Retail,0,
TX-9BA0B3F2E3B3,CUST-20C0535E,2026-01-07T08:02:01.791552,142.03,USD,Padilla-Nguyen,Food,0,
TX-C3EEDD423AB0,CUST-20C0535E,2026-01-11T00:02:01.791552,628.36,USD,Castaneda Ltd,Food,0,
TX-D5A50E9B6D39,CUST-20C0535E,2026-01-14T19:02:01.791552,1466.34,USD,Rice Inc,Retail,0,
TX-A7A0B93A75B8,CUST-20C0535E,2026-01-17T20:02:01.791552,1004.53,USD,"Lyons, Patterson and Rogers",Utilities,0,
TX-D60C1D6323F2,CUST-20C0535E,2026-01-22T09:02:01.791552,1401.97,USD,Fowler Group,Travel,0,
TX-79A391DE0C67,CUST-20C0535E,2026-01-27T06:02:01.791552,699.58,USD,"Hernandez, Wilkins and Berry",Retail,0,
TX-0AF2F7B16495,CUST-7D469CB0,2025-11-14T04:02:01.791552,1037.79,USD,"Parsons, Valencia and Carroll",Travel,0,
TX-E7D7B39889C5,CUST-7D469CB0,2025-11-17T17:02:01.791552,1745.16,USD,"Yu, Scott and Beasley",Utilities,0,
TX-C6418212EE70,CUST-7D469CB0,2025-11-20T11:02:01.791552,1808.74,USD,"Brown, Kelly and Clements",Food,0,
TX-247479B9E263,CUST-7D469CB0,2025-11-25T03:02:01.791552,406.56,USD,"Rios, Larsen and Sullivan",Food,0,
TX-466EFDDA4C23,CUST-7D469CB0,2025-11-27T22:02:01.791552,1521.07,USD,"Rogers, Johnson and Buckley",Travel,0,
TX-F3FC9C15F79F,CUST-7D469CB0,2025-12-01T11:02:01.791552,1076.56,USD,Johnson Group,Retail,0,
TX-3019E4F9005E,CUST-7D469CB0,2025-12-02T14:02:01.791552,1955.16,USD,Green-Rios,Travel,0,
TX-81614062DCCA,CUST-7D469CB0,2025-12-04T18:02:01.791552,410.64,USD,"Mejia, Pennington and Ferguson",Travel,0,
TX-E726DF3960D8,CUST-7D469CB0,2025-12-07T13:02:01.791552,1961.12,USD,"Taylor, Holland and Ingram",Food,0,
TX-F2EDA90DCDCF,CUST-7D469CB0,2025-12-07T19:02:01.791552,873.43,USD,Ware-Sawyer,Food,0,
TX-68D28A55B7E2,CUST-7D469CB0,2025-12-10T19:02:01.791552,438.8,USD,Lynch-Morrison,Travel,0,
TX-CB1366881A7E,CUST-7D469CB0,2025-12-11T17:02:01.791552,1317.18,USD,"Williams, Martin and Mcdaniel",Food,0,
TX-EEB993C6FF28,CUST-7D469CB0,2025-12-16T11:02:01.791552,295.63,USD,Kelly Ltd,Travel,0,
TX-E9DA1B378DD1,CUST-7D469CB0,2025-12-16T13:02:01.791552,1833.7,USD,Vaughn-Rodriguez,Retail,0,
TX-33EC3C998133,CUST-7D469CB0,2025-12-18T06:02:01.791552,1062.89,USD,"House, Clark and Houston",Utilities,0,
TX-0C2030AA5D04,CUST-7D469CB0,2025-12-19T13:02:01.791552,904.93,USD,"Bell, Kirk and Smith",Food,0,
TX-1EB60A7A0166,CUST-7D469CB0,2025-12-24T04:02:01.791552,1275.89,USD,"Tucker, Wright and Barrera",Travel,0,
TX-B8CAF37A3BBF,CUST-7D469CB0,2025-12-24T05:02:01.791552,715.91,USD,"Tran, Clayton and Brown",Food,0,
TX-0033C9B7C2A9,CUST-7D469CB0,2025-12-27T19:02:01.791552,1040.41,USD,Hobbs LLC,Travel,0,
TX-87241C9FD8FF,CUST-7D469CB0,2025-12-30T14:02:01.791552,1935.34,USD,Schmitt-Harris,Utilities,0,
TX-55D765FBF997,CUST-7D469CB0,2026-01-01T05:02:01.791552,1696.59,USD,Garcia-Hill,Retail,0,
TX-F580E0F8AAC4,CUST-95BE6840,2025-11-15T03:02:01.791552,1477.69,USD,Rosario-Richard,Travel,0,
TX-05272F3DF158,CUST-95BE6840,2025-11-16T15:02:01.791552,1475.34,USD,Evans-Snyder,Travel,0,
TX-5B5424DC5D1F,CUST-95BE6840,2025-11-18T09:02:01.791552,468.0,USD,Maynard-Sullivan,Travel,0,
TX-340F7B20BA43,CUST-95BE6840,2025-11-20T15:02:01.791552,738.15,USD,Long LLC,Retail,0,
TX-34F03D222FC5,CUST-95BE6840,2025-11-22T17:02:01.791552,42.59,USD,Simpson Inc,Utilities,0,
TX-08E0DE0BCB83,CUST-95BE6840,2025-11-26T07:02:01.791552,512.47,USD,"Huang, Burns and Bullock",Utilities,0,
TX-09EDBACB61BE,CUST-95BE6840,2025-11-30T00:02:01.791552,1720.3,USD,Boyle LLC,Retail,0,
TX-98AF8DB5FF6B,CUST-95BE6840,2025-12-01T16:02:01.791552,1691.79,USD,Grimes and Sons,Utilities,0,
TX-CBF25B8B1C57,CUST-95BE6840,2025-12-01T20:02:01.791552,411.0,USD,Williams-Garcia,Utilities,0,
TX-7DDA937C2146,CUST-95BE6840,2025-12-02T15:02:01.791552,646.51,USD,Scott Inc,Utilities,0,
TX-3F87DAAF55B8,CUST-95BE6840,2025-12-05T10:02:01.791552,110.43,USD,"Hall, Morris and Duncan",Retail,0,
TX-7714747415BD,CUST-95BE6840,2025-12-07T13:02:01.791552,287.55,USD,Williams PLC,Food,0,
TX-3B1F99936B51,CUST-95BE6840,2025-12-09T13:02:01.791552,800.62,USD,Johnson-Palmer,Retail,0,
TX-8D5D49DAB1F0,CUST-95BE6840,2025-12-13T19:02:01.791552,1743.07,USD,Russell-Patterson,Retail,0,
TX-1E4545166709,CUST-95BE6840,2025-12-15T21:02:01.791552,689.09,USD,Green Inc,Retail,0,
TX-AED612D41304,CUST-95BE6840,2025-12-17T09:02:01.791552,507.94,USD,Rodriguez-Valdez,Utilities,0,
TX-6D4F7F6346BE,CUST-95BE6840,2025-12-17T14:02:01.791552,1691.7,USD,Cox-Conner,Utilities,0,
TX-5537D9BAEFFF,CUST-95BE6840,2025-12-22T02:02:01.791552,257.22,USD,Bush-Neal,Utilities,0,
TX-5E5C7EDA365B,CUST-95BE6840,2025-12-25T21:02:01.791552,37.91,USD,Freeman PLC,Food,0,
TX-476048189143,CUST-95BE6840,2025-12-29T10:02:01.791552,510.99,USD,"Thompson, Rodriguez and Cervantes",Retail,0,
TX-1B48E393B226,CUST-95BE6840,2025-12-29T21:02:01.791552,668.1,USD,Beck Inc,Travel,0,
TX-58212FFECF26,CUST-95BE6840,2026-01-02T14:02:01.791552,1888.83,USD,"Lutz, Foster and Olsen",Travel,0,
TX-79B7F92B9795,CUST-F74213DE,2025-11-16T08:02:01.791552,79.84,USD,Yates Inc,Travel,0,
TX-FBE21A1FCCE1,CUST-F74213DE,2025-11-16T14:02:01.791552,311.05,USD,Smith LLC,Travel,0,
TX-520937B837C4,CUST-F74213DE,2025-11-20T01:02:01.791552,445.03,USD,White Ltd,Utilities,0,
TX-02AC4F697E81,CUST-F74213DE,2025-11-24T16:02:01.791552,465.62,USD,Orr Inc,Retail,0,
TX-C1614EB95A37,CUST-F74213DE,2025-11-26T12:02:01.791552,984.24,USD,"Williams, Roberts and Hunter",Travel,0,
TX-99EC9A58A4D0,CUST-F74213DE,2025-11-29T13:02:01.791552,1024.08,USD,Schwartz LLC,Retail,0,
TX-E668EEE5AD57,CUST-F74213DE,2025-12-02T17:02:01.791552,747.24,USD,Ochoa-Scott,Food,0,
TX-4C3783B3876F,CUST-F777D3E0,2025-11-18T17:02:01.791552,141.8,USD,Garcia-Richardson,Food,0,
TX-0CD8CC36435F,CUST-F777D3E0,2025-11-19T20:02:01.791552,498.26,USD,"Gardner, Johnson and Hunter",Food,0,
TX-043B78FFC2C3,CUST-F777D3E0,2025-11-20T12:02:01.791552,786.25,USD,Rivera LLC,Retail,0,
TX-E0324CD53806,CUST-F777D3E0,2025-11-21T11:02:01.791552,139.84,USD,Schmidt-Simmons,Travel,0,
TX-C2F1961AA79D,CUST-F777D3E0,2025-11-25T00:02:01.791552,747.46,USD,Erickson PLC,Utilities,0,
TX-8477FE1259A7,CUST-F777D3E0,2025-11-29T10:02:01.791552,437.54,USD,"Lowe, Hughes and Robertson",Food,0,
TX-30802EDE7731,CUST-F777D3E0,2025-12-04T02:02:01.791552,731.91,USD,Mayo-King,Food,0,
TX-AC6C2132ECA1,CUST-F777D3E0,2025-12-08T21:02:01.791552,755.44,USD,Wilson-Shaw,Utilities,0,
TX-ADDED1F11930,CUST-F777D3E0,2025-12-12T04:02:01.791552,152.69,USD,Pope-Bowman,Food,0,
TX-CE4D03B79CF9,CUST-F777D3E0,2025-12-14T11:02:01.791552,253.76,USD,Smith LLC,Utilities,0,
TX-F97A2647D8F4,CUST-F777D3E0,2025-12-16T01:02:01.791552,1966.76,USD,"Walsh, Young and Rodriguez",Travel,0,
TX-3E07031AC8DF,CUST-F777D3E0,2025-12-17T12:02:01.791552,1017.57,USD,Blankenship-Pugh,Utilities,0,
TX-9D548BC8384F,CUST-F777D3E0,2025-12-19T21:02:01.791552,1520.54,USD,Zamora-Kramer,Food,0,
TX-58D9D11B5316,CUST-F777D3E0,2025-12-20T17:02:01.791552,1461.75,USD,"Russell, Wells and Wu",Food,0,
TX-86703F044ABF,CUST-F777D3E0,2025-12-22T12:02:01.791552,1838.96,USD,"Ayala, Peterson and Brown",Utilities,0,
TX-EE53186E90BB,CUST-F777D3E0,2025-12-26T21:02:01.791552,1748.63,USD,"Williams, Cole and Moore",Food,0,
TX-E2C13611FC01,CUST-F777D3E0,2025-12-30T08:02:01.791552,957.52,USD,Brown-Ramirez,Travel,0,
TX-53C315E40F60,CUST-F777D3E0,2026-01-01T17:02:01.791552,1136.0,USD,Garza Ltd,Food,0,
TX-F84A42B974F4,CUST-F777D3E0,2026-01-03T16:02:01.791552,700.18,USD,"Calhoun, Smith and Valdez",Travel,0,
TX-DAC9AAF622D5,CUST-F777D3E0,2026-01-06T12:02:01.791552,369.42,USD,"Scott, Bell and Duffy",Travel,0,
TX-DE9EECFA91BE,CUST-F777D3E0,2026-01-09T07:02:01.791552,391.12,USD,Brown LLC,Retail,0,
TX-E61CA6C55F94,CUST-F777D3E0,2026-01-13T08:02:01.791552,187.11,USD,Miles-Smith,Travel,0,
TX-9C236EF41978,CUST-F777D3E0,2026-01-17T06:02:01.791552,1551.87,USD,Carson-Greene,Travel,0,
TX-6E1E3EDC048D,CUST-F777D3E0,2026-01-22T05:02:01.791552,315.46,USD,Hines-Ewing,Travel,0,
TX-F8FB42277942,CUST-F777D3E0,2026-01-22T16:02:01.791552,1586.72,USD,Rivera LLC,Retail,0,
TX-05DB0A432805,CUST-C38080C1,2025-11-16T19:02:01.791552,1055.85,USD,Bryant-Mack,Retail,0,
TX-8F7D2A8A26E6,CUST-C38080C1,2025-11-17T02:02:01.791552,1250.21,USD,Patrick LLC,Food,0,
TX-38F15DC40945,CUST-C38080C1,2025-11-19T07:02:01.791552,496.43,USD,Fox-Conner,Travel,0,
TX-F057930ABE99,CUST-C38080C1,2025-11-19T13:02:01.791552,836.97,USD,Todd Group,Travel,0,
TX-8DEDE000C6EA,CUST-C38080C1,2025-11-22T20:02:01.791552,776.89,USD,"Ward, Lynn and Bradford",Food,0,
TX-C5158A076F57,CUST-C38080C1,2025-11-25T09:02:01.791552,722.0,USD,"Patterson, Matthews and Dean",Travel,0,
TX-6F00C5990492,CUST-C38080C1,2025-11-26T16:02:01.791552,719.87,USD,Smith LLC,Travel,0,
TX-24F6FD2E84BD,CUST-C38080C1,2025-11-28T02:02:01.791552,767.24,USD,"Rose, Johnston and Murray",Retail,0,
TX-57EBDA98FF50,CUST-C38080C1,2025-11-30T20:02:01.791552,32.55,USD,Flowers-Bailey,Retail,0,
TX-70A6B001B446,CUST-C38080C1,2025-12-01T06:02:01.791552,1260.01,USD,Wang-Williamson,Retail,0,
TX-AF0FC04B12EA,CUST-C38080C1,2025-12-02T11:02:01.791552,1978.9,USD,"Sanders, Holt and Johnson",Retail,0,
TX-0D2957C39ACB,CUST-08CE50A6,2025-11-16T19:02:01.791552,1007.4,USD,"Espinoza, Smith and Larson",Food,0,
TX-394A89D8B8DD,CUST-08CE50A6,2025-11-18T00:02:01.791552,573.09,USD,"Morgan, Castro and Adams",Retail,0,
TX-17696BDD5949,CUST-08CE50A6,2025-11-22T00:02:01.791552,785.53,USD,Young-Jones,Retail,0,
TX-F02F8F516E80,CUST-08CE50A6,2025-11-22T16:02:01.791552,1559.2,USD,"Lyons, Hernandez and Edwards",Utilities,0,
TX-86E1ADDF4349,CUST-08CE50A6,2025-11-25T01:02:01.791552,22.08,USD,"White, Weber and Jackson",Food,0,
TX-7F0026CA5371,CUST-08CE50A6,2025-11-29T13:02:01.791552,1101.2,USD,Anderson LLC,Food,0,
TX-8651B8AF165F,CUST-08CE50A6,2025-12-02T15:02:01.791552,189.59,USD,"Sandoval, Greene and Johnson",Travel,0,
TX-ABADCB125402,CUST-08CE50A6,2025-12-05T00:02:01.791552,1674.71,USD,"Woods, Kim and Wade",Travel,0,
TX-46B46AD7A7C2,CUST-08CE50A6,2025-12-05T14:02:01.791552,315.01,USD,Lindsey-Martinez,Utilities,0,
TX-535B115FF091,CUST-08CE50A6,2025-12-06T11:02:01.791552,1983.57,USD,Long-Hunt,Food,0,
TX-3B5EED71FA8F,CUST-08CE50A6,2025-12-08T15:02:01.791552,1806.12,USD,Robles-Roberts,Utilities,0,
TX-910D2E489F39,CUST-08CE50A6,2025-12-13T07:02:01.791552,1490.86,USD,Atkinson-Nixon,Retail,0,
TX-DE6021C6E549,CUST-08CE50A6,2025-12-17T12:02:01.791552,1256.47,USD,Gonzales and Sons,Food,0,
TX-BBD8C7401F88,CUST-08CE50A6,2025-12-19T05:02:01.791552,385.81,USD,Strickland and Sons,Retail,0,
TX-AC7E4DE003DA,CUST-08CE50A6,2025-12-23T00:02:01.791552,799.88,USD,Clark and Sons,Food,0,
TX-C973ABA52491,CUST-08CE50A6,2025-12-25T20:02:01.791552,946.18,USD,"Park, Kim and Love",Retail,0,
TX-FBB37F91166C,CUST-08CE50A6,2025-12-29T23:02:01.791552,1175.88,USD,Baker Ltd,Utilities,0,
TX-91E094B2608C,CUST-08CE50A6,2025-12-31T05:02:01.791552,1157.34,USD,"Stevenson, Howell and Jenkins",Retail,0,
TX-333BBDD7B4E6,CUST-08CE50A6,2025-12-31T10:02:01.791552,1106.96,USD,Green Group,Utilities,0,
TX-76A54DFC1400,CUST-08CE50A6,2026-01-04T23:02:01.791552,1206.3,USD,Owen Inc,Food,0,
TX-F40F7B921211,CUST-08CE50A6,2026-01-06T01:02:01.791552,773.78,USD,Wright Group,Utilities,0,
TX-78D6872F0F90,CUST-08CE50A6,2026-01-07T04:02:01.791552,1904.06,USD,Vega Inc,Food,0,
TX-386E33EACE48,CUST-08CE50A6,2026-01-11T10:02:01.791552,1664.28,USD,"Dominguez, Dodson and Davidson",Food,0,
TX-F6FFAA0A0B9D,CUST-08CE50A6,2026-01-16T01:02:01.791552,1288.56,USD,"Garza, Graham and Perkins",Retail,0,
TX-9DDFD4092A67,CUST-08CE50A6,2026-01-19T09:02:01.791552,770.17,USD,Estes PLC,Retail,0,
TX-EB19F27CC563,CUST-08CE50A6,2026-01-21T11:02:01.791552,57.79,USD,Wheeler Group,Food,0,
TX-93BB1219D270,CUST-08CE50A6,2026-01-22T17:02:01.791552,688.17,USD,"Blackwell, Johnson and Cobb",Retail,0,
TX-19A961469CDB,CUST-08CE50A6,2026-01-26T12:02:01.791552,487.72,USD,Pennington-Hernandez,Food,0,
TX-74F8845F4D83,CUST-08CE50A6,2026-01-31T04:02:01.791552,128.92,USD,"Ruiz, Smith and Villanueva",Food,0,
TX-323E4D5A1789,CUST-D2B2749D,2025-11-14T13:02:01.791552,1199.22,USD,"Pace, Moore and Davis",Travel,0,
TX-3B9908629315,CUST-D2B2749D,2025-11-15T15:02:01.791552,582.99,USD,Mcdonald-Sanchez,Retail,0,
TX-BC41779007DC,CUST-D2B2749D,2025-11-17T22:02:01.791552,906.53,USD,Mcguire LLC,Food,0,
TX-3F42A0A32178,CUST-D2B2749D,2025-11-18T01:02:01.791552,589.24,USD,"Olson, Carter and Blake",Utilities,0,
TX-D8278EA0E744,CUST-D2B2749D,2025-11-20T03:02:01.791552,1030.32,USD,Scott and Sons,Travel,0,
TX-DE320A5E1CA9,CUST-D2B2749D,2025-11-24T16:02:01.791552,1168.27,USD,Waters Ltd,Food,0,
TX-3FC93465072D,CUST-D2B2749D,2025-11-27T03:02:01.791552,337.73,USD,"Watkins, Ford and Russell",Food,0,
TX-34EB9F56D790,CUST-D2B2749D,2025-11-30T11:02:01.791552,588.84,USD,Pugh and Sons,Food,0,
TX-8B5B85214C88,CUST-D2B2749D,2025-12-01T06:02:01.791552,1587.68,USD,Foster and Sons,Retail,0,
TX-537E5083E528,CUST-D2B2749D,2025-12-04T06:02:01.791552,1508.02,USD,Brady-Benton,Food,0,
TX-10C8B0C438AF,CUST-D2B2749D,2025-12-04T17:02:01.791552,1840.8,USD,Powell-Obrien,Travel,0,
TX-83C49C8E2FC8,CUST-D2B2749D,2025-12-06T07:02:01.791552,1320.44,USD,"Mclaughlin, Freeman and Valencia",Food,0,
TX-9546F9A01BCD,CUST-D2B2749D,2025-12-11T07:02:01.791552,96.53,USD,Vincent-Henry,Travel,0,
TX-D93CCB570D30,CUST-D2B2749D,2025-12-15T21:02:01.791552,1015.8,USD,Lee-Duke,Travel,0,
TX-5B778A40C32B,CUST-E811444B,2025-11-15T22:02:01.791552,1862.23,USD,"Marshall, Edwards and Bell",Utilities,0,
TX-9EAF53C32F4F,CUST-E811444B,2025-11-17T22:02:01.791552,667.98,USD,Hebert Inc,Utilities,0,
TX-9CE1D8C821E6,CUST-E811444B,2025-11-18T02:02:01.791552,225.98,USD,Long-Lin,Retail,0,
TX-0492C383E36F,CUST-E811444B,2025-11-22T21:02:01.791552,718.9,USD,"Thomas, Howard and Lozano",Travel,0,
TX-B09B30FA39FE,CUST-E811444B,2025-11-27T08:02:01.791552,613.82,USD,Chandler-Palmer,Retail,0,
TX-FD5BC33A0358,CUST-E811444B,2025-11-28T23:02:01.791552,1567.13,USD,White-Jones,Utilities,0,
TX-4AFCFA229290,CUST-E811444B,2025-12-01T21:02:01.791552,1857.18,USD,Kaufman-Stewart,Retail,0,
TX-03C42CA30555,CUST-E811444B,2025-12-03T01:02:01.791552,79.31,USD,"Kim, Smith and Rivera",Utilities,0,
TX-52BF0F38A855,CUST-E811444B,2025-12-03T10:02:01.791552,706.99,USD,"Spencer, Dixon and Solomon",Retail,0,
TX-4F1BD9B6EB87,CUST-E811444B,2025-12-07T14:02:01.791552,595.78,USD,Bishop and Sons,Food,0,
TX-DA3CC9A6736A,CUST-E811444B,2025-12-10T20:02:01.791552,1558.76,USD,Allen Ltd,Utilities,0,
TX-64EE94E3CE13,CUST-E811444B,2025-12-13T23:02:01.791552,739.18,USD,Graham-Adams,Retail,0,
TX-D6F1BEEA8086,CUST-E811444B,2025-12-18T04:02:01.791552,132.1,USD,Johnson-Anderson,Retail,0,
TX-14A8655B06B1,CUST-E811444B,2025-12-22T04:02:01.791552,180.73,USD,Moore PLC,Utilities,0,
TX-39ABD771EDE1,CUST-E811444B,2025-12-24T13:02:01.791552,1381.78,USD,Herrera-Kelly,Retail,0,
TX-8235E2E880F6,CUST-E811444B,2025-12-27T12:02:01.791552,1389.04,USD,Berry and Sons,Travel,0,
TX-6DD083366843,CUST-E811444B,2026-01-01T07:02:01.791552,1433.96,USD,"Munoz, Vaughn and Gibson",Utilities,0,
TX-974930142E3E,CUST-E811444B,2026-01-02T14:02:01.791552,1955.2,USD,Luna-Taylor,Retail,0,
TX-C56A64225580,CUST-E811444B,2026-01-03T16:02:01.791552,1932.12,USD,Costa Group,Retail,0,
TX-92A8196B4350,CUST-E811444B,2026-01-08T12:02:01.791552,241.14,USD,Stuart Ltd,Travel,0,
TX-C6DF28A7C613,CUST-E811444B,2026-01-11T00:02:01.791552,1163.9,USD,Frank Ltd,Food,0,
TX-1488B933E00B,CUST-E811444B,2026-01-14T08:02:01.791552,609.44,USD,Graham Inc,Travel,0,
TX-5C0E7C11C696,CUST-E811444B,2026-01-14T13:02:01.791552,877.78,USD,Herman Group,Travel,0,
TX-97B6ABB42F54,CUST-E811444B,2026-01-17T14:02:01.791552,167.58,USD,Coffey-Thomas,Travel,0,
TX-E82861372D78,CUST-E811444B,2026-01-20T07:02:01.791552,841.89,USD,Garrett PLC,Utilities,0,
TX-2E40E4568CD7,CUST-E811444B,2026-01-20T23:02:01.791552,441.96,USD,Perkins Inc,Food,0,
TX-80D1122D6C41,CUST-E811444B,2026-01-21T16:02:01.791552,1075.63,USD,Hudson LLC,Travel,0,
TX-301103BBE001,CUST-E811444B,2026-01-26T12:02:01.791552,772.44,USD,"Clark, Harrison and Medina",Retail,0,
TX-2BB6047CCF60,CUST-E811444B,2026-01-27T22:02:01.791552,757.67,USD,Payne-Parsons,Utilities,0,
TX-E2F744C0A5AF,CUST-E811444B,2026-01-28T00:02:01.791552,1000.47,USD,Silva LLC,Food,0,
TX-308B7532DC37,CUST-E811444B,2026-02-01T18:02:01.791552,946.73,USD,Walker-Wheeler,Utilities,0,
TX-5C0FDC809680,CUST-E811444B,2026-02-03T03:02:01.791552,1668.86,USD,Lynch Inc,Retail,0,
TX-34BD62AC8EA5,CUST-E811444B,2026-02-05T14:02:01.791552,1996.65,USD,Howard-Callahan,Utilities,0,
TX-5B9A3404267C,CUST-0410D6BD,2025-11-17T22:02:01.791552,1883.45,USD,Quinn Inc,Retail,0,
TX-61D663246B23,CUST-0410D6BD,2025-11-21T16:02:01.791552,50.63,USD,Reid and Sons,Food,0,
TX-7C76E0A2EE2B,CUST-0410D6BD,2025-11-22T14:02:01.791552,480.31,USD,"Nelson, Campbell and Turner",Food,0,
TX-18745C5AD71E,CUST-0410D6BD,2025-11-23T20:02:01.791552,1999.66,USD,"Holland, Davis and Lambert",Travel,0,
TX-C4C8FAD837C5,CUST-0410D6BD,2025-11-26T15:02:01.791552,732.13,USD,Liu-Warner,Food,0,
TX-3EDFDC705D85,CUST-0410D6BD,2025-11-28T21:02:01.791552,1240.93,USD,Cross Inc,Travel,0,
TX-222A575AF878,CUST-0410D6BD,2025-11-29T07:02:01.791552,293.7,USD,Russell-Luna,Food,0,
TX-A8B242B5E194,CUST-0410D6BD,2025-12-01T05:02:01.791552,1556.67,USD,"Walker, Kane and Crawford",Food,0,
TX-116883675E13,CUST-0410D6BD,2025-12-01T11:02:01.791552,292.41,USD,"Pennington, Myers and Marshall",Retail,0,
TX-B696F30181EB,CUST-0410D6BD,2025-12-06T02:02:01.791552,1611.02,USD,Thompson PLC,Utilities,0,
TX-FC79F75224A7,CUST-0410D6BD,2025-12-07T16:02:01.791552,75.15,USD,"Cooper, Melendez and Nguyen",Retail,0,
TX-B21BF0AD166B,CUST-0410D6BD,2025-12-12T15:02:01.791552,607.43,USD,"Clark, Stephens and Jones",Retail,0,
TX-1FC4E9F83943,CUST-0410D6BD,2025-12-16T17:02:01.791552,1930.06,USD,"Guerra, Kemp and Price",Retail,0,
TX-4847579BFA85,CUST-0410D6BD,2025-12-19T23:02:01.791552,1533.24,USD,Craig PLC,Retail,0,
TX-7FF740385CE7,CUST-0410D6BD,2025-12-21T10:02:01.791552,561.21,USD,Cook-Mccoy,Food,0,
TX-CFB8E3EE4C49,CUST-0410D6BD,2025-12-25T14:02:01.791552,1674.34,USD,Hamilton-Atkinson,Utilities,0,
TX-E702A80F39C8,CUST-0410D6BD,2025-12-30T05:02:01.791552,1106.16,USD,"Lee, Brown and Martinez",Food,0,
TX-ABC42607DEFE,CUST-0410D6BD,2026-01-01T07:02:01.791552,443.46,USD,"Flowers, Graham and Silva",Utilities,0,
TX-35D86C0CC973,CUST-0410D6BD,2026-01-03T23:02:01.791552,1106.91,USD,"Moyer, Pacheco and Sutton",Retail,0,
TX-3189DC0BD9DA,CUST-0410D6BD,2026-01-08T10:02:01.791552,789.13,USD,Moore-Benitez,Food,0,
TX-4E7DC33003EB,CUST-0410D6BD,2026-01-12T19:02:01.791552,1698.84,USD,Cooley Group,Utilities,0,
TX-817E36F4AFFE,CUST-0410D6BD,2026-01-17T09:02:01.791552,884.7,USD,"Garcia, Cook and Mcguire",Travel,0,
TX-393AB0E4FC88,CUST-0410D6BD,2026-01-22T05:02:01.791552,112.26,USD,Brown and Sons,Travel,0,
TX-AC50A97A4369,CUST-0410D6BD,2026-01-22T18:02:01.791552,956.14,USD,Brown-Wright,Utilities,0,
TX-AFE3030A4294,CUST-0410D6BD,2026-01-27T03:02:01.791552,1537.88,USD,Robinson Group,Travel,0,
TX-7309F49EC1E1,CUST-0410D6BD,2026-01-31T12:02:01.791552,1079.2,USD,"Brady, White and Morgan",Food,0,
TX-BE59E41E207B,CUST-0410D6BD,2026-02-04T19:02:01.791552,314.04,USD,Cohen-Diaz,Food,0,
TX-0F96023C08C2,CUST-0410D6BD,2026-02-07T05:02:01.791552,983.42,USD,Charles-Taylor,Utilities,0,
TX-5CD173A3E2E2,CUST-0410D6BD,2026-02-11T22:02:01.791552,1600.77,USD,Ross-Gonzalez,Travel,0,
TX-83C29E63AF5D,CUST-18E98707,2025-11-16T22:02:01.791552,1660.71,USD,Bradley-Mckenzie,Utilities,0,
TX-07430ED45A32,CUST-18E98707,2025-11-21T03:02:01.791552,369.72,USD,"Douglas, Stewart and Jones",Food,0,
TX-7D7B529D3917,CUST-18E98707,2025-11-25T15:02:01.791552,1475.55,USD,Gonzalez and Sons,Utilities,0,
TX-209A2C20013B,CUST-18E98707,2025-11-27T19:02:01.791552,1181.76,USD,Smith-Mueller,Food,0,
TX-B078A902B120,CUST-18E98707,2025-12-01T14:02:01.791552,748.01,USD,Downs PLC,Food,0,
TX-FABD291C638B,CUST-18E98707,2025-12-05T12:02:01.791552,872.17,USD,"Garcia, Owens and Swanson",Travel,0,
TX-5D3283316070,CUST-18E98707,2025-12-10T02:02:01.791552,192.07,USD,Roberts-Nixon,Utilities,0,
TX-EC367040801E,CUST-18E98707,2025-12-13T09:02:01.791552,60.96,USD,Ramirez PLC,Utilities,0,
TX-6078BE09899B,CUST-18E98707,2025-12-14T23:02:01.791552,1873.28,USD,"Moore, Yates and Turner",Travel,0,
TX-9AEF370485A5,CUST-18E98707,2025-12-17T17:02:01.791552,1074.23,USD,Moss PLC,Food,0,
TX-9330DF03CB26,CUST-18E98707,2025-12-19T12:02:01.791552,657.31,USD,"Miller, Espinoza and Long",Retail,0,
TX-CE8384E24DAE,CUST-18E98707,2025-12-20T05:02:01.791552,1397.28,USD,"Rowland, Newton and Jackson",Food,0,
TX-D71EF5BE3F85,CUST-18E98707,2025-12-21T09:02:01.791552,1102.75,USD,Mccullough-Vargas,Travel,0,
TX-C818CAB0F77E,CUST-18E98707,2025-12-25T13:02:01.791552,106.15,USD,Miller-Fry,Utilities,0,
TX-4968CEEF6A0B,CUST-18E98707,2025-12-26T01:02:01.791552,434.36,USD,Simmons-Lopez,Food,0,
TX-34DB8E8B859E,CUST-18E98707,2025-12-28T02:02:01.791552,112.95,USD,Mcfarland LLC,Utilities,0,
TX-C6B1EEDC80C7,CUST-18E98707,2026-01-01T04:02:01.791552,1339.63,USD,Jones PLC,Travel,0,
TX-3A6DC654CAD4,CUST-18E98707,2026-01-04T16:02:01.791552,1232.67,USD,Fletcher PLC,Travel,0,
TX-01D816F00889,CUST-18E98707,2026-01-09T14:02:01.791552,629.41,USD,White-Stephens,Utilities,0,
TX-7D231D572796,CUST-18E98707,2026-01-14T04:02:01.791552,569.93,USD,"Adams, Stanley and Becker",Food,0,
TX-EE580FF8B1A0,CUST-18E98707,2026-01-15T20:02:01.791552,1939.17,USD,"Cardenas, Nelson and Silva",Retail,0,
TX-CC898294D31B,CUST-18E98707,2026-01-19T01:02:01.791552,906.15,USD,Hill Ltd,Retail,0,
TX-15D7D48E7BC1,CUST-18E98707,2026-01-19T04:02:01.791552,1919.09,USD,Russell-Bauer,Food,0,
TX-48D99B2E50C2,CUST-18E98707,2026-01-22T12:02:01.791552,463.99,USD,Carroll Ltd,Food,0,
TX-0AC44FE67EB7,CUST-18E98707,2026-01-24T19:02:01.791552,1223.86,USD,"Francis, English and Shea",Travel,0,
TX-188C6DDA816E,CUST-18E98707,2026-01-29T18:02:01.791552,299.4,USD,"Hawkins, Mendoza and Morales",Utilities,0,
TX-DD4B1F841B29,CUST-18E98707,2026-02-01T20:02:01.791552,1300.43,USD,Keith Group,Retail,0,
TX-86A53D6753C1,CUST-18E98707,2026-02-04T20:02:01.791552,642.09,USD,Prince-Jones,Utilities,0,
TX-BF261350AF3B,CUST-18E98707,2026-02-06T20:02:01.791552,1502.3,USD,"Schultz, Mcdonald and Lopez",Retail,0,
TX-198ECDFD76C9,CUST-18E98707,2026-02-07T09:02:01.791552,1259.83,USD,"Peterson, George and Anderson",Travel,0,
TX-DDC71941737E,CUST-18E98707,2026-02-08T08:02:01.791552,1041.64,USD,"Norman, Castro and Marshall",Retail,0,
TX-0907B87713DB,CUST-18E98707,2026-02-09T14:02:01.791552,455.59,USD,Anderson-Clarke,Utilities,0,
TX-58BB206F34CA,CUST-710B11B6,2025-11-17T04:02:01.791552,440.4,USD,Dudley Ltd,Utilities,0,
TX-B60066C345D7,CUST-710B11B6,2025-11-19T05:02:01.791552,628.61,USD,"Fisher, Cannon and Torres",Food,0,
TX-1231EA09DA36,CUST-710B11B6,2025-11-24T02:02:01.791552,521.05,USD,Murphy Ltd,Travel,0,
TX-1FEC1DA37F65,CUST-710B11B6,2025-11-27T00:02:01.791552,1527.48,USD,Pierce-Mendoza,Travel,0,
TX-5CB5665A67E5,CUST-710B11B6,2025-11-27T10:02:01.791552,361.34,USD,Barton Group,Utilities,0,
TX-B86155B4CE48,CUST-710B11B6,2025-11-29T12:02:01.791552,1937.5,USD,Ochoa Inc,Retail,0,
TX-625347348E47,CUST-FC37BD9E,2025-11-15T11:02:01.791552,914.03,USD,Steele PLC,Food,0,
TX-21FBF6B272F0,CUST-FC37BD9E,2025-11-19T04:02:01.791552,1789.21,USD,"Snyder, Cole and Maxwell",Utilities,0,
TX-7568353600EF,CUST-FC37BD9E,2025-11-23T03:02:01.791552,1375.86,USD,"Austin, Simon and Atkinson",Travel,0,
TX-0857F7052E00,CUST-FC37BD9E,2025-11-26T14:02:01.791552,947.49,USD,"Valdez, Mclean and Singh",Travel,0,
TX-377F7CAE5EE1,CUST-FC37BD9E,2025-11-28T04:02:01.791552,1412.86,USD,Rodriguez Inc,Travel,0,
TX-912DB4865AC6,CUST-CB9398EC,2025-11-14T04:02:01.791552,454.73,USD,Pennington LLC,Utilities,0,
TX-4BF14E2272B1,CUST-CB9398EC,2025-11-16T17:02:01.791552,556.27,USD,Myers-Nelson,Food,0,
TX-A9E40AA4AB72,CUST-CB9398EC,2025-11-18T03:02:01.791552,1167.83,USD,Johnson PLC,Travel,0,
TX-51D0EB6DED29,CUST-CB9398EC,2025-11-19T22:02:01.791552,740.08,USD,Garza Ltd,Travel,0,
TX-77C6E6F9C014,CUST-CB9398EC,2025-11-20T17:02:01.791552,117.29,USD,Ellis-Brown,Retail,0,
TX-21F07A559278,CUST-CB9398EC,2025-11-23T06:02:01.791552,1434.16,USD,Glass PLC,Food,0,
TX-2D1E7E8B1C25,CUST-CB9398EC,2025-11-24T16:02:01.791552,158.65,USD,Smith and Sons,Utilities,0,
TX-2A3A8641A40A,CUST-CB9398EC,2025-11-26T14:02:01.791552,1834.08,USD,Johnson LLC,Retail,0,
TX-9DE687849488,CUST-CB9398EC,2025-11-30T21:02:01.791552,1952.37,USD,Graves Group,Food,0,
TX-A91F97709DE4,CUST-CB9398EC,2025-12-05T20:02:01.791552,174.16,USD,Foster-Mclaughlin,Travel,0,
TX-3F49DA66D392,CUST-CB9398EC,2025-12-08T04:02:01.791552,1373.41,USD,Roberts-Kelly,Utilities,0,
TX-C963AB77AC19,CUST-CB9398EC,2025-12-09T21:02:01.791552,135.24,USD,"Johnson, Adams and Brown",Travel,0,
TX-22EC6EAB2ADE,CUST-CB9398EC,2025-12-12T10:02:01.791552,797.41,USD,Wilson-Jackson,Retail,0,
TX-E9EA80DD634C,CUST-CB9398EC,2025-12-15T01:02:01.791552,599.28,USD,"Turner, Fernandez and Martin",Food,0,
TX-F35F2D5F2279,CUST-CB9398EC,2025-12-19T22:02:01.791552,811.4,USD,Lewis-Gutierrez,Food,0,
TX-D9F0333B8F3F,CUST-6CCF396C,2025-11-15T03:02:01.791552,1846.48,USD,"Smith, Miller and Brown",Food,0,
TX-C05D533F6863,CUST-6CCF396C,2025-11-15T14:02:01.791552,30.25,USD,"Garcia, Martin and Cain",Utilities,0,
TX-B31BD3338F99,CUST-6CCF396C,2025-11-20T08:02:01.791552,733.84,USD,Wright-Rodriguez,Food,0,
TX-9856F535EBFC,CUST-6CCF396C,2025-11-25T05:02:01.791552,592.36,USD,Clark Ltd,Food,0,
TX-E0B6B081D3DF,CUST-6CCF396C,2025-11-27T06:02:01.791552,1528.62,USD,Johnson-Jones,Utilities,0,
TX-9D879DAB6ABA,CUST-6CCF396C,2025-11-28T14:02:01.791552,1358.46,USD,Anderson-Barber,Utilities,0,
TX-FD871DE2CC84,CUST-6CCF396C,2025-12-02T06:02:01.791552,143.51,USD,"Kim, Dillon and Everett",Retail,0,
TX-EC8445EE8761,CUST-6CCF396C,2025-12-04T02:02:01.791552,355.56,USD,Brooks and Sons,Travel,0,
TX-562AAAF97974,CUST-6CCF396C,2025-12-06T07:02:01.791552,1593.52,USD,Martinez and Sons,Food,0,
TX-E73B2A8B5060,CUST-6CCF396C,2025-12-10T00:02:01.791552,1221.96,USD,"Barber, Marks and Schneider",Food,0,
TX-44470915E466,CUST-6CCF396C,2025-12-12T10:02:01.791552,1356.67,USD,Allison Ltd,Retail,0,
TX-8E4398DF7EFC,CUST-6CCF396C,2025-12-12T18:02:01.791552,309.26,USD,"Smith, Jones and Gardner",Travel,0,
TX-0D8CC777FCCF,CUST-6CCF396C,2025-12-16T21:02:01.791552,1042.8,USD,"Howell, Jones and Salazar",Travel,0,
TX-5372574EE36C,CUST-6CCF396C,2025-12-21T12:02:01.791552,357.99,USD,Miller Ltd,Utilities,0,
TX-9397E4ADBDCE,CUST-6CCF396C,2025-12-25T07:02:01.791552,1506.53,USD,"Duarte, Wood and Ballard",Food,0,
TX-B31EA685057B,CUST-6CCF396C,2025-12-26T15:02:01.791552,109.95,USD,"Kennedy, Gross and Reid",Retail,0,
TX-92B31D149F01,CUST-6CCF396C,2025-12-28T08:02:01.791552,437.74,USD,"Schroeder, Fernandez and Brady",Utilities,0,
TX-F88197785E00,CUST-6CCF396C,2026-01-01T09:02:01.791552,1283.5,USD,"James, Larson and Farrell",Travel,0,
TX-13B674A68B8E,CUST-6CCF396C,2026-01-05T08:02:01.791552,1952.96,USD,Hunter LLC,Retail,0,
TX-F45DA169DB17,CUST-6CCF396C,2026-01-09T08:02:01.791552,1089.2,USD,Saunders Inc,Retail,0,
TX-43439E8BDA1E,CUST-6CCF396C,2026-01-11T05:02:01.791552,1052.17,USD,Lambert LLC,Food,0,
TX-3D1B3029C18D,CUST-6CCF396C,2026-01-14T02:02:01.791552,478.6,USD,Chen LLC,Retail,0,
TX-2B95D686055A,CUST-6CCF396C,2026-01-17T01:02:01.791552,1487.68,USD,Leblanc-Ryan,Travel,0,
TX-652EF39C4F39,CUST-6CCF396C,2026-01-21T19:02:01.791552,58.14,USD,Li Ltd,Utilities,0,
TX-BCF13543D2FA,CUST-6CCF396C,2026-01-23T17:02:01.791552,1858.96,USD,Bean-Hanna,Food,0,
TX-4E1CCE644309,CUST-6CCF396C,2026-01-25T06:02:01.791552,468.11,USD,Williams-Green,Utilities,0,
TX-23EB12592C7A,CUST-6CCF396C,2026-01-29T06:02:01.791552,1595.52,USD,"Gonzalez, Simmons and Hodges",Utilities,0,
TX-CD51D330802C,CUST-6CCF396C,2026-01-31T17:02:01.791552,1129.84,USD,Hopkins Group,Utilities,0,
TX-F8C3D1E29C94,CUST-6CCF396C,2026-01-31T18:02:01.791552,492.37,USD,"Long, Moss and Perez",Retail,0,
TX-EEDA0041F322,CUST-6CCF396C,2026-02-05T08:02:01.791552,356.3,USD,Thompson-Smith,Retail,0,
TX-D87DCE2BD18C,CUST-6CCF396C,2026-02-07T04:02:01.791552,1128.36,USD,Dixon-Howe,Food,0,
TX-E2CE889C7DAD,CUST-6CCF396C,2026-02-07T09:02:01.791552,1254.82,USD,Kerr-White,Utilities,0,
TX-AA8AA7EF473A,CUST-6CCF396C,2026-02-09T21:02:01.791552,1145.03,USD,Garcia-Sanchez,Travel,0,
TX-D82B76DC1907,CUST-6CCF396C,2026-02-10T04:02:01.791552,1923.89,USD,"Wood, Scott and Fernandez",Retail,0,
TX-BEFC5DFBBAB2,CUST-9334C535,2025-11-18T19:02:01.791552,684.6,USD,Anderson-Casey,Travel,0,
TX-129F0BD6A445,CUST-9334C535,2025-11-22T10:02:01.791552,1303.51,USD,Gutierrez LLC,Travel,0,
TX-692C74879BF5,CUST-9334C535,2025-11-25T05:02:01.791552,774.43,USD,Ford Group,Travel,0,
TX-69EADCE1FDB0,CUST-9334C535,2025-11-26T08:02:01.791552,1214.16,USD,Franco-Owen,Food,0,
TX-4CD64035D061,CUST-9334C535,2025-11-30T00:02:01.791552,1250.75,USD,Bell PLC,Food,0,
TX-EAE6AC1E1FE8,CUST-9334C535,2025-12-04T19:02:01.791552,1343.09,USD,Mckee and Sons,Travel,0,
TX-9DB44EB0D74F,CUST-9334C535,2025-12-09T14:02:01.791552,542.88,USD,Moran-Roberts,Travel,0,
TX-713D5B580DA2,CUST-9334C535,2025-12-10T23:02:01.791552,1504.49,USD,Cobb Ltd,Food,0,
TX-492FC4DEEB85,CUST-9334C535,2025-12-11T07:02:01.791552,874.33,USD,Meyer-Jenkins,Food,0,
TX-CD6C30F71214,CUST-9334C535,2025-12-14T07:02:01.791552,298.94,USD,"Macdonald, Tran and Cruz",Utilities,0,
TX-C32CE73C040A,CUST-9334C535,2025-12-17T20:02:01.791552,438.24,USD,Lopez-Carter,Travel,0,
TX-D5340AD181A6,CUST-9334C535,2025-12-22T05:02:01.791552,533.31,USD,"Willis, Weaver and Benton",Utilities,0,
TX-2AA5D9535BFF,CUST-9334C535,2025-12-26T15:02:01.791552,701.29,USD,Lee-Rodriguez,Travel,0,
TX-FB9450DB7832,CUST-9334C535,2025-12-29T13:02:01.791552,1940.29,USD,Foster-Choi,Utilities,0,
TX-9526199A67DD,CUST-9334C535,2025-12-31T23:02:01.791552,699.52,USD,"Gates, Russell and Tran",Retail,0,
TX-96B99813282A,CUST-9334C535,2026-01-03T10:02:01.791552,970.07,USD,Reynolds-Clark,Retail,0,
TX-F63E40A3660A,CUST-9334C535,2026-01-07T12:02:01.791552,250.16,USD,"Nunez, Mayo and White",Travel,0,
TX-0A0040C029F0,CUST-9334C535,2026-01-11T05:02:01.791552,1423.24,USD,Le-Barron,Utilities,0,
TX-740A2D166E7A,CUST-9334C535,2026-01-15T19:02:01.791552,920.09,USD,Peterson and Sons,Food,0,
TX-09D916A98A90,CUST-9334C535,2026-01-18T19:02:01.791552,367.79,USD,"Adams, Marsh and Cohen",Food,0,
TX-D836922B3411,CUST-9334C535,2026-01-19T06:02:01.791552,1109.55,USD,Terry-Sloan,Retail,0,
TX-EA39E5F1413C,CUST-9334C535,2026-01-23T06:02:01.791552,1333.96,USD,"Hood, Walker and Ramirez",Food,0,
TX-DCAD4E547500,CUST-9334C535,2026-01-24T06:02:01.791552,1955.34,USD,"Kennedy, Cohen and Webster",Food,0,
TX-0A813C8F6D48,CUST-9334C535,2026-01-28T23:02:01.791552,1379.02,USD,Freeman-Weaver,Utilities,0,
TX-041D935A2880,CUST-9334C535,2026-02-01T08:02:01.791552,393.26,USD,Simmons Inc,Travel,0,
TX-9259F4A8F7E3,CUST-9334C535,2026-02-04T13:02:01.791552,662.1,USD,Vasquez-Rivera,Retail,0,
TX-E41166A29408,CUST-9334C535,2026-02-06T15:02:01.791552,900.29,USD,Holloway-Rodriguez,Utilities,0,
TX-F6A772AC8344,CUST-9334C535,2026-02-07T18:02:01.791552,343.79,USD,Franklin-Cook,Food,0,
TX-4DB6A122CDA8,CUST-9334C535,2026-02-11T10:02:01.791552,926.05,USD,"Booth, Pierce and Simmons",Utilities,0,
TX-FFDA3E82B10E,CUST-203C5F27,2025-11-18T02:02:01.791552,1170.73,USD,"Lane, Pena and Mason",Utilities,0,
TX-EAF5FB7F55D5,CUST-203C5F27,2025-11-20T12:02:01.791552,387.16,USD,Murphy PLC,Travel,0,
TX-6A608B98618A,CUST-203C5F27,2025-11-22T13:02:01.791552,1404.52,USD,Norris-Dickson,Travel,0,
TX-DA0353E64603,CUST-203C5F27,2025-11-25T03:02:01.791552,1089.74,USD,Williams LLC,Utilities,0,
TX-1D6BA6E6C803,CUST-203C5F27,2025-11-28T22:02:01.791552,360.19,USD,Robinson-Liu,Food,0,
TX-6ABAF57224D7,CUST-203C5F27,2025-12-02T18:02:01.791552,1847.85,USD,"Rogers, Swanson and Graves",Retail,0,
TX-DDF29D0D0595,CUST-203C5F27,2025-12-04T12:02:01.791552,811.41,USD,Martin-Johnson,Food,0,
TX-14BE46B554DC,CUST-203C5F27,2025-12-05T08:02:01.791552,1310.51,USD,Williams Ltd,Travel,0,
TX-BB31C6FE276B,CUST-203C5F27,2025-12-05T16:02:01.791552,1173.03,USD,"Cunningham, Hunt and Hall",Food,0,
TX-F75DFB9A3C4D,CUST-203C5F27,2025-12-09T11:02:01.791552,247.03,USD,Oneill Ltd,Utilities,0,
TX-03FB9CB24CE8,CUST-203C5F27,2025-12-11T11:02:01.791552,1434.53,USD,Gonzalez-Christensen,Food,0,
TX-B56177604A10,CUST-203C5F27,2025-12-16T00:02:01.791552,759.3,USD,Bryant-Freeman,Food,0,
TX-1ECC4E25F098,CUST-203C5F27,2025-12-20T11:02:01.791552,923.12,USD,"Andrade, Brown and Murphy",Food,0,
TX-6887E6070742,CUST-203C5F27,2025-12-24T13:02:01.791552,924.28,USD,Sawyer-Gomez,Travel,0,
TX-13FF64267A8B,CUST-203C5F27,2025-12-29T11:02:01.791552,1589.28,USD,"Sanchez, Vincent and Lewis",Utilities,0,
TX-1BC0A577CEC9,CUST-203C5F27,2025-12-30T22:02:01.791552,971.47,USD,"Miller, James and Rogers",Food,0,
TX-6CEC09FDC05A,CUST-203C5F27,2026-01-01T02:02:01.791552,1838.25,USD,"Mcclain, Atkins and Reyes",Utilities,0,
TX-1D310F00C27A,CUST-203C5F27,2026-01-05T00:02:01.791552,1803.32,USD,Richardson PLC,Food,0,
TX-70739534E3CF,CUST-203C5F27,2026-01-05T14:02:01.791552,1536.84,USD,Hayden Group,Utilities,0,
TX-A0AEDFFE0C52,CUST-203C5F27,2026-01-09T01:02:01.791552,1294.34,USD,"Brandt, Gomez and Lang",Food,0,
TX-FD7D37F02664,CUST-203C5F27,2026-01-09T22:02:01.791552,1986.3,USD,Rowland PLC,Retail,0,
TX-8456C9ECD6A8,CUST-203C5F27,2026-01-09T23:02:01.791552,817.39,USD,Wallace Ltd,Travel,0,
TX-AFB7F70054D8,CUST-203C5F27,2026-01-11T19:02:01.791552,1028.81,USD,Hunter LLC,Retail,0,
TX-B0917B7318CA,CUST-203C5F27,2026-01-16T06:02:01.791552,1815.87,USD,Mcdaniel and Sons,Utilities,0,
TX-9CEB529BD9D2,CUST-203C5F27,2026-01-18T03:02:01.791552,868.19,USD,Bautista-West,Food,0,
TX-E7803C5B07EB,CUST-203C5F27,2026-01-22T11:02:01.791552,1759.57,USD,"Clark, Suarez and Smith",Food,0,
TX-7E884220EAEE,CUST-203C5F27,2026-01-27T06:02:01.791552,255.14,USD,Fischer and Sons,Utilities,0,
TX-7DBB4EA797BF,CUST-203C5F27,2026-01-27T11:02:01.791552,300.73,USD,Harris-Compton,Travel,0,
TX-98FE064DBBD6,CUST-203C5F27,2026-01-31T00:02:01.791552,24.26,USD,Miller Group,Retail,0,
TX-65BA0306EB79,CUST-203C5F27,2026-02-04T07:02:01.791552,380.29,USD,"Francis, Brown and Flores",Utilities,0,
TX-2314993A962F,CUST-203C5F27,2026-02-04T15:02:01.791552,721.39,USD,"Martin, Perez and Miller",Food,0,
TX-397BA59BF58D,CUST-203C5F27,2026-02-08T23:02:01.791552,930.07,USD,Wilkerson Inc,Travel,0,
TX-EA4A85A2E270,CUST-97A0D2C2,2025-11-15T06:02:01.791552,1565.8,USD,Larson LLC,Food,0,
TX-3A3DF7589E4D,CUST-97A0D2C2,2025-11-19T22:02:01.791552,1018.6,USD,"Waters, Johnson and Murphy",Travel,0,
TX-8396B8580F03,CUST-97A0D2C2,2025-11-20T20:02:01.791552,1976.09,USD,Nichols-Walters,Food,0,
TX-F57A9C83AA3F,CUST-97A0D2C2,2025-11-23T03:02:01.791552,950.42,USD,Ramirez Group,Food,0,
TX-0F371CCE5942,CUST-97A0D2C2,2025-11-23T18:02:01.791552,716.05,USD,"Shaw, Sheppard and Salazar",Travel,0,
TX-7FBBEE144C29,CUST-97A0D2C2,2025-11-24T15:02:01.791552,262.41,USD,Nguyen-Herman,Travel,0,
TX-5506680D9504,CUST-97A0D2C2,2025-11-25T13:02:01.791552,1707.54,USD,Branch Ltd,Food,0,
TX-3AE66C994D27,CUST-97A0D2C2,2025-11-26T03:02:01.791552,551.4,USD,"Long, Burns and Morton",Retail,0,
TX-F76C9754A1A0,CUST-48154371,2025-11-14T20:02:01.791552,366.56,USD,Leon LLC,Travel,0,
TX-51CA4ED7AF7E,CUST-48154371,2025-11-17T03:02:01.791552,231.64,USD,"Blankenship, Mcdonald and Chan",Utilities,0,
TX-67D4593A8B74,CUST-48154371,2025-11-17T04:02:01.791552,1875.87,USD,Adams PLC,Utilities,0,
TX-979C5C354D18,CUST-48154371,2025-11-22T04:02:01.791552,1769.93,USD,Castillo-Murphy,Travel,0,
TX-F9C72DDE2926,CUST-48154371,2025-11-23T07:02:01.791552,1322.06,USD,"Estrada, Yang and Carson",Retail,0,
TX-48269068864B,CUST-48154371,2025-11-24T07:02:01.791552,946.44,USD,"Brown, Dougherty and Chavez",Food,0,
TX-D7D752911968,CUST-48154371,2025-11-24T20:02:01.791552,1285.6,USD,Murphy Inc,Utilities,0,
TX-3E8154093FF7,CUST-48154371,2025-11-29T05:02:01.791552,113.82,USD,"Ward, Conway and Wilson",Retail,0,
TX-76751B24E698,CUST-48154371,2025-12-03T04:02:01.791552,633.88,USD,Cummings Inc,Retail,0,
TX-DF3B917ABF04,CUST-48154371,2025-12-06T17:02:01.791552,289.59,USD,Patel PLC,Utilities,0,
TX-915BE2954E1A,CUST-48154371,2025-12-10T17:02:01.791552,1462.62,USD,Allen Ltd,Retail,0,
TX-337018A26FAE,CUST-48154371,2025-12-12T18:02:01.791552,933.11,USD,"Velasquez, Romero and Williams",Food,0,
TX-ACDA7426E5FB,CUST-48154371,2025-12-15T22:02:01.791552,1992.95,USD,Sharp-Reid,Utilities,0,
TX-E0B68C27914E,CUST-48154371,2025-12-16T14:02:01.791552,120.84,USD,Mccarty-Torres,Travel,0,
TX-83E29E4C9D83,CUST-48154371,2025-12-18T04:02:01.791552,655.21,USD,"Harmon, Moore and Johnson",Utilities,0,
TX-0BB1D2E5A177,CUST-48154371,2025-12-23T04:02:01.791552,425.18,USD,"Klein, Reilly and Arroyo",Food,0,
TX-82331F7B8683,CUST-48154371,2025-12-24T05:02:01.791552,1253.89,USD,Wood-Perez,Food,0,
TX-4DBF18E9BE5B,CUST-48154371,2025-12-28T20:02:01.791552,1355.66,USD,Smith-Morris,Retail,0,
TX-488C2D194A18,CUST-48154371,2026-01-01T14:02:01.791552,766.67,USD,Morris-Wilcox,Utilities,0,
TX-B2BA429F9D47,CUST-48154371,2026-01-01T15:02:01.791552,1533.3,USD,Shea-Nguyen,Utilities,0,
TX-2E325AA451CC,CUST-48154371,2026-01-05T17:02:01.791552,1939.8,USD,"Wright, Hayes and Hancock",Retail,0,
TX-CF74DF92AD1C,CUST-48154371,2026-01-07T05:02:01.791552,809.33,USD,Gonzalez-May,Utilities,0,
TX-EEF35D1F857E,CUST-48154371,2026-01-08T07:02:01.791552,671.34,USD,Alvarez-Lewis,Retail,0,
TX-7744444B3590,CUST-48154371,2026-01-08T16:02:01.791552,1185.09,USD,"Meyer, Baker and Lopez",Utilities,0,
TX-3AA1A44C99A5,CUST-48154371,2026-01-12T07:02:01.791552,106.44,USD,"Montes, Weaver and Bell",Retail,0,
TX-4D037854F59F,CUST-48154371,2026-01-15T21:02:01.791552,20.54,USD,Cordova PLC,Utilities,0,
TX-C8D96D8218C2,CUST-48154371,2026-01-16T08:02:01.791552,410.37,USD,Rodriguez LLC,Travel,0,
TX-45A641F9839F,CUST-48154371,2026-01-17T21:02:01.791552,426.57,USD,"Cole, Hernandez and Osborne",Travel,0,
TX-2FC9DFD554F8,CUST-48154371,2026-01-20T21:02:01.791552,163.64,USD,"Davis, Davis and Lee",Retail,0,
TX-38F9F2D299A0,CUST-48154371,2026-01-23T03:02:01.791552,1345.9,USD,"Joseph, Robinson and Kim",Food,0,
TX-BE8952129993,CUST-48154371,2026-01-24T19:02:01.791552,1515.22,USD,"Vaughan, Chan and Yoder",Utilities,0,
TX-783136D828BE,CUST-48154371,2026-01-27T11:02:01.791552,356.32,USD,"Fisher, Eaton and Graves",Food,0,
TX-7C97AB7E61D9,CUST-48154371,2026-01-28T08:02:01.791552,1375.49,USD,Lee Group,Food,0,
TX-B9991A509B1B,CUST-48154371,2026-01-30T19:02:01.791552,1687.68,USD,"Fowler, Young and Jackson",Utilities,0,
TX-E441AAFAD890,CUST-48154371,2026-02-01T04:02:01.791552,1992.94,USD,"Miller, Williams and Crosby",Food,0,
TX-EEECE05B7B1E,CUST-48154371,2026-02-05T13:02:01.791552,1486.8,USD,"Watkins, Adams and Contreras",Utilities,0,
TX-2E24D46F9771,CUST-48154371,2026-02-07T16:02:01.791552,191.53,USD,"Delacruz, Lopez and Little",Travel,0,
TX-0054562DEDA8,CUST-CB653242,2025-11-15T15:02:01.791552,758.03,USD,"Morales, Young and Richardson",Food,0,
TX-519924CB2A7D,CUST-CB653242,2025-11-16T07:02:01.791552,547.08,USD,"Harris, Jones and Mcclain",Utilities,0,
TX-8FBC6809F9B4,CUST-CB653242,2025-11-17T05:02:01.791552,1317.4,USD,"Pratt, Osborne and Stanley",Travel,0,
TX-E5BF78499930,CUST-CB653242,2025-11-18T02:02:01.791552,893.87,USD,"Ford, Christian and Hill",Food,0,
TX-F0D0D52D7167,CUST-CB653242,2025-11-18T17:02:01.791552,1542.64,USD,Ross Ltd,Food,0,
TX-EB536631ACCA,CUST-CB653242,2025-11-22T08:02:01.791552,833.05,USD,Bishop-Robinson,Travel,0,
TX-9E05667C3094,CUST-CB653242,2025-11-26T11:02:01.791552,814.03,USD,Martinez Group,Utilities,0,
TX-D48B9F91EDF2,CUST-CB653242,2025-11-29T09:02:01.791552,1482.71,USD,"Alvarez, Anderson and Robles",Retail,0,
TX-C83CA5C5B908,CUST-CB653242,2025-12-01T14:02:01.791552,1558.56,USD,Stone-Nelson,Food,0,
TX-EEFD79CD3CD9,CUST-CB653242,2025-12-04T21:02:01.791552,422.42,USD,Harris-White,Retail,0,
TX-540515BAC259,CUST-CB653242,2025-12-07T01:02:01.791552,391.83,USD,"Rojas, Hernandez and Lee",Utilities,0,
TX-EEFD8674A7C8,CUST-CB653242,2025-12-10T22:02:01.791552,1466.46,USD,Bonilla-Pena,Food,0,
TX-7EF62A135F4C,CUST-CB653242,2025-12-11T05:02:01.791552,475.39,USD,Green-Riley,Travel,0,
TX-D5643301E1E1,CUST-CB653242,2025-12-13T16:02:01.791552,18.68,USD,"Haley, Johnson and Davis",Food,0,
TX-100C659EDFCB,CUST-CB653242,2025-12-17T23:02:01.791552,1135.82,USD,Brown Inc,Food,0,
TX-E91E199A60D7,CUST-CB653242,2025-12-19T06:02:01.791552,603.37,USD,"Payne, Mullen and Fisher",Retail,0,
TX-4F18D0ABA0A8,CUST-CB653242,2025-12-22T02:02:01.791552,995.18,USD,Clark Group,Retail,0,
TX-AAD9E1BEA712,CUST-CB653242,2025-12-25T19:02:01.791552,984.32,USD,Harris-Tyler,Food,0,
TX-2E97276EC607,CUST-CB653242,2025-12-29T07:02:01.791552,1755.08,USD,"Chen, Singh and Lewis",Retail,0,
TX-E8143C6F1197,CUST-CB653242,2025-12-30T02:02:01.791552,685.25,USD,Woodward and Sons,Travel,0,
TX-A1B7AC298D11,CUST-CB653242,2025-12-30T23:02:01.791552,1217.76,USD,Hicks-Goodwin,Travel,0,
TX-02B77FE24735,CUST-CB653242,2025-12-31T21:02:01.791552,591.17,USD,Orozco and Sons,Food,0,
TX-F3AF4EA8FCB3,CUST-CB653242,2026-01-01T09:02:01.791552,427.46,USD,Ford LLC,Travel,0,
TX-1ADFB0296569,CUST-CB653242,2026-01-03T22:02:01.791552,700.19,USD,"Gilmore, Cox and Baker",Retail,0,
TX-99B0EB589EB9,CUST-CB653242,2026-01-08T00:02:01.791552,1150.53,USD,Gray-Parker,Utilities,0,
TX-E282A80F6385,CUST-CB653242,2026-01-08T16:02:01.791552,1014.09,USD,Gray Group,Travel,0,
TX-B3EFCBA4ABD5,CUST-CB653242,2026-01-12T23:02:01.791552,1991.41,USD,"Chambers, Quinn and Moore",Retail,0,
TX-E898CD81BA64,CUST-CB653242,2026-01-15T20:02:01.791552,1609.77,USD,"Haynes, Webb and Rogers",Food,0,
TX-827824A4EAEC,CUST-CB653242,2026-01-17T21:02:01.791552,422.52,USD,"Wong, Gomez and Baldwin",Food,0,
TX-E66B323F5B03,CUST-CB653242,2026-01-21T11:02:01.791552,1447.27,USD,Bright-Fisher,Travel,0,
TX-A3C4C4A4A0B7,CUST-CB653242,2026-01-25T02:02:01.791552,1440.48,USD,Hahn PLC,Utilities,0,
TX-909301BA6807,CUST-CB653242,2026-01-27T16:02:01.791552,432.95,USD,Daniel-Hess,Food,0,
TX-F58A0A8FCC65,CUST-CB653242,2026-01-31T14:02:01.791552,819.81,USD,Tran PLC,Travel,0,
TX-264031545A77,CUST-CB653242,2026-02-01T19:02:01.791552,943.61,USD,Reyes LLC,Retail,0,
TX-CBD289A1E8A5,CUST-CB653242,2026-02-03T22:02:01.791552,309.1,USD,Hall-Stephenson,Travel,0,
TX-B714DAD6EC45,CUST-CB653242,2026-02-08T15:02:01.791552,424.86,USD,Mann LLC,Food,0,
TX-5ED7E91B11F5,CUST-CB653242,2026-02-11T15:02:01.791552,502.05,USD,"Brown, Schroeder and Little",Travel,0,
TX-DD4A881B1660,CUST-3A91E957,2025-11-15T05:02:01.791552,923.32,USD,Mclean LLC,Utilities,0,
TX-6EAC459CF844,CUST-3A91E957,2025-11-20T00:02:01.791552,682.32,USD,Francis-Miles,Food,0,
TX-B2FB40CE66E4,CUST-3A91E957,2025-11-22T20:02:01.791552,343.51,USD,Smith-Henderson,Retail,0,
TX-2E976C8F3E7C,CUST-3A91E957,2025-11-26T13:02:01.791552,1361.17,USD,"Perez, Williams and Burns",Travel,0,
TX-D4AEB6E7741A,CUST-3A91E957,2025-11-30T01:02:01.791552,1829.93,USD,Barker-Richardson,Food,0,
TX-7C85465362FA,CUST-3A91E957,2025-12-04T02:02:01.791552,1484.44,USD,"Ruiz, Chandler and Evans",Travel,0,
TX-02B0E67873B3,CUST-3A91E957,2025-12-05T09:02:01.791552,1294.97,USD,"Allen, Campbell and Hanna",Travel,0,
TX-206E571749C6,CUST-3A91E957,2025-12-07T10:02:01.791552,1342.47,USD,Stewart-Reed,Retail,0,
TX-D274AC4D0DC9,CUST-3A91E957,2025-12-08T22:02:01.791552,797.48,USD,Brown LLC,Retail,0,
TX-5F29F297CA67,CUST-3A91E957,2025-12-11T03:02:01.791552,100.43,USD,Moreno PLC,Retail,0,
TX-16DEA524A1C7,CUST-3A91E957,2025-12-15T23:02:01.791552,190.63,USD,Holt-Martin,Travel,0,
TX-9B7222E4842D,CUST-3A91E957,2025-12-20T23:02:01.791552,1696.25,USD,Torres PLC,Food,0,
TX-E0F656FC6966,CUST-3A91E957,2025-12-23T18:02:01.791552,1111.97,USD,"Gonzalez, Graham and Bass",Travel,0,
TX-3AF8E5C48665,CUST-3A91E957,2025-12-26T09:02:01.791552,792.87,USD,Rogers and Sons,Travel,0,
TX-880CECCC133F,CUST-3A91E957,2025-12-26T16:02:01.791552,597.11,USD,"Forbes, Henson and Davis",Utilities,0,
TX-29E43E96BCEB,CUST-3A91E957,2025-12-28T09:02:01.791552,1371.13,USD,Roberts LLC,Travel,0,
TX-D72AAE14010F,CUST-3A91E957,2025-12-31T03:02:01.791552,1285.56,USD,"Bates, Brooks and Pierce",Retail,0,
TX-A322FE8A5018,CUST-3A91E957,2026-01-05T00:02:01.791552,992.12,USD,York Inc,Travel,0,
TX-9BB7E942649E,CUST-3A91E957,2026-01-08T22:02:01.791552,1984.81,USD,"Flores, Barker and Dunn",Retail,0,
TX-13873DBEB071,CUST-3A91E957,2026-01-13T11:02:01.791552,1985.1,USD,"Walls, Thompson and Li",Utilities,0,
TX-20476BC967FF,CUST-3A91E957,2026-01-17T00:02:01.791552,1578.16,USD,Mendoza-Anderson,Travel,0,
TX-1DED84CCF4B1,CUST-3A91E957,2026-01-20T08:02:01.791552,365.29,USD,"Bond, Miles and Davis",Food,0,
TX-7C7D49A054FB,CUST-3A91E957,2026-01-23T23:02:01.791552,1687.64,USD,Harris-Orozco,Retail,0,
TX-FA6A8ECC323B,CUST-3A91E957,2026-01-28T17:02:01.791552,1088.94,USD,Miller-Hughes,Travel,0,
TX-52694B700577,CUST-3A91E957,2026-01-29T08:02:01.791552,379.39,USD,Johnson LLC,Food,0,
TX-A583A6A60D14,CUST-3A91E957,2026-01-30T00:02:01.791552,1735.67,USD,"Richards, Webb and Ortiz",Utilities,0,
TX-FF7A4E5305E8,CUST-3A91E957,2026-01-31T03:02:01.791552,783.17,USD,"Thomas, Castillo and Avery",Food,0,
TX-E205861C7530,CUST-3A91E957,2026-02-04T10:02:01.791552,282.99,USD,Martinez and Sons,Utilities,0,
TX-17F657320EB4,CUST-3A91E957,2026-02-04T17:02:01.791552,1182.09,USD,"Hernandez, Lee and James",Retail,0,
TX-A379629948E5,CUST-3A91E957,2026-02-08T05:02:01.791552,106.78,USD,Powell-Jarvis,Travel,0,
TX-B7F1294CC476,CUST-1F240CEB,2026-01-07T01:03:41.791552,368.99,USD,Brown Group,Fraudulent,1,High Velocity
TX-883591999C81,CUST-1F240CEB,2026-01-07T01:05:02.791552,312.38,USD,"Baker, Brandt and Best",Fraudulent,1,High Velocity
TX-D38F68AD6B3F,CUST-1F240CEB,2026-01-07T01:07:00.791552,216.67,USD,Hickman-Lawrence,Fraudulent,1,High Velocity
TX-DB79CEBFB08C,CUST-1F240CEB,2026-01-07T01:09:50.791552,210.23,USD,Jones-Cook,Fraudulent,1,High Velocity
TX-164FF328A615,CUST-1F240CEB,2026-01-07T01:13:42.791552,374.69,USD,Hicks-Barnes,Fraudulent,1,High Velocity
TX-60851034D148,CUST-1F240CEB,2026-01-07T01:16:34.791552,273.53,USD,Smith and Sons,Fraudulent,1,High Velocity
TX-5F5A7CAFEEA8,CUST-1F240CEB,2026-01-07T01:18:47.791552,393.23,USD,"Hernandez, Lang and Zamora",Fraudulent,1,High Velocity
TX-065CF32D5E15,CUST-1F240CEB,2026-01-07T01:23:14.791552,405.46,USD,"Todd, Willis and Hall",Fraudulent,1,High Velocity
TX-ED16D19F21F5,CUST-1F240CEB,2026-01-07T01:25:22.791552,237.5,USD,Diaz-Walls,Fraudulent,1,High Velocity
TX-A30EDB40C2DD,CUST-1F240CEB,2026-01-07T01:26:10.791552,174.39,USD,"Johnson, Wright and Schaefer",Fraudulent,1,High Velocity
TX-370C1FC83B57,CUST-1F240CEB,2026-01-07T01:29:02.791552,419.15,USD,Johnson LLC,Fraudulent,1,High Velocity
TX-E27A94159174,CUST-1F240CEB,2026-01-07T01:31:10.791552,166.67,USD,Reyes-White,Fraudulent,1,High Velocity
TX-53195E909D18,CUST-1F240CEB,2026-01-07T01:31:54.791552,192.64,USD,Coffey LLC,Fraudulent,1,High Velocity
TX-E5D237A118E9,CUST-1F240CEB,2026-01-07T01:34:43.791552,413.6,USD,Diaz-Johnson,Fraudulent,1,High Velocity
